"ключ","ru","uz-Latn","en","где используется"
"ai.clinic.checking","Проверяем…","Tekshirilmoqda…","Checking…","src/features/ai/ClinicCoverage.tsx"
"ai.clinic.note","Предварительная оценка: решение по письму принимает врач.","Dastlabki baho: xat boʻyicha qarorni shifokor qabul qiladi.","Preliminary assessment: a doctor decides on the letter.","src/features/ai/ClinicCoverage.tsx"
"ai.clinic.title","Проверка покрытия","Qoplashni tekshirish","Coverage check","src/features/ai/ClinicCoverage.tsx"
"ai.clinic.unavailable","Проверка недоступна","Tekshiruv mavjud emas","Check unavailable","src/features/ai/ClinicCoverage.tsx"
"ai.hint.agree","Согласен","Roziman","Agree","src/features/ai/AiHint.tsx"
"ai.hint.clauses","Пункты: {list}","Bandlar: {list}","Clauses: {list}","src/features/ai/AiHint.tsx; src/features/ai/ClinicCoverage.tsx"
"ai.hint.codes","Коды:","Kodlar:","Codes:","src/features/ai/AiHint.tsx"
"ai.hint.disagree","Не согласен","Rozi emasman","Disagree","src/features/ai/AiHint.tsx"
"ai.hint.disagreeDescription","Комментарий поможет улучшить проверку покрытия.","Izoh qoplash tekshiruvini yaxshilashga yordam beradi.","A comment helps improve the coverage check.","src/features/ai/AiHint.tsx"
"ai.hint.disagreeTitle","Не согласен с подсказкой","Maslahatga rozi emasman","Disagree with the hint","src/features/ai/AiHint.tsx"
"ai.hint.loading","ИИ сопоставляет услугу с каталогом…","SI xizmatni katalog bilan solishtirmoqda…","AI is matching the service with the catalogue…","src/features/ai/AiHint.tsx"
"ai.hint.note","Подсказка не заполняет решение: решение принимаете вы.","Maslahat qarorni toʻldirmaydi: qarorni siz qabul qilasiz.","The hint does not fill in the decision: you decide.","src/features/ai/AiHint.tsx"
"ai.hint.proposed","Предлагаемый вердикт:","Taklif etilgan xulosa:","Proposed verdict:","src/features/ai/AiHint.tsx"
"ai.hint.ratedAgree","Ваша оценка: согласен","Sizning bahongiz: roziman","Your rating: agree","src/features/ai/AiHint.tsx"
"ai.hint.ratedDisagree","Ваша оценка: не согласен","Sizning bahongiz: rozi emasman","Your rating: disagree","src/features/ai/AiHint.tsx"
"ai.hint.thanks","Спасибо, оценка учтена","Rahmat, bahongiz hisobga olindi","Thank you, your rating is recorded","src/features/ai/AiHint.tsx"
"ai.hint.title","Подсказка ИИ","SI maslahati","AI hint","src/features/ai/AiHint.tsx"
"ai.hint.unavailable","Подсказка недоступна","Maslahat mavjud emas","Hint unavailable","src/features/ai/AiHint.tsx"
"ai.limit.available","Лимит доступен","Limit mavjud","Limit available","src/features/ai/labels.ts"
"ai.limit.exhausted","Лимит исчерпан","Limit tugagan","Limit exhausted","src/features/ai/labels.ts"
"ai.limit.low","Лимит на исходе","Limit tugab bormoqda","Limit running low","src/features/ai/labels.ts"
"ai.preliminary","Это предварительная оценка. Окончательное решение принимается при рассмотрении.","Bu dastlabki baho. Yakuniy qaror koʻrib chiqishda qabul qilinadi.","This is a preliminary assessment. The final decision is made during review.","src/features/ai/labels.ts"
"ai.provider.external","Внешний облачный провайдер","Tashqi bulut provayderi","External cloud provider","src/features/ai/settings.ts"
"ai.provider.local","Локальная модель на сервере МИГ","MIG serveridagi lokal model","Local model on the MIG server","src/features/ai/settings.ts"
"ai.provider.mock","Мок (словарь синонимов)","Mok (sinonimlar lugʻati)","Mock (synonym dictionary)","src/features/ai/settings.ts"
"ai.scenario.clinic","Клиника: ГП и реестр","Klinika: kafolat xati va reyestr","Clinic: GL and register","src/features/ai/settings.ts"
"ai.scenario.decision","Подсказки при решениях (МИГ и ассистанс)","Qarorlar uchun maslahatlar (MIG va assistans)","Hints for decisions (MIG and assistance company)","src/features/ai/settings.ts"
"ai.scenario.help","Справка: ответы на вопросы","Maʼlumotnoma: savollarga javoblar","Help: answers to questions","src/features/ai/settings.ts"
"ai.scenario.insured","Застрахованный в приложении","Ilovadagi sugʻurtalangan shaxs","Insured person in the app","src/features/ai/settings.ts"
"ai.scenario.rebill","Предпроверка счёта ассистанса","Assistans hisobini oldindan tekshirish","Pre-check of the assistance invoice","src/features/ai/settings.ts"
"ai.verdict.covered","Скорее всего покрывается","Ehtimol, qoplanadi","Most likely covered","src/features/ai/labels.ts"
"ai.verdict.excluded","Не покрывается программой","Dastur bilan qoplanmaydi","Not covered by the plan","src/features/ai/labels.ts"
"ai.verdict.limit_exhausted","Лимит исчерпан","Limit tugagan","Limit exhausted","src/features/ai/labels.ts"
"ai.verdict.needs_guarantee","Нужно гарантийное письмо, его запросит клиника","Kafolat xati kerak, uni klinika soʻraydi","A guarantee letter is needed; the clinic will request it","src/features/ai/labels.ts"
"ai.verdict.policy_inactive","Полис не действует на эту дату","Polis bu sanada amal qilmaydi","The policy is not active on this date","src/features/ai/labels.ts"
"ai.verdict.unknown","Нужна проверка специалиста","Mutaxassis tekshiruvi kerak","Specialist review needed","src/features/ai/pipeline.ts"
"ai.verdictShort.covered","Покрывается","Qoplanadi","Covered","src/features/ai/labels.ts"
"ai.verdictShort.excluded","Не покрывается","Qoplanmaydi","Not covered","src/features/ai/labels.ts"
"ai.verdictShort.limit_exhausted","Лимит исчерпан","Limit tugagan","Limit exhausted","src/features/ai/labels.ts"
"ai.verdictShort.needs_guarantee","Нужно ГП","Kafolat xati kerak","GL needed","src/features/ai/labels.ts"
"ai.verdictShort.policy_inactive","Полис не действует","Polis amal qilmaydi","Policy not active","src/features/ai/labels.ts"
"ai.verdictShort.unknown","Нужна проверка специалиста","Mutaxassis tekshiruvi kerak","Specialist review needed","src/features/ai/labels.ts"
"app.appointments.at","{date}, {time}","{date}, {time}","{date}, {time}","src/features/insured/pages/AppointmentsPage.tsx; src/features/insured/pages/HomePage.tsx"
"app.appointments.book","Записаться к врачу","Shifokor qabuliga yozilish","Book a doctor","src/features/insured/pages/AppointmentsPage.tsx"
"app.appointments.cancel","Отменить запись","Qabulni bekor qilish","Cancel appointment","src/features/insured/pages/AppointmentsPage.tsx"
"app.appointments.cancelConfirm","Отменить запись?","Qabul bekor qilinsinmi?","Cancel the appointment?","src/features/insured/pages/AppointmentsPage.tsx"
"app.appointments.cancelText","Клиника освободит это время. Записаться снова можно в любой момент.","Klinika bu vaqtni boʻshatadi. Istalgan payt qayta yozilishingiz mumkin.","The clinic will free up this time. You can book again at any time.","src/features/insured/pages/AppointmentsPage.tsx"
"app.appointments.cancelled","Запись отменена","Qabul bekor qilindi","Appointment cancelled","src/features/insured/pages/AppointmentsPage.tsx"
"app.appointments.empty","У вас пока нет записей","Sizda hozircha qabullar yoʻq","You have no appointments yet","src/features/insured/pages/AppointmentsPage.tsx"
"app.appointments.keep","Не отменять","Bekor qilmaslik","Keep it","src/features/insured/pages/AppointmentsPage.tsx"
"app.appointments.past","Прошедшие","Oʻtganlar","Past","src/features/insured/pages/AppointmentsPage.tsx"
"app.appointments.title","Мои записи","Mening qabullarim","My appointments","src/features/insured/pages/AppointmentsPage.tsx"
"app.appointments.upcoming","Предстоящие","Kelgusi","Upcoming","src/features/insured/pages/AppointmentsPage.tsx"
"app.appt.acceptProposal","Принять новое время","Yangi vaqtni qabul qilish","Accept new time","src/features/insured/pages/AppointmentsPage.tsx"
"app.appt.byClinic","Подтвердила клиника","Klinika tasdiqladi","Confirmed by the clinic","src/features/insured/pages/AppointmentsPage.tsx"
"app.appt.byOperator","Подтвердил оператор МИГ","MIG operatori tasdiqladi","Confirmed by a MIG operator","src/features/insured/pages/AppointmentsPage.tsx"
"app.appt.cancelled","Отменена","Bekor qilindi","Cancelled","src/features/insured/pages/AppointmentsPage.tsx"
"app.appt.completed","Состоялась","Boʻlib oʻtdi","Completed","src/features/insured/pages/AppointmentsPage.tsx"
"app.appt.confirmed","Подтверждена","Tasdiqlandi","Confirmed","src/features/insured/pages/AppointmentsPage.tsx"
"app.appt.declineReason","Причина: {reason}","Sabab: {reason}","Reason: {reason}","src/features/insured/pages/AppointmentsPage.tsx"
"app.appt.declined","Клиника отклонила","Klinika rad etdi","Declined by the clinic","src/features/insured/pages/AppointmentsPage.tsx"
"app.appt.proposalAccepted","Время изменено, запись подтверждена","Vaqt oʻzgartirildi, qabul tasdiqlandi","Time changed, appointment confirmed","src/features/insured/pages/AppointmentsPage.tsx"
"app.appt.proposed","Клиника предлагает другое время: {date}, {time}","Klinika boshqa vaqtni taklif qilmoqda: {date}, {time}","The clinic proposes another time: {date}, {time}","src/features/insured/pages/AppointmentsPage.tsx"
"app.appt.requested","Ждём подтверждения","Tasdiq kutilmoqda","Awaiting confirmation","src/features/insured/pages/AppointmentsPage.tsx"
"app.booking.booked","Вы записались к врачу","Siz shifokor qabuliga yozildingiz","You have booked a doctor","src/features/insured/pages/BookingPage.tsx"
"app.booking.chooseDay","День","Kun","Day","src/features/insured/pages/BookingPage.tsx"
"app.booking.chooseDoctor","К какому врачу?","Qaysi shifokorga?","Which doctor?","src/features/insured/pages/BookingPage.tsx"
"app.booking.clinic","Клиника","Klinika","Clinic","src/features/insured/pages/BookingPage.tsx"
"app.booking.clinicsNearby","Клиники рядом","Yaqin klinikalar","Clinics nearby","src/features/insured/pages/BookingPage.tsx"
"app.booking.confirmTitle","Проверьте запись","Qabulni tekshiring","Check your appointment","src/features/insured/pages/BookingPage.tsx"
"app.booking.doctor","Врач","Shifokor","Doctor","src/features/insured/pages/BookingPage.tsx"
"app.booking.fromClinic","Время из расписания клиники","Vaqt klinika jadvalidan olingan","Time from the clinic’s schedule","src/features/insured/pages/BookingPage.tsx"
"app.booking.limitWarn","На {category} осталось {amount}. Если приём дороже, разницу оплатите в клинике","{category} uchun {amount} qoldi. Qabul qimmatroq boʻlsa, farqini klinikada toʻlaysiz","{amount} left for {category}. If the visit costs more, you pay the difference at the clinic","src/features/insured/pages/BookingPage.tsx"
"app.booking.noSlots","Нет свободного времени в этот день","Bu kunda boʻsh vaqt yoʻq","No free time on this day","src/features/insured/pages/BookingPage.tsx"
"app.booking.pickSlot","Выберите клинику и время","Klinika va vaqtni tanlang","Choose a clinic and time","src/features/insured/pages/BookingPage.tsx"
"app.booking.slotsLabel","Свободное время в клинике {clinic}","{clinic} klinikasidagi boʻsh vaqt","Free time at {clinic}","src/features/insured/pages/BookingPage.tsx"
"app.booking.step1","Врач","Shifokor","Doctor","src/features/insured/pages/BookingPage.tsx"
"app.booking.step2","Когда и где","Qachon va qayerda","When and where","src/features/insured/pages/BookingPage.tsx"
"app.booking.step3","Подтверждение","Tasdiqlash","Confirmation","src/features/insured/pages/BookingPage.tsx"
"app.booking.submit","Записаться","Yozilish","Book","src/features/insured/pages/BookingPage.tsx"
"app.booking.success","Запись отправлена в клинику, подтверждение придёт уведомлением","Qabul soʻrovi klinikaga yuborildi, tasdiq bildirishnoma orqali keladi","The request has been sent to the clinic; you will be notified when it is confirmed","src/features/insured/pages/BookingPage.tsx"
"app.booking.successTitle","Готово!","Tayyor!","Done!","src/features/insured/pages/BookingPage.tsx"
"app.booking.summary","{clinic} · {time}, {day}","{clinic} · {time}, {day}","{clinic} · {time}, {day}","src/features/insured/pages/BookingPage.tsx"
"app.booking.title","Запись к врачу","Shifokor qabuliga yozilish","Doctor appointment","src/features/insured/pages/BookingPage.tsx"
"app.booking.toAppointments","Мои записи","Mening qabullarim","My appointments","src/features/insured/pages/BookingPage.tsx"
"app.booking.toHome","На главную","Asosiy sahifaga","Go to home","src/features/insured/pages/BookingPage.tsx"
"app.booking.when","Когда","Qachon","When","src/features/insured/pages/BookingPage.tsx"
"app.brand","MIG ДМС","MIG ITS","MIG VHI","src/features/insured/AuthShell.tsx"
"app.card.certificate","Сертификат","Sertifikat","Certificate","src/features/insured/pages/CardPage.tsx; src/features/insured/pages/FamilyPage.tsx; src/features/insured/pages/HomePage.tsx"
"app.card.hint","Покажите экран администратору клиники","Ekranni klinika administratoriga koʻrsating","Show this screen to the clinic reception","src/features/insured/pages/CardPage.tsx"
"app.card.policy","Полис","Polis","Policy","src/features/insured/pages/CardPage.tsx"
"app.card.program","Программа","Dastur","Plan","src/features/insured/pages/CardPage.tsx"
"app.card.qrAlt","QR-код для клиники","Klinika uchun QR-kod","QR code for the clinic","src/features/insured/pages/CardPage.tsx"
"app.card.refresh","Код обновится через {sec} с","Kod {sec} soniyadan keyin yangilanadi","The code refreshes in {sec} s","src/features/insured/pages/CardPage.tsx"
"app.card.shortCode","Если QR не считывается, продиктуйте код","QR oʻqilmasa, kodni aytib bering","If the QR code cannot be scanned, read out the code","src/features/insured/pages/CardPage.tsx"
"app.card.title","Карточка для клиники","Klinika uchun karta","Card for the clinic","src/features/insured/pages/CardPage.tsx"
"app.category.dental","Стоматология","Stomatologiya","Dentistry","src/features/insured/LimitsList.tsx; src/features/insured/pages/HomePage.tsx"
"app.category.inpatient","Стационар","Statsionar","Inpatient care","src/features/insured/LimitsList.tsx; src/features/insured/pages/HomePage.tsx"
"app.category.medicines","Лекарства","Dori-darmonlar","Medicines","src/features/insured/LimitsList.tsx; src/features/insured/pages/HomePage.tsx"
"app.category.outpatient","Амбулаторно","Ambulator yordam","Outpatient care","src/features/insured/LimitsList.tsx; src/features/insured/pages/HomePage.tsx"
"app.certificate.download","Скачать сертификат","Sertifikatni yuklab olish","Download certificate","src/features/insured/pages/CertificatePage.tsx"
"app.certificate.none","Сертификат появится, когда договор работодателя вступит в силу","Sertifikat ish beruvchingiz shartnomasi kuchga kirgach paydo boʻladi","The certificate will appear once your employer’s contract takes effect","src/features/insured/pages/CertificatePage.tsx"
"app.certificate.number","Номер сертификата","Sertifikat raqami","Certificate number","src/features/insured/pages/CertificatePage.tsx"
"app.certificate.title","Мой сертификат","Mening sertifikatim","My certificate","src/features/insured/pages/CertificatePage.tsx"
"app.chat.assistance","Отвечают операторы: {name}","Operatorlar javob beradi: {name}","Operators answering: {name}","src/features/insured/pages/ChatPage.tsx"
"app.chat.assistanceOperator","Оператор {name}","Operator {name}","Operator {name}",""
"app.chat.empty","Напишите нам — оператор ответит в течение пары минут","Bizga yozing — operator bir necha daqiqada javob beradi","Message us — an operator will reply within a couple of minutes","src/features/insured/pages/ChatPage.tsx"
"app.chat.limit","{n} / 1000","{n} / 1000","{n} / 1000","src/features/insured/pages/ChatPage.tsx"
"app.chat.messages","Сообщения","Xabarlar","Messages","src/features/insured/pages/ChatPage.tsx"
"app.chat.operator","Оператор MIG","MIG operatori","MIG operator","src/features/insured/pages/ChatPage.tsx"
"app.chat.placeholder","Сообщение","Xabar","Message","src/features/insured/pages/ChatPage.tsx"
"app.chat.send","Отправить","Yuborish","Send","src/features/insured/pages/ChatPage.tsx"
"app.chat.title","Чат с оператором","Operator bilan chat","Chat with an operator","src/features/insured/pages/ChatPage.tsx"
"app.chat.you","Вы","Siz","You","src/features/insured/pages/ChatPage.tsx"
"app.claimCat.dental","Стоматология","Stomatologiya","Dentistry","src/features/insured/pages/ClaimStatusPage.tsx; src/features/insured/pages/ClaimsPage.tsx; src/features/insured/pages/NewClaimPage.tsx"
"app.claimCat.diagnostics","Анализы","Tahlillar","Tests","src/features/insured/pages/ClaimStatusPage.tsx; src/features/insured/pages/ClaimsPage.tsx; src/features/insured/pages/NewClaimPage.tsx"
"app.claimCat.doctor_visit","Приём врача","Shifokor qabuli","Doctor visit","src/features/insured/pages/ClaimStatusPage.tsx; src/features/insured/pages/ClaimsPage.tsx; src/features/insured/pages/NewClaimPage.tsx"
"app.claimCat.inpatient","Стационар","Statsionar","Inpatient care","src/features/insured/pages/ClaimStatusPage.tsx; src/features/insured/pages/ClaimsPage.tsx; src/features/insured/pages/NewClaimPage.tsx"
"app.claimCat.medicines","Лекарства","Dori-darmonlar","Medicines","src/features/insured/pages/ClaimStatusPage.tsx; src/features/insured/pages/ClaimsPage.tsx; src/features/insured/pages/NewClaimPage.tsx"
"app.claimStatus.approved","Одобрено!","Tasdiqlandi!","Approved!","src/features/insured/components.tsx; src/features/insured/pages/ClaimStatusPage.tsx"
"app.claimStatus.checking","Проверяем","Tekshiryapmiz","Checking","src/features/insured/components.tsx; src/features/insured/pages/ClaimStatusPage.tsx"
"app.claimStatus.paid","Деньги на карте","Pul kartada","Money on your card","src/features/insured/components.tsx; src/features/insured/pages/ClaimStatusPage.tsx"
"app.claimStatus.received","Получили","Qabul qildik","Received","src/features/insured/components.tsx; src/features/insured/pages/ClaimStatusPage.tsx"
"app.claimStatus.rejected","Отказано","Rad etildi","Denied","src/features/insured/components.tsx; src/features/insured/pages/ClaimStatusPage.tsx"
"app.claimStep.approved","Одобрили","Tasdiqlandi","Approved","src/features/insured/pages/ClaimStatusPage.tsx"
"app.claimStep.checked","Проверили","Tekshirildi","Checked","src/features/insured/pages/ClaimStatusPage.tsx"
"app.claimStep.paid","Выплатили","Toʻlandi","Paid","src/features/insured/pages/ClaimStatusPage.tsx"
"app.claimStep.received","Получили","Qabul qilindi","Received","src/features/insured/pages/ClaimStatusPage.tsx"
"app.claims.empty","Здесь появятся ваши чеки на возмещение","Qoplash uchun yuborgan cheklaringiz shu yerda koʻrinadi","Your receipts for reimbursement will appear here","src/features/insured/pages/ClaimsPage.tsx"
"app.claims.new","Вернуть деньги за чек","Chek boʻyicha pulni qaytarish","Get money back for a receipt","src/features/insured/pages/ClaimsPage.tsx"
"app.claims.steps","Этапы возмещения","Qoplash bosqichlari","Reimbursement stages","src/features/insured/components.tsx"
"app.claims.title","Мои возмещения","Mening qoplashlarim","My reimbursements","src/features/insured/pages/ClaimsPage.tsx"
"app.clinics.all","Все","Hammasi","All","src/features/insured/pages/ClinicsPage.tsx"
"app.clinics.bookHere","Записаться сюда","Shu yerga yozilish","Book here","src/features/insured/pages/ClinicsPage.tsx"
"app.clinics.byPolicy","по полису","polis boʻyicha","covered by policy","src/features/insured/pages/ClinicsPage.tsx"
"app.clinics.empty","Нет клиник с таким врачом. Выберите другую специальность","Bunday shifokori bor klinika yoʻq. Boshqa mutaxassislikni tanlang","No clinics with this doctor. Choose another specialty","src/features/insured/pages/BookingPage.tsx; src/features/insured/pages/ClinicsPage.tsx"
"app.clinics.filter","Специальность","Mutaxassislik","Specialty","src/features/insured/pages/ClinicsPage.tsx"
"app.clinics.km","{km} км","{km} km","{km} km","src/features/insured/pages/BookingPage.tsx; src/features/insured/pages/ClinicsPage.tsx"
"app.clinics.title","Клиники","Klinikalar","Clinics","src/features/insured/pages/ClinicsPage.tsx"
"app.common.back","Назад","Orqaga","Back","src/features/insured/components.tsx"
"app.common.cancel","Отмена","Bekor qilish","Cancel","src/features/insured/FamilySettings.tsx; src/features/insured/pages/ClaimStatusPage.tsx; src/features/insured/pages/FamilyPage.tsx"
"app.common.close","Закрыть","Yopish","Close","src/features/insured/pages/HomePage.tsx"
"app.common.continue","Продолжить","Davom etish","Continue","src/features/insured/pages/BookingPage.tsx; src/features/insured/pages/NewClaimPage.tsx"
"app.common.edit","Изменить","Oʻzgartirish","Edit","src/features/insured/pages/NewClaimPage.tsx"
"app.common.loadError","Не удалось загрузить. Проверьте интернет и повторите","Yuklab boʻlmadi. Internetni tekshirib, qayta urinib koʻring","Could not load. Check your internet connection and try again","src/features/insured/components.tsx; src/features/insured/pages/ClaimStatusPage.tsx"
"app.common.loadErrorTitle","Не удалось загрузить данные","Maʼlumotlarni yuklab boʻlmadi","Could not load data","src/features/insured/components.tsx"
"app.common.loading","Загрузка","Yuklanmoqda","Loading","src/features/insured/components.tsx; src/features/insured/pages/ClaimStatusPage.tsx"
"app.common.retry","Повторить","Qayta urinish","Retry","src/features/insured/components.tsx"
"app.common.stepOf","Шаг {n} из {total}","{n}-qadam, jami {total} ta","Step {n} of {total}","src/features/insured/components.tsx"
"app.common.today","Сегодня","Bugun","Today","src/features/insured/lib.ts"
"app.common.tomorrow","Завтра","Ertaga","Tomorrow","src/features/insured/lib.ts"
"app.consent.checkbox","Я согласен(на) на обработку персональных данных","Shaxsga doir maʼlumotlarimni qayta ishlashga roziman","I consent to the processing of my personal data","src/features/insured/pages/ConsentPage.tsx"
"app.consent.continue","Продолжить","Davom etish","Continue","src/features/insured/pages/ConsentPage.tsx"
"app.consent.saved","Согласие сохранено","Rozilik saqlandi","Consent saved","src/features/insured/pages/ConsentPage.tsx"
"app.consent.text1","Mosaic Insurance Group обрабатывает ваши персональные данные (ФИО, телефон, ПИНФЛ, данные о полисе и обращениях) только для исполнения договора добровольного медицинского страхования.","Mosaic Insurance Group shaxsga doir maʼlumotlaringizni (F.I.Sh., telefon, JShShIR, polis va murojaatlar haqidagi maʼlumotlar) faqat ixtiyoriy tibbiy sugʻurta shartnomasini bajarish uchun qayta ishlaydi.","Mosaic Insurance Group processes your personal data (full name, phone, PINFL, policy and case details) only to perform the voluntary health insurance contract.","src/features/insured/pages/ConsentPage.tsx"
"app.consent.text2","Медицинские сведения доступны только врачам-экспертам MIG и не передаются вашему работодателю. Вы можете отозвать согласие, написав нам в чат.","Tibbiy maʼlumotlar faqat MIG ekspert shifokorlariga ochiq va ish beruvchingizga berilmaydi. Rozilikni chatda bizga yozib, qaytarib olishingiz mumkin.","Medical information is available only to MIG medical experts and is never shared with your employer. You can withdraw your consent by writing to us in the chat.","src/features/insured/pages/ConsentPage.tsx"
"app.consent.text3","Текст согласия является демонстрационной заглушкой.","Rozilik matni namoyish uchun vaqtinchalik qoʻyilgan.","This consent text is a demo placeholder.","src/features/insured/pages/ConsentPage.tsx"
"app.consent.title","Согласие на обработку данных","Maʼlumotlarni qayta ishlashga rozilik","Consent to data processing","src/features/insured/pages/ConsentPage.tsx"
"app.coverage.ask","Уточнить у ассистанса","Assistansdan soʻrash","Ask the assistance","src/features/insured/pages/CoveragePage.tsx"
"app.coverage.check","Проверить","Tekshirish","Check","src/features/insured/pages/CoveragePage.tsx"
"app.coverage.clause","Основание: {clause}","Asos: {clause}","Basis: {clause}","src/features/insured/pages/CoveragePage.tsx"
"app.coverage.disclaimer","Это предварительная оценка. Окончательное решение принимается при рассмотрении","Bu dastlabki baho. Yakuniy qaror koʻrib chiqish vaqtida qabul qilinadi","This is a preliminary estimate. The final decision is made during review","src/features/insured/pages/CoveragePage.tsx; src/features/insured/pages/NewClaimPage.tsx"
"app.coverage.err","Напишите услугу или лекарство","Xizmat yoki dori nomini yozing","Enter a service or medicine","src/features/insured/pages/CoveragePage.tsx"
"app.coverage.example.mri","МРТ колена","tizza MRT","Knee MRI","src/features/insured/pages/CoveragePage.tsx"
"app.coverage.example.nurofen","Нурофен","Nurofen","Nurofen","src/features/insured/pages/CoveragePage.tsx"
"app.coverage.example.teethCleaning","Чистка зубов","Tish tozalash","Teeth cleaning","src/features/insured/pages/CoveragePage.tsx"
"app.coverage.example.vitaminD","Витамин D","D vitamini","Vitamin D","src/features/insured/pages/CoveragePage.tsx"
"app.coverage.examples","Например","Masalan","For example","src/features/insured/pages/CoveragePage.tsx"
"app.coverage.expected","Ожидаем к возмещению около {amount}","Taxminan {amount} qaytarilishi kutilmoqda","Expected reimbursement about {amount}","src/features/insured/pages/NewClaimPage.tsx"
"app.coverage.field","Какая услуга или лекарство?","Qaysi xizmat yoki dori?","Which service or medicine?","src/features/insured/pages/CoveragePage.tsx"
"app.coverage.items","Позиции чека","Chek pozitsiyalari","Receipt items","src/features/insured/pages/NewClaimPage.tsx"
"app.coverage.limit","Осталось по лимиту «{category}»: {amount}","«{category}» limiti boʻyicha qoldiq: {amount}","Left on the “{category}” limit: {amount}","src/features/insured/pages/CoveragePage.tsx"
"app.coverage.off","Проверка временно недоступна, уточните у ассистанса","Tekshiruv vaqtincha ishlamayapti, assistansdan soʻrang","The check is temporarily unavailable; ask the assistance","src/features/insured/pages/CoveragePage.tsx"
"app.coverage.placeholder","Например, МРТ колена","Masalan, tizza MRT","For example, knee MRI","src/features/insured/pages/CoveragePage.tsx"
"app.coverage.question","Покрывается ли «{query}»?","«{query}» qoplanadimi?","Is “{query}” covered?","src/features/insured/pages/CoveragePage.tsx"
"app.coverage.r.check","уточним","aniqlaymiz","to be checked","src/features/insured/pages/NewClaimPage.tsx"
"app.coverage.r.no_refund","не вернём","qaytarmaymiz","no refund","src/features/insured/pages/NewClaimPage.tsx"
"app.coverage.r.refund","вернём","qaytaramiz","refund","src/features/insured/pages/NewClaimPage.tsx"
"app.coverage.removeNo","Убрать позиции «не вернём»","«Qaytarmaymiz» pozitsiyalarini olib tashlash","Remove “no refund” items","src/features/insured/pages/NewClaimPage.tsx"
"app.coverage.removed","Позиции убраны, сумма пересчитана","Pozitsiyalar olib tashlandi, summa qayta hisoblandi","Items removed, amount recalculated","src/features/insured/pages/NewClaimPage.tsx"
"app.coverage.title","Покрывается ли?","Qoplanadimi?","Is it covered?","src/features/help/routeMap.ts; src/features/insured/pages/CoveragePage.tsx"
"app.coverage.v.covered","Скорее всего покрывается","Katta ehtimol bilan qoplanadi","Most likely covered","src/features/insured/pages/CoveragePage.tsx"
"app.coverage.v.excluded","Не покрывается вашей программой","Dasturingiz boʻyicha qoplanmaydi","Not covered by your plan","src/features/insured/pages/CoveragePage.tsx"
"app.coverage.v.limit_exhausted","Лимит по этому виду помощи исчерпан","Ushbu yordam turi boʻyicha limit tugagan","The limit for this type of care is used up","src/features/insured/pages/CoveragePage.tsx"
"app.coverage.v.needs_guarantee","Нужно гарантийное письмо, его запросит клиника","Kafolat xati kerak, uni klinika soʻraydi","A guarantee letter is needed; the clinic will request it","src/features/insured/pages/CoveragePage.tsx"
"app.coverage.v.policy_inactive","Полис не действует на эту дату","Polis bu sanada amal qilmaydi","The policy is not active on this date","src/features/insured/pages/CoveragePage.tsx"
"app.coverage.v.unknown","Нужна проверка специалиста","Mutaxassis tekshiruvi kerak","A specialist needs to check","src/features/insured/pages/CoveragePage.tsx"
"app.family.add","Добавить","Qoʻshish","Add","src/features/insured/pages/FamilyPage.tsx"
"app.family.addHint","Заявку проверит HR вашей компании. После одобрения страховая оформит дополнительное соглашение, премия считается по возрасту.","Arizani kompaniyangiz HR tekshiradi. Maʼqullangach, sugʻurta kompaniyasi qoʻshimcha kelishuvni rasmiylashtiradi, mukofot yoshga qarab hisoblanadi.","Your company’s HR will check the request. Once approved, the insurer issues an endorsement; the premium depends on age.","src/features/insured/pages/FamilyPage.tsx"
"app.family.addTitle","Добавить члена семьи","Oila aʼzosini qoʻshish","Add a family member","src/features/insured/pages/FamilyPage.tsx"
"app.family.consentGranted","{name} теперь видит ваши обращения и записи","{name} endi murojaatlaringiz va yozuvlaringizni koʻradi","{name} can now see your claims and appointments","src/features/insured/FamilySettings.tsx"
"app.family.consentOffHint","{name} видит только факт страхования, ваш сертификат и QR для клиники.","{name} faqat sugʻurta faktini, sertifikatingizni va klinika uchun QR ni koʻradi.","{name} sees only the fact of insurance, your certificate and the clinic QR.","src/features/insured/FamilySettings.tsx"
"app.family.consentOnHint","{name} видит ваши чеки, записи к врачу и лимиты. Отключить можно в любой момент.","{name} cheklaringiz, shifokorga yozuvlaringiz va limitlaringizni koʻradi. Istalgan vaqtda oʻchirish mumkin.","{name} sees your receipts, doctor appointments and limits. You can turn it off at any time.","src/features/insured/FamilySettings.tsx"
"app.family.consentRevoked","Доступ закрыт: {name} больше не видит ваши обращения","Ruxsat bekor qilindi: {name} endi murojaatlaringizni koʻrmaydi","Access closed: {name} no longer sees your claims","src/features/insured/FamilySettings.tsx"
"app.family.consentToggle","Разрешить {name} видеть мои обращения","{name} mening murojaatlarimni koʻrishiga ruxsat berish","Allow {name} to see my claims","src/features/insured/FamilySettings.tsx"
"app.family.f.birthDate","Дата рождения","Tugʻilgan sana","Date of birth","src/features/insured/pages/FamilyPage.tsx"
"app.family.f.consent","Член семьи согласен на обработку его персональных данных для страхования","Oila aʼzosi sugʻurta uchun shaxsiy maʼlumotlarini qayta ishlashga rozi","The family member consents to the processing of their personal data for the insurance","src/features/insured/pages/FamilyPage.tsx"
"app.family.f.consentRequired","Подтвердите согласие члена семьи","Oila aʼzosining roziligini tasdiqlang","Confirm the family member’s consent","src/features/insured/pages/FamilyPage.tsx"
"app.family.f.fullName","ФИО латиницей","F.I.Sh. lotin harflarida","Full name in Latin letters","src/features/insured/pages/FamilyPage.tsx"
"app.family.f.fullNameHint","Как в паспорте: Фамилия Имя Отчество","Pasportdagidek: Familiya Ism Otasining ismi","As in the passport: Surname Given name Patronymic","src/features/insured/pages/FamilyPage.tsx"
"app.family.f.pinfl","ПИНФЛ","JShShIR","PINFL","src/features/insured/pages/FamilyPage.tsx"
"app.family.f.relation","Кем приходится","Kim boʻladi","Relation","src/features/insured/pages/FamilyPage.tsx"
"app.family.f.relationRequired","Выберите, кем приходится","Kim boʻlishini tanlang","Choose the relation","src/features/insured/pages/FamilyPage.tsx"
"app.family.f.student","Учится очно (студент)","Kunduzgi taʼlimda oʻqiydi (talaba)","Full-time student","src/features/insured/pages/FamilyPage.tsx"
"app.family.for","Показаны данные: {name} ({relation})","Koʻrsatilmoqda: {name} ({relation})","Showing: {name} ({relation})","src/features/insured/person.tsx"
"app.family.grant","Разрешить","Ruxsat berish","Allow","src/features/insured/FamilySettings.tsx"
"app.family.grantText","{name} увидит в своём приложении ваши чеки на возмещение, записи к врачу и остаток лимитов. Разрешение можно отозвать в любой момент.","{name} oʻz ilovasida qoplash uchun cheklaringizni, shifokorga yozuvlaringizni va limit qoldigʻini koʻradi. Ruxsatni istalgan vaqtda bekor qilish mumkin.","{name} will see your reimbursement receipts, doctor appointments and remaining limits in their app. You can revoke it at any time.","src/features/insured/FamilySettings.tsx"
"app.family.grantTitle","Разрешить {name} видеть обращения?","{name} murojaatlarni koʻrishiga ruxsat berilsinmi?","Allow {name} to see your claims?","src/features/insured/FamilySettings.tsx"
"app.family.hidden","{name} пока не разрешил(а) показывать вам свои обращения и записи. Здесь виден только факт страхования, сертификат и QR для клиники. Открыть доступ {name} может в своём профиле в приложении.","{name} hali sizga oʻz murojaatlari va yozuvlarini koʻrsatishga ruxsat bermagan. Bu yerda faqat sugʻurta fakti, sertifikat va klinika uchun QR koʻrinadi. {name} ruxsatni ilovadagi oʻz profilida berishi mumkin.","{name} has not allowed you to see their claims and appointments yet. Only the fact of insurance, the certificate and the clinic QR are shown here. {name} can allow it in their own profile in the app.","src/features/insured/person.tsx"
"app.family.me","Я","Men","Me","src/features/insured/person.tsx"
"app.family.members","Застрахованы со мной","Men bilan sugʻurtalanganlar","Insured with me","src/features/insured/pages/FamilyPage.tsx"
"app.family.noMembers","Членов семьи в полисе пока нет","Polisda hali oila aʼzolari yoʻq","No family members on the policy yet","src/features/insured/pages/FamilyPage.tsx"
"app.family.noRequests","Заявок пока нет","Hali arizalar yoʻq","No requests yet","src/features/insured/pages/FamilyPage.tsx"
"app.family.policyholder","Держатель полиса — сотрудник","Polis egasi — xodim","Main insured person — the employee","src/features/insured/pages/FamilyPage.tsx"
"app.family.policyholderHint","Вы застрахованы как член семьи по полису ДМС сотрудника.","Siz xodimning ITS polisi boʻyicha oila aʼzosi sifatida sugʻurtalangansiz.","You are insured as a family member under the employee’s VHI policy.","src/features/insured/pages/FamilyPage.tsx"
"app.family.req.approved","Одобрено","Maʼqullandi","Approved","src/features/insured/pages/FamilyPage.tsx"
"app.family.req.approvedHint","HR одобрил заявку. Член семьи появится в списке после оформления дополнительного соглашения.","HR arizani maʼqulladi. Qoʻshimcha kelishuv rasmiylashtirilgach, oila aʼzosi roʻyxatda paydo boʻladi.","HR approved the request. The family member appears in the list once the endorsement is issued.","src/features/insured/pages/FamilyPage.tsx"
"app.family.req.pending","На рассмотрении HR","HR koʻrib chiqmoqda","Under HR review","src/features/insured/pages/FamilyPage.tsx"
"app.family.req.pendingHint","HR компании проверит данные и передаст изменение в страховую.","Kompaniya HR maʼlumotlarni tekshirib, oʻzgarishni sugʻurta kompaniyasiga yuboradi.","Your company’s HR will check the data and pass the change to the insurer.","src/features/insured/pages/FamilyPage.tsx"
"app.family.req.reason","Причина: {reason}","Sabab: {reason}","Reason: {reason}","src/features/insured/pages/FamilyPage.tsx"
"app.family.req.rejected","Отклонено","Rad etildi","Rejected","src/features/insured/pages/FamilyPage.tsx"
"app.family.requests","Мои заявки","Mening arizalarim","My requests","src/features/insured/pages/FamilyPage.tsx"
"app.family.revoke","Закрыть доступ","Ruxsatni bekor qilish","Close access","src/features/insured/FamilySettings.tsx"
"app.family.revokeText","{name} перестанет видеть ваши обращения и записи. Сертификат и QR останутся видны.","{name} murojaatlaringiz va yozuvlaringizni koʻrmay qoʻyadi. Sertifikat va QR koʻrinib turadi.","{name} will stop seeing your claims and appointments. The certificate and the QR stay visible.","src/features/insured/FamilySettings.tsx"
"app.family.revokeTitle","Закрыть доступ для {name}?","{name} uchun ruxsat bekor qilinsinmi?","Close access for {name}?","src/features/insured/FamilySettings.tsx"
"app.family.send","Отправить заявку","Arizani yuborish","Send request","src/features/insured/pages/FamilyPage.tsx"
"app.family.sent","Заявка отправлена HR","Ariza HR ga yuborildi","Request sent to HR","src/features/insured/pages/FamilyPage.tsx"
"app.family.sentOn","отправлено {date}","{date} yuborilgan","sent on {date}","src/features/insured/pages/FamilyPage.tsx"
"app.family.switcher","Профиль","Profil","Profile","src/features/insured/person.tsx"
"app.family.title","Моя семья","Mening oilam","My family","src/features/help/routeMap.ts; src/features/insured/pages/FamilyPage.tsx; src/features/insured/pages/ProfilePage.tsx"
"app.family.you","Вы","Siz","You","src/features/insured/pages/FamilyPage.tsx"
"app.home.allAppointments","Все записи","Barcha yozuvlar","All appointments","src/features/insured/pages/HomePage.tsx"
"app.home.allClaims","Все","Hammasi","All","src/features/insured/pages/HomePage.tsx"
"app.home.assistance","Ваш ассистанс 24/7","Sizning assistansingiz 24/7","Your assistance 24/7","src/features/insured/pages/HomePage.tsx"
"app.home.assistanceHint","Запись к врачу, гарантийные письма и помощь в любое время","Shifokor qabuliga yozilish, kafolat xatlari va istalgan vaqtda yordam","Doctor appointments, guarantee letters and help at any time","src/features/insured/pages/HomePage.tsx"
"app.home.call","Позвонить","Qoʻngʻiroq qilish","Call","src/features/insured/pages/HomePage.tsx"
"app.home.cardButton","Карточка для клиники","Klinika uchun karta","Card for the clinic","src/features/help/routeMap.ts; src/features/insured/pages/HomePage.tsx"
"app.home.claims","Возмещения","Qoplashlar","Reimbursements","src/features/insured/pages/HomePage.tsx"
"app.home.greeting","Добрый день, {name}!","Xayrli kun, {name}!","Good afternoon, {name}!","src/features/insured/pages/HomePage.tsx"
"app.home.insuredVia","Вы застрахованы через {company}","Siz {company} orqali sugʻurtalangansiz","You are insured through {company}","src/features/insured/pages/HomePage.tsx"
"app.home.limits","Сколько осталось","Qancha qoldi","What is left","src/features/insured/pages/HomePage.tsx"
"app.home.nextAppointment","Ближайшая запись","Eng yaqin yozuv","Next appointment","src/features/insured/pages/HomePage.tsx"
"app.home.noClaims","Вы ещё не отправляли чеки. Сфотографируйте чек — вернём деньги на карту.","Siz hali chek yubormagansiz. Chekni suratga oling — pulni kartangizga qaytaramiz.","You have not sent any receipts yet. Take a photo of a receipt and we will refund the money to your card.","src/features/insured/pages/HomePage.tsx"
"app.home.noNotifications","Новых уведомлений нет","Yangi bildirishnomalar yoʻq","No new notifications","src/features/insured/pages/HomePage.tsx"
"app.home.notifications","Уведомления","Bildirishnomalar","Notifications","src/features/insured/pages/HomePage.tsx"
"app.home.program","Программа «{name}»","«{name}» dasturi","“{name}” plan","src/features/insured/pages/HomePage.tsx"
"app.home.subtitle","Чем можем помочь сегодня?","Bugun qanday yordam bera olamiz?","How can we help you today?","src/features/insured/pages/HomePage.tsx"
"app.home.term","{from} — {to}","{from} — {to}","{from} — {to}","src/features/insured/pages/HomePage.tsx"
"app.home.validUntil","до {date}","{date} gacha","until {date}",""
"app.home.whatCovered","Что покрывает полис?","Polis nimalarni qoplaydi?","What does the policy cover?","src/features/insured/pages/HomePage.tsx"
"app.lang.label","Язык","Til","Language","src/features/insured/pages/ProfilePage.tsx"
"app.limit.almostOut","Почти закончилось, дальше за свой счёт","Deyarli tugadi, keyin oʻz hisobingizdan","Almost used up; beyond this you pay yourself","src/features/insured/LimitsList.tsx"
"app.limit.left","ещё {amount}","yana {amount}","{amount} left","src/features/insured/LimitsList.tsx"
"app.limit.of","из {amount}","{amount} dan","of {amount}","src/features/insured/LimitsList.tsx"
"app.limit.reserved","Зарезервировано по гарантийному письму: {amount}","Kafolat xati boʻyicha band qilingan: {amount}","Reserved under a guarantee letter: {amount}","src/features/insured/LimitsList.tsx"
"app.limit.unused","не использовали","foydalanilmagan","not used","src/features/insured/LimitsList.tsx"
"app.limitAcc.dental","стоматологию","stomatologiya","dentistry","src/features/insured/pages/BookingPage.tsx; src/features/insured/pages/ClaimStatusPage.tsx; src/features/insured/pages/CoveragePage.tsx"
"app.limitAcc.inpatient","стационар","statsionar","inpatient care","src/features/insured/pages/BookingPage.tsx; src/features/insured/pages/ClaimStatusPage.tsx; src/features/insured/pages/CoveragePage.tsx"
"app.limitAcc.medicines","лекарства","dori-darmonlar","medicines","src/features/insured/pages/BookingPage.tsx; src/features/insured/pages/ClaimStatusPage.tsx; src/features/insured/pages/CoveragePage.tsx"
"app.limitAcc.outpatient","приёмы врачей","shifokor qabullari","doctor visits","src/features/insured/pages/BookingPage.tsx; src/features/insured/pages/ClaimStatusPage.tsx; src/features/insured/pages/CoveragePage.tsx"
"app.login.code.changePhone","Изменить номер","Raqamni oʻzgartirish","Change number","src/features/insured/pages/CodePage.tsx"
"app.login.code.digit","Цифра {n}","{n}-raqam","Digit {n}","src/features/insured/pages/CodePage.tsx"
"app.login.code.group","Код подтверждения","Tasdiqlash kodi","Verification code","src/features/insured/pages/CodePage.tsx"
"app.login.code.invalid","Неверный или устаревший код","Kod notoʻgʻri yoki eskirgan","The code is wrong or has expired","src/features/insured/pages/CodePage.tsx"
"app.login.code.resend","Отправить код ещё раз","Kodni qayta yuborish","Resend code","src/features/insured/pages/CodePage.tsx"
"app.login.code.resendIn","Повторная отправка через {sec} с","{sec} soniyadan keyin qayta yuborish mumkin","Resend in {sec} s","src/features/insured/pages/CodePage.tsx"
"app.login.code.resent","Код отправлен ещё раз","Kod qayta yuborildi","Code sent again","src/features/insured/pages/CodePage.tsx"
"app.login.code.sentTo","Мы отправили код на {phone}","Kod {phone} raqamiga yuborildi","We sent a code to {phone}","src/features/insured/pages/CodePage.tsx"
"app.login.code.submit","Войти","Kirish","Sign in","src/features/insured/pages/CodePage.tsx"
"app.login.code.title","Введите код из SMS","SMS orqali kelgan kodni kiriting","Enter the code from the SMS","src/features/insured/pages/CodePage.tsx"
"app.login.getCode","Получить код","Kodni olish","Get code","src/features/insured/pages/PhoneLoginPage.tsx"
"app.login.phone","Номер телефона","Telefon raqami","Phone number","src/features/insured/pages/PhoneLoginPage.tsx"
"app.login.phoneError","Номер в формате +998 XX XXX XX XX","Raqam +998 XX XXX XX XX formatida boʻlishi kerak","Number format: +998 XX XXX XX XX","src/features/insured/pages/PhoneLoginPage.tsx"
"app.login.subtitle","Введите номер телефона, на который оформлена страховка","Sugʻurta rasmiylashtirilgan telefon raqamini kiriting","Enter the phone number your insurance is registered to","src/features/insured/pages/PhoneLoginPage.tsx"
"app.login.title","Вход в MIG ДМС","MIG ITS tizimiga kirish","Sign in to MIG VHI","src/features/insured/pages/PhoneLoginPage.tsx"
"app.nav.claims","Возмещения","Qoplashlar","Reimbursements","src/features/insured/AppLayout.tsx"
"app.nav.clinics","Клиники","Klinikalar","Clinics","src/features/help/routeMap.ts; src/features/insured/AppLayout.tsx"
"app.nav.home","Главная","Asosiy","Home","src/features/insured/AppLayout.tsx; src/features/insured/pages/HomePage.tsx"
"app.nav.label","Разделы приложения","Ilova boʻlimlari","App sections","src/features/insured/AppLayout.tsx"
"app.nav.profile","Профиль","Profil","Profile","src/features/help/routeMap.ts; src/features/insured/AppLayout.tsx"
"app.offline","Нет соединения с интернетом","Internet bilan aloqa yoʻq","No internet connection","src/features/insured/InsuredRoot.tsx"
"app.payout.backToPrincipal","Получать выплаты на карту {name}","Toʻlovlarni {name} kartasiga olish","Receive payouts to {name}’s card","src/features/insured/FamilySettings.tsx"
"app.payout.change","Изменить карту","Kartani oʻzgartirish","Change card","src/features/insured/FamilySettings.tsx"
"app.payout.hint","Карта Uzcard или Humo на ваше имя. После сохранения номер показывается только частично.","Sizning nomingizdagi Uzcard yoki Humo kartasi. Saqlangandan soʻng raqam faqat qisman koʻrsatiladi.","An Uzcard or Humo card in your name. Once saved, the number is shown only partially.","src/features/insured/FamilySettings.tsx"
"app.payout.number","Номер карты","Karta raqami","Card number","src/features/insured/FamilySettings.tsx"
"app.payout.own","Выплаты идут на вашу карту:","Toʻlovlar kartangizga tushadi:","Payouts go to your card:","src/features/insured/FamilySettings.tsx"
"app.payout.principal","Сейчас выплаты идут на карту {name}:","Hozir toʻlovlar {name} kartasiga tushadi:","Payouts now go to {name}’s card:","src/features/insured/FamilySettings.tsx"
"app.payout.reset","Выплаты снова идут на карту сотрудника","Toʻlovlar yana xodim kartasiga tushadi","Payouts go to the employee’s card again","src/features/insured/FamilySettings.tsx"
"app.payout.save","Сохранить карту","Kartani saqlash","Save card","src/features/insured/FamilySettings.tsx"
"app.payout.saved","Карта для выплат сохранена","Toʻlovlar uchun karta saqlandi","Payout card saved","src/features/insured/FamilySettings.tsx"
"app.payout.setOwn","Указать свою карту","Oʻz kartamni koʻrsatish","Set my own card","src/features/insured/FamilySettings.tsx"
"app.payout.title","Карта для выплат","Toʻlovlar uchun karta","Payout card","src/features/insured/FamilySettings.tsx"
"app.profile.card","Карта для выплат","Toʻlovlar uchun karta","Card for payouts","src/features/insured/pages/ProfilePage.tsx"
"app.profile.cardPrincipal","Карта для выплат ({name})","Toʻlovlar uchun karta ({name})","Payout card ({name})","src/features/insured/pages/ProfilePage.tsx"
"app.profile.certificate","Мой сертификат","Mening sertifikatim","My certificate","src/features/help/routeMap.ts; src/features/insured/pages/ProfilePage.tsx"
"app.profile.company","Работодатель","Ish beruvchi","Employer","src/features/insured/pages/ProfilePage.tsx"
"app.profile.consent","Согласие на обработку данных","Maʼlumotlarni qayta ishlashga rozilik","Consent to data processing","src/features/insured/pages/ProfilePage.tsx"
"app.profile.consentGiven","дано {date}","{date} da berilgan","given on {date}","src/features/insured/pages/ProfilePage.tsx"
"app.profile.consentMissing","не дано","berilmagan","not given","src/features/insured/pages/ProfilePage.tsx"
"app.profile.fullName","ФИО","F.I.Sh.","Full name","src/features/insured/pages/ProfilePage.tsx"
"app.profile.logout","Выйти","Chiqish","Sign out","src/features/insured/pages/ProfilePage.tsx"
"app.profile.logoutAll","Выйти на всех устройствах","Barcha qurilmalardan chiqish","Sign out on all devices","src/features/insured/pages/ProfilePage.tsx"
"app.profile.phone","Телефон","Telefon","Phone","src/features/insured/pages/ProfilePage.tsx"
"app.profile.pinfl","ПИНФЛ","JShShIR","PINFL","src/features/insured/pages/ProfilePage.tsx"
"app.profile.title","Профиль","Profil","Profile","src/features/insured/pages/ProfilePage.tsx"
"app.program.desc","Полис покрывает приёмы врачей и анализы, стоматологию, лекарства по назначению врача и лечение в стационаре в пределах лимитов.","Polis limitlar doirasida shifokor qabullari va tahlillarni, stomatologiyani, shifokor tayinlagan dori-darmonlarni va statsionarda davolanishni qoplaydi.","The policy covers doctor visits and tests, dentistry, prescribed medicines and inpatient treatment within the limits.","src/features/insured/pages/HomePage.tsx"
"app.program.notCovered","Не покрывается: косметология, БАДы, лечение без направления врача.","Qoplanmaydi: kosmetologiya, BFQ (biologik faol qoʻshimchalar), shifokor yoʻllanmasisiz davolanish.","Not covered: cosmetology, dietary supplements, treatment without a doctor’s referral.","src/features/insured/pages/HomePage.tsx"
"app.program.title","Программа «{name}»","«{name}» dasturi","“{name}” plan","src/features/insured/pages/HomePage.tsx"
"app.refund.addMore","Добавить ещё фото","Yana surat qoʻshish","Add another photo","src/features/insured/pages/NewClaimPage.tsx"
"app.refund.addPhoto","Сфотографировать или выбрать чек","Chekni suratga olish yoki tanlash","Take or choose a photo of the receipt","src/features/insured/pages/NewClaimPage.tsx"
"app.refund.amount","Сумма, UZS","Summa, soʻm","Amount, UZS","src/features/insured/pages/NewClaimPage.tsx"
"app.refund.check","Проверьте данные","Maʼlumotlarni tekshiring","Check the details","src/features/insured/pages/NewClaimPage.tsx"
"app.refund.date","Дата","Sana","Date","src/features/insured/pages/NewClaimPage.tsx"
"app.refund.datePlaceholder","ДД.ММ.ГГГГ","KK.OO.YYYY","DD.MM.YYYY","src/features/insured/pages/NewClaimPage.tsx"
"app.refund.err.amount","Укажите сумму","Summani kiriting","Enter the amount","src/features/insured/pages/NewClaimPage.tsx"
"app.refund.err.category","Выберите, что это было","Bu nima ekanini tanlang","Choose what it was for","src/features/insured/pages/NewClaimPage.tsx"
"app.refund.err.content","Файл повреждён или это не изображение","Fayl buzilgan yoki u rasm emas","The file is damaged or is not an image","src/features/insured/pages/NewClaimPage.tsx"
"app.refund.err.count","Можно добавить не больше 5 фото","5 tadan ortiq surat qoʻshib boʻlmaydi","You can add no more than 5 photos","src/features/insured/pages/NewClaimPage.tsx"
"app.refund.err.date","Дата в формате ДД.ММ.ГГГГ","Sana KK.OO.YYYY formatida boʻlishi kerak","Date format: DD.MM.YYYY","src/features/insured/pages/NewClaimPage.tsx"
"app.refund.err.noPhoto","Добавьте хотя бы одно фото чека","Kamida bitta chek suratini qoʻshing","Add at least one photo of the receipt","src/features/insured/pages/NewClaimPage.tsx"
"app.refund.err.size","Фото больше 10 МБ","Surat 10 MB dan katta","The photo is larger than 10 MB","src/features/insured/pages/NewClaimPage.tsx"
"app.refund.err.type","Этот файл не подходит: нужно фото JPEG, PNG или WEBP","Bu fayl mos emas: JPEG, PNG yoki WEBP formatidagi surat kerak","This file is not supported: a JPEG, PNG or WEBP photo is required","src/features/insured/pages/NewClaimPage.tsx"
"app.refund.err.where","Укажите, где оплачивали","Qayerda toʻlaganingizni kiriting","Enter where you paid","src/features/insured/pages/NewClaimPage.tsx"
"app.refund.payout","Вернём на карту {card}, обычно за 2 рабочих дня","{card} kartasiga qaytaramiz, odatda 2 ish kunida","We will refund to card {card}, usually within 2 working days","src/features/insured/pages/NewClaimPage.tsx"
"app.refund.payoutFamily","Вернём за {name} на вашу карту {card}, обычно за 2 рабочих дня","{name} uchun pulni {card} kartangizga qaytaramiz, odatda 2 ish kunida","We will refund for {name} to your card {card}, usually within 2 working days","src/features/insured/pages/NewClaimPage.tsx"
"app.refund.payoutOwnCard","Вернём на карту, которую {name} указал(а) для выплат, обычно за 2 рабочих дня","{name} toʻlovlar uchun koʻrsatgan kartaga qaytaramiz, odatda 2 ish kunida","We will refund to the card {name} set for payouts, usually within 2 working days","src/features/insured/pages/NewClaimPage.tsx"
"app.refund.payoutPrincipal","Вернём на карту {name} {card} — так по умолчанию для членов семьи. Свою карту можно указать в профиле","{name} kartasiga ({card}) qaytaramiz — oila aʼzolari uchun sukut boʻyicha shunday. Oʻz kartangizni profilda koʻrsatishingiz mumkin","We will refund to {name}’s card {card} — the default for family members. You can set your own card in the profile","src/features/insured/pages/NewClaimPage.tsx"
"app.refund.photoAlt","Фото чека {n}","Chek surati {n}","Receipt photo {n}","src/features/insured/pages/NewClaimPage.tsx"
"app.refund.photoHint","До 5 фото, JPEG, PNG или WEBP, каждое до 10 МБ","5 tagacha surat, JPEG, PNG yoki WEBP, har biri 10 MB gacha","Up to 5 photos, JPEG, PNG or WEBP, up to 10 MB each","src/features/insured/pages/NewClaimPage.tsx"
"app.refund.photos","Фото чека: {n}","Chek suratlari: {n}","Receipt photos: {n}","src/features/insured/pages/NewClaimPage.tsx"
"app.refund.processing","Обрабатываем фото…","Surat qayta ishlanmoqda…","Processing the photo…","src/features/insured/pages/NewClaimPage.tsx"
"app.refund.recognizeFailed","Не удалось распознать чек. Заполните поля вручную","Chekni oʻqib boʻlmadi. Maydonlarni qoʻlda toʻldiring","Could not read the receipt. Fill in the fields manually","src/features/insured/pages/NewClaimPage.tsx"
"app.refund.recognized","Чек распознан","Chek oʻqildi","Receipt read","src/features/insured/pages/NewClaimPage.tsx"
"app.refund.recognizing","Распознаём чек…","Chek oʻqilmoqda…","Reading the receipt…","src/features/insured/pages/NewClaimPage.tsx"
"app.refund.removePhoto","Удалить фото","Suratni oʻchirish","Remove photo","src/features/insured/pages/NewClaimPage.tsx"
"app.refund.sent","Чек отправлен","Chek yuborildi","Receipt sent","src/features/insured/pages/NewClaimPage.tsx"
"app.refund.step1","Фото чека","Chek surati","Receipt photo","src/features/insured/pages/NewClaimPage.tsx"
"app.refund.step2","Проверка","Tekshirish","Review","src/features/insured/pages/NewClaimPage.tsx"
"app.refund.submit","Отправить","Yuborish","Send","src/features/insured/pages/NewClaimPage.tsx"
"app.refund.title","Вернуть деньги за чек","Chek boʻyicha pulni qaytarish","Get money back for a receipt","src/features/insured/pages/NewClaimPage.tsx"
"app.refund.what","Что это было?","Bu nima edi?","What was it for?","src/features/insured/pages/NewClaimPage.tsx"
"app.refund.where","Где","Qayerda","Where","src/features/insured/pages/NewClaimPage.tsx"
"app.specialty.cardiologist","Кардиолог","Kardiolog","Cardiologist","src/features/insured/pages/AppointmentsPage.tsx; src/features/insured/pages/BookingPage.tsx; src/features/insured/pages/ClinicsPage.tsx; src/features/insured/pages/HomePage.tsx"
"app.specialty.dentist","Стоматолог","Stomatolog","Dentist","src/features/insured/pages/AppointmentsPage.tsx; src/features/insured/pages/BookingPage.tsx; src/features/insured/pages/ClinicsPage.tsx; src/features/insured/pages/HomePage.tsx"
"app.specialty.ent","ЛОР","LOR","ENT","src/features/insured/pages/AppointmentsPage.tsx; src/features/insured/pages/BookingPage.tsx; src/features/insured/pages/ClinicsPage.tsx; src/features/insured/pages/HomePage.tsx"
"app.specialty.gynecologist","Гинеколог","Ginekolog","Gynaecologist","src/features/insured/pages/AppointmentsPage.tsx; src/features/insured/pages/BookingPage.tsx; src/features/insured/pages/ClinicsPage.tsx; src/features/insured/pages/HomePage.tsx"
"app.specialty.neurologist","Невролог","Nevrolog","Neurologist","src/features/insured/pages/AppointmentsPage.tsx; src/features/insured/pages/BookingPage.tsx; src/features/insured/pages/ClinicsPage.tsx; src/features/insured/pages/HomePage.tsx"
"app.specialty.ophthalmologist","Офтальмолог","Oftalmolog","Ophthalmologist","src/features/insured/pages/AppointmentsPage.tsx; src/features/insured/pages/BookingPage.tsx; src/features/insured/pages/ClinicsPage.tsx; src/features/insured/pages/HomePage.tsx"
"app.specialty.pediatrician","Педиатр","Pediatr","Paediatrician","src/features/insured/pages/AppointmentsPage.tsx; src/features/insured/pages/BookingPage.tsx; src/features/insured/pages/ClinicsPage.tsx; src/features/insured/pages/HomePage.tsx"
"app.specialty.therapist","Терапевт","Terapevt","General practitioner","src/features/insured/pages/AppointmentsPage.tsx; src/features/insured/pages/BookingPage.tsx; src/features/insured/pages/ClinicsPage.tsx; src/features/insured/pages/HomePage.tsx"
"app.status.amount","Сумма","Summa","Amount","src/features/insured/pages/NewClaimPage.tsx"
"app.status.appeal","Оспорить решение","Qarorga eʼtiroz bildirish","Appeal the decision","src/features/insured/pages/ClaimStatusPage.tsx"
"app.status.appealError","Напишите хотя бы 10 символов","Kamida 10 ta belgi yozing","Write at least 10 characters","src/features/insured/pages/ClaimStatusPage.tsx"
"app.status.appealField","С чем вы не согласны","Nimaga rozi emassiz","What you disagree with","src/features/insured/pages/ClaimStatusPage.tsx"
"app.status.appealHint","Опишите, с чем вы не согласны. Специалист пересмотрит обращение и ответит","Nimaga rozi emasligingizni yozing. Mutaxassis murojaatni qayta koʻrib chiqadi va javob beradi","Describe what you disagree with. A specialist will review the case and reply","src/features/insured/pages/ClaimStatusPage.tsx"
"app.status.appealOpen","Апелляция на рассмотрении","Eʼtiroz koʻrib chiqilmoqda","Appeal under review","src/features/insured/pages/ClaimStatusPage.tsx"
"app.status.appealResolved","Апелляция рассмотрена","Eʼtiroz koʻrib chiqildi","Appeal reviewed","src/features/insured/pages/ClaimStatusPage.tsx"
"app.status.appealSend","Отправить","Yuborish","Send","src/features/insured/pages/ClaimStatusPage.tsx"
"app.status.appealSent","Мы получили вашу апелляцию и ответим после рассмотрения","Eʼtirozingizni oldik, koʻrib chiqib javob beramiz","We have received your appeal and will reply after reviewing it","src/features/insured/pages/ClaimStatusPage.tsx"
"app.status.approvedAmount","Одобрено {amount}","{amount} tasdiqlandi","Approved {amount}","src/features/insured/pages/ClaimStatusPage.tsx"
"app.status.card","На карту {card}","{card} kartasiga","To card {card}","src/features/insured/pages/ClaimStatusPage.tsx"
"app.status.clause","Основание: {clause}","Asos: {clause}","Basis: {clause}","src/features/insured/pages/ClaimStatusPage.tsx"
"app.status.date","Дата","Sana","Date","src/features/insured/pages/ClaimStatusPage.tsx"
"app.status.details","Детали","Tafsilotlar","Details","src/features/insured/pages/ClaimStatusPage.tsx"
"app.status.expected","Ожидаемая выплата до {date}","Toʻlov {date} gacha kutilmoqda","Payment expected by {date}","src/features/insured/pages/ClaimStatusPage.tsx"
"app.status.left","На {category} осталось {amount}","{category} uchun {amount} qoldi","{amount} left for {category}","src/features/insured/pages/ClaimStatusPage.tsx"
"app.status.letter","Письмо о решении","Qaror haqida xat","Decision letter","src/features/insured/pages/ClaimStatusPage.tsx"
"app.status.notFound","Такого возмещения нет","Bunday qoplash topilmadi","Reimbursement not found","src/features/insured/pages/ClaimStatusPage.tsx"
"app.status.notFoundText","Возможно, ссылка устарела. Откройте список ваших возмещений","Havola eskirgan boʻlishi mumkin. Qoplashlaringiz roʻyxatini oching","The link may be out of date. Open your list of reimbursements","src/features/insured/pages/ClaimStatusPage.tsx"
"app.status.number","Номер","Raqam","Number","src/features/insured/pages/ClaimStatusPage.tsx"
"app.status.question","Есть вопрос? Напишите нам","Savolingiz bormi? Bizga yozing","Have a question? Message us","src/features/insured/pages/ClaimStatusPage.tsx"
"app.status.steps","Этапы","Bosqichlar","Stages","src/features/insured/pages/ClaimStatusPage.tsx"
"app.status.sub.approved","Скоро переведём деньги на вашу карту","Tez orada pulni kartangizga oʻtkazamiz","We will transfer the money to your card soon","src/features/insured/pages/ClaimStatusPage.tsx"
"app.status.sub.checking","Проверяем документы, обычно это 1–2 рабочих дня","Hujjatlarni tekshiryapmiz, odatda bu 1–2 ish kuni davom etadi","We are checking the documents; this usually takes 1–2 working days","src/features/insured/pages/ClaimStatusPage.tsx"
"app.status.sub.paid","Деньги отправлены на вашу карту","Pul kartangizga yuborildi","The money has been sent to your card","src/features/insured/pages/ClaimStatusPage.tsx"
"app.status.sub.received","Мы получили чек и скоро начнём проверку","Chekni oldik va tez orada tekshirishni boshlaymiz","We have received the receipt and will start checking it soon","src/features/insured/pages/ClaimStatusPage.tsx"
"app.status.title","Статус возмещения","Qoplash holati","Reimbursement status","src/features/insured/pages/ClaimStatusPage.tsx"
"app.status.toClaims","Мои возмещения","Mening qoplashlarim","My reimbursements","src/features/insured/pages/ClaimStatusPage.tsx"
"app.status.what","Что","Nima","What","src/features/insured/pages/ClaimStatusPage.tsx; src/features/insured/pages/NewClaimPage.tsx"
"app.status.where","Где","Qayerda","Where","src/features/insured/pages/ClaimStatusPage.tsx"
"app.status.writeUs","Написать нам","Bizga yozing","Message us","src/features/insured/pages/ClaimStatusPage.tsx"
"app.tile.booking","Записаться к врачу","Shifokor qabuliga yozilish","Book a doctor","src/features/help/routeMap.ts; src/features/insured/pages/HomePage.tsx"
"app.tile.chat","Написать нам","Bizga yozing","Message us","src/features/help/routeMap.ts; src/features/insured/pages/HomePage.tsx"
"app.tile.clinics","Клиники рядом","Yaqin klinikalar","Clinics nearby","src/features/insured/pages/HomePage.tsx"
"app.tile.coverage","Покрывается ли?","Qoplanadimi?","Is it covered?","src/features/insured/pages/HomePage.tsx"
"app.tile.refund","Вернуть деньги за чек","Chek boʻyicha pulni qaytarish","Get money back for a receipt","src/features/help/routeMap.ts; src/features/insured/pages/HomePage.tsx"
"app.weekday.0","Вс","Ya","Sun","src/features/insured/lib.ts"
"app.weekday.1","Пн","Du","Mon","src/features/insured/lib.ts"
"app.weekday.2","Вт","Se","Tue","src/features/insured/lib.ts"
"app.weekday.3","Ср","Ch","Wed","src/features/insured/lib.ts"
"app.weekday.4","Чт","Pa","Thu","src/features/insured/lib.ts"
"app.weekday.5","Пт","Ju","Fri","src/features/insured/lib.ts"
"app.weekday.6","Сб","Sh","Sat","src/features/insured/lib.ts"
"assist.appt.cancelled","Отменена","Bekor qilingan","Cancelled","src/features/assist/pages/AppointmentsPage.tsx; src/features/assist/pages/InsuredCardPage.tsx"
"assist.appt.completed","Состоялась","Boʻlib oʻtdi","Completed","src/features/assist/pages/AppointmentsPage.tsx; src/features/assist/pages/InsuredCardPage.tsx"
"assist.appt.confirmed","Подтверждена","Tasdiqlangan","Confirmed","src/features/assist/pages/AppointmentsPage.tsx; src/features/assist/pages/InsuredCardPage.tsx"
"assist.appt.declined","Отклонена","Rad etilgan","Declined","src/features/assist/pages/AppointmentsPage.tsx; src/features/assist/pages/InsuredCardPage.tsx"
"assist.appt.requested","Ждёт клинику","Klinikani kutmoqda","Waiting for the clinic","src/features/assist/pages/AppointmentsPage.tsx; src/features/assist/pages/InsuredCardPage.tsx"
"assist.appts.caption","Записи застрахованных","Sugʻurtalanganlarning qabullari","Appointments of insured persons","src/features/assist/pages/AppointmentsPage.tsx"
"assist.appts.clinicAnswer","Ответ клиники","Klinika javobi","Clinic response","src/features/assist/pages/AppointmentsPage.tsx"
"assist.appts.confirmAria","Подтвердить запись {name}","{name} qabulini tasdiqlash","Confirm appointment of {name}","src/features/assist/pages/AppointmentsPage.tsx"
"assist.appts.confirmedToast","Запись подтверждена вместо клиники","Qabul klinika oʻrniga tasdiqlandi","Appointment confirmed on behalf of the clinic","src/features/assist/pages/AppointmentsPage.tsx"
"assist.appts.declineTitle","Отклонить запись","Qabulni rad etish","Decline appointment","src/features/assist/pages/AppointmentsPage.tsx"
"assist.appts.declinedToast","Запись отклонена","Qabul rad etildi","Appointment declined","src/features/assist/pages/AppointmentsPage.tsx"
"assist.appts.doctor","Врач","Shifokor","Doctor","src/features/assist/pages/AppointmentsPage.tsx"
"assist.appts.empty","Заявок нет","Arizalar yoʻq","No requests","src/features/assist/pages/AppointmentsPage.tsx"
"assist.appts.overdue","Клиника не ответила в срок","Klinika oʻz vaqtida javob bermadi","The clinic did not answer in time","src/features/assist/pages/AppointmentsPage.tsx"
"assist.appts.request","Заявка","Ariza","Request","src/features/assist/pages/AppointmentsPage.tsx"
"assist.appts.subtitle","Клиника подтверждает сама. Если она не ответила в срок, заявка эскалируется ассистансу","Klinika oʻzi tasdiqlaydi. Agar u oʻz vaqtida javob bermasa, ariza assistansga oʻtkaziladi","The clinic confirms on its own. If it does not answer in time, the request is escalated to the assistance company","src/features/assist/pages/AppointmentsPage.tsx"
"assist.appts.tabAll","Все за 30 дней","30 kundagi barchasi","All in 30 days","src/features/assist/pages/AppointmentsPage.tsx"
"assist.appts.tabRequests","Заявки","Arizalar","Requests","src/features/assist/pages/AppointmentsPage.tsx"
"assist.appts.title","Записи к врачу","Shifokor qabullari","Doctor appointments","src/features/assist/pages/AppointmentsPage.tsx"
"assist.appts.when","Время приёма","Qabul vaqti","Appointment time","src/features/assist/pages/AppointmentsPage.tsx"
"assist.card.appointments","Записи к врачу","Shifokor qabullari","Doctor appointments","src/features/assist/pages/InsuredCardPage.tsx"
"assist.card.book","Записать","Yozish","Book","src/features/assist/pages/InsuredCardPage.tsx"
"assist.card.bookDescription","Заявка уйдёт в клинику, клиника подтверждает сама","Ariza klinikaga yuboriladi, klinika oʻzi tasdiqlaydi","The request goes to the clinic; the clinic confirms on its own","src/features/assist/pages/InsuredCardPage.tsx"
"assist.card.bookError","Выберите клинику, врача и время","Klinika, shifokor va vaqtni tanlang","Choose a clinic, a doctor and a time","src/features/assist/pages/InsuredCardPage.tsx"
"assist.card.bookSent","Заявка отправлена в клинику","Ariza klinikaga yuborildi","The request was sent to the clinic","src/features/assist/pages/InsuredCardPage.tsx"
"assist.card.bookTitle","Записать к врачу","Shifokor qabuliga yozish","Book a doctor","src/features/assist/pages/InsuredCardPage.tsx"
"assist.card.caseCreated","Обращение {number} создано","{number} murojaati yaratildi","Case {number} created","src/features/assist/pages/InsuredCardPage.tsx"
"assist.card.caseEssence","Суть обращения","Murojaat mazmuni","Case summary","src/features/assist/pages/InsuredCardPage.tsx"
"assist.card.cases","Обращения","Murojaatlar","Cases","src/features/assist/pages/InsuredCardPage.tsx"
"assist.card.createCase","Создать обращение","Murojaat yaratish","Create case","src/features/assist/pages/InsuredCardPage.tsx"
"assist.card.crumb","Карточка","Karta","Card","src/features/assist/pages/InsuredCardPage.tsx"
"assist.card.dateTime","Дата и время","Sana va vaqt","Date and time","src/features/assist/pages/InsuredCardPage.tsx"
"assist.card.docTitle","Карточка застрахованного","Sugʻurtalangan shaxs kartasi","Insured person card","src/features/assist/pages/InsuredCardPage.tsx"
"assist.card.doctor","Врач","Shifokor","Doctor","src/features/assist/pages/InsuredCardPage.tsx"
"assist.card.estimatedCostUzs","Оценка стоимости, UZS","Taxminiy narx, UZS","Estimated cost, UZS","src/features/assist/pages/InsuredCardPage.tsx"
"assist.card.gpDescription","Направление в клинику по звонку: клиника увидит пациента и письмо, решение принимает врач ассистанса","Qoʻngʻiroq boʻyicha klinikaga yoʻllanma: klinika bemorni va xatni koʻradi, qarorni assistans shifokori qabul qiladi","Referral to a clinic by phone: the clinic will see the patient and the letter; the assistance doctor decides","src/features/assist/pages/InsuredCardPage.tsx"
"assist.card.gpRequested","Гарантийное письмо {number} запрошено","{number} kafolat xati soʻraldi","Guarantee letter {number} requested","src/features/assist/pages/InsuredCardPage.tsx"
"assist.card.gpTitle","Запросить гарантийное письмо","Kafolat xatini soʻrash","Request a guarantee letter","src/features/assist/pages/InsuredCardPage.tsx"
"assist.card.guarantees","Гарантийные письма","Kafolat xatlari","Guarantee letters","src/features/assist/pages/InsuredCardPage.tsx"
"assist.card.icd10","Код МКБ-10","XKT-10 kodi","ICD-10 code","src/features/assist/pages/InsuredCardPage.tsx"
"assist.card.limits","Лимиты с учётом резервов ГП","Kafolat xatlari zaxiralarini hisobga olgan limitlar","Limits net of GL reserves","src/features/assist/pages/InsuredCardPage.tsx"
"assist.card.newCase","Новое обращение","Yangi murojaat","New case","src/features/assist/pages/InsuredCardPage.tsx"
"assist.card.newCaseDescription","{name} · звонок в колл-центр","{name} · koll-markazga qoʻngʻiroq","{name} · call to the call centre","src/features/assist/pages/InsuredCardPage.tsx"
"assist.card.noAppointments","Записей нет","Qabullar yoʻq","No appointments","src/features/assist/pages/InsuredCardPage.tsx"
"assist.card.noCases","Обращений нет","Murojaatlar yoʻq","No cases","src/features/assist/pages/InsuredCardPage.tsx"
"assist.card.noGuarantees","Писем нет","Xatlar yoʻq","No letters","src/features/assist/pages/InsuredCardPage.tsx"
"assist.card.pickClinic","Выберите клинику","Klinikani tanlang","Choose a clinic","src/features/assist/pages/InsuredCardPage.tsx"
"assist.card.pickService","Выберите услугу","Xizmatni tanlang","Choose a service","src/features/assist/pages/InsuredCardPage.tsx"
"assist.card.pickSpecialty","Выберите специальность","Mutaxassislikni tanlang","Choose a specialty","src/features/assist/pages/InsuredCardPage.tsx"
"assist.card.policyAndData","Полис и данные","Polis va maʼlumotlar","Policy and details","src/features/assist/pages/InsuredCardPage.tsx"
"assist.card.policyLine","полис","polis","policy","src/features/assist/pages/InsuredCardPage.tsx"
"assist.card.policyTerm","Срок полиса","Polis muddati","Policy term","src/features/assist/pages/InsuredCardPage.tsx"
"assist.case.appointment","Запись","Qabul","Appointment","src/features/assist/pages/CasePage.tsx"
"assist.case.appointmentCreated","создана, ждёт клинику","yaratildi, klinikani kutmoqda","created, waiting for the clinic","src/features/assist/pages/CasePage.tsx"
"assist.case.book","Записать к врачу","Shifokor qabuliga yozish","Book a doctor","src/features/assist/pages/CasePage.tsx"
"assist.case.claim","Убыток","Zarar","Claim","src/features/assist/pages/CasePage.tsx"
"assist.case.claimCreated","создан по счёту ассистанса","assistans hisobi boʻyicha yaratildi","created from the assistance invoice","src/features/assist/pages/CasePage.tsx"
"assist.case.details","Детали","Tafsilotlar","Details","src/features/assist/pages/CasePage.tsx"
"assist.case.docTitle","Обращение","Murojaat","Case","src/features/assist/pages/CasePage.tsx"
"assist.case.guarantee","ГП","Kafolat xati","GL","src/features/assist/pages/CasePage.tsx; src/features/assist/pages/RegistryPage.tsx"
"assist.case.heading","Обращение {number}","Murojaat {number}","Case {number}","src/features/assist/pages/CasePage.tsx"
"assist.case.open","открыть","ochish","open","src/features/assist/pages/CasePage.tsx"
"assist.case.requestGuarantee","Запросить ГП","Kafolat xatini soʻrash","Request a GL","src/features/assist/pages/CasePage.tsx; src/features/assist/pages/InsuredCardPage.tsx"
"assist.case.resolution","Решение: {text}","Qaror: {text}","Decision: {text}","src/features/assist/pages/CasePage.tsx"
"assist.case.resolutionHint","Обязательно при закрытии обращения","Murojaatni yopishda majburiy","Required when closing the case","src/features/assist/pages/CasePage.tsx"
"assist.case.slaUntil","SLA до","SLA muddati","SLA due","src/features/assist/pages/CasePage.tsx"
"assist.case.transferred","Клиент передан другому ассистансу: только чтение","Mijoz boshqa assistansga oʻtkazilgan: faqat oʻqish","The client was moved to another assistance company: read only","src/features/assist/pages/CasePage.tsx; src/features/assist/pages/InsuredCardPage.tsx"
"assist.case.updated","Обращение обновлено","Murojaat yangilandi","Case updated","src/features/assist/pages/CasePage.tsx"
"assist.case.work","Работа с обращением","Murojaat bilan ishlash","Case handling","src/features/assist/pages/CasePage.tsx"
"assist.cases.caption","Обращения колл-центра","Koll-markaz murojaatlari","Call centre cases","src/features/assist/pages/CasesPage.tsx"
"assist.cases.channel","Канал","Kanal","Channel","src/features/assist/pages/CasePage.tsx; src/features/assist/pages/CasesPage.tsx"
"assist.cases.empty","Обращений нет","Murojaatlar yoʻq","No cases","src/features/assist/pages/CasesPage.tsx"
"assist.cases.essence","Суть","Mazmuni","Summary","src/features/assist/pages/CasePage.tsx; src/features/assist/pages/CasesPage.tsx"
"assist.cases.readOnly","Только чтение","Faqat oʻqish","Read only","src/features/assist/pages/CasesPage.tsx"
"assist.cases.subtitle","Новое обращение создаётся из карточки застрахованного после поиска","Yangi murojaat qidiruvdan soʻng sugʻurtalangan shaxs kartasidan yaratiladi","A new case is created from the insured person's card after a search","src/features/assist/pages/CasesPage.tsx"
"assist.cases.title","Обращения","Murojaatlar","Cases","src/features/assist/pages/CasePage.tsx; src/features/assist/pages/CasesPage.tsx"
"assist.chat.dialogs","Диалоги","Suhbatlar","Conversations","src/features/assist/pages/ChatPage.tsx"
"assist.chat.empty","Сообщений нет","Xabarlar yoʻq","No messages","src/features/assist/pages/ChatPage.tsx"
"assist.chat.placeholder","Ответ застрахованному","Sugʻurtalangan shaxsga javob","Reply to the insured person","src/features/assist/pages/ChatPage.tsx"
"assist.chat.replyAria","Ответ","Javob","Reply","src/features/assist/pages/ChatPage.tsx"
"assist.chat.title","Чаты с застрахованными","Sugʻurtalanganlar bilan chatlar","Chats with insured persons","src/features/assist/pages/ChatPage.tsx"
"assist.chat.unanswered","Ждёт ответа","Javob kutmoqda","Awaiting reply","src/features/assist/pages/ChatPage.tsx"
"assist.clinics.aria","Клиники","Klinikalar","Clinics","src/features/assist/pages/ClinicsPage.tsx"
"assist.clinics.code","Код","Kod","Code","src/features/assist/pages/ClinicsPage.tsx"
"assist.clinics.contractPrice","прайс по договору с ассистансом","assistans bilan shartnoma boʻyicha narxlar","price list under the contract with the assistance company","src/features/assist/pages/ClinicsPage.tsx"
"assist.clinics.migPrice","прайс МИГ","MIG narxlari","MIG price list","src/features/assist/pages/ClinicsPage.tsx"
"assist.clinics.needsGp","нужно ГП","kafolat xati kerak","GL required","src/features/assist/pages/ClinicsPage.tsx"
"assist.clinics.ownPrice","свой прайс","oʻz narxlari","own price list","src/features/assist/pages/ClinicsPage.tsx"
"assist.clinics.price","Цена","Narx","Price","src/features/assist/pages/ClinicsPage.tsx"
"assist.clinics.priceList","Прайс-лист","Narxlar roʻyxati","Price list","src/features/assist/pages/ClinicsPage.tsx"
"assist.clinics.subtitle","Цена строки реестра проверяется по прайсу пары «клиника + ассистанс». Без отдельного договора действует прайс МИГ","Reyestr qatorining narxi «klinika + assistans» juftligi narxlari boʻyicha tekshiriladi. Alohida shartnoma boʻlmasa, MIG narxlari amal qiladi","A register line price is checked against the price list of the «clinic + assistance company» pair. Without a separate contract, the MIG price list applies","src/features/assist/pages/ClinicsPage.tsx"
"assist.clinics.title","Клиники сети и прайсы","Tarmoq klinikalari va narxlar","Network clinics and prices","src/features/assist/pages/ClinicsPage.tsx"
"assist.dashboard.authority","полномочия по ГП до {amount}","kafolat xatlari boʻyicha vakolatlar {amount} gacha","guarantee letter authority up to {amount}","src/features/assist/pages/DashboardPage.tsx"
"assist.dashboard.docTitle","Рабочий стол ассистанса","Assistans ish stoli","Assistance dashboard","src/features/assist/pages/DashboardPage.tsx"
"assist.dashboard.guaranteesPending","ГП на решение","Qaror kutayotgan kafolat xatlari","Guarantee letters to decide","src/features/assist/pages/DashboardPage.tsx"
"assist.dashboard.hello","Здравствуйте, {name}","Assalomu alaykum, {name}","Hello, {name}","src/features/assist/pages/DashboardPage.tsx"
"assist.dashboard.kpiMonth","KPI за месяц","Oy uchun KPI","KPI for the month","src/features/assist/pages/DashboardPage.tsx"
"assist.dashboard.line247","линия 24/7","24/7 liniya","24/7 line","src/features/assist/pages/DashboardPage.tsx"
"assist.dashboard.linesPending","Строк реестров к проверке","Tekshiriladigan reyestr qatorlari","Register lines to review","src/features/assist/pages/DashboardPage.tsx"
"assist.dashboard.openCases","Открытые обращения","Ochiq murojaatlar","Open cases","src/features/assist/pages/DashboardPage.tsx"
"assist.dashboard.queue","Очередь","Navbat","Queue","src/features/assist/pages/DashboardPage.tsx"
"assist.dashboard.queueEmpty","Очередь пуста","Navbat boʻsh","The queue is empty","src/features/assist/pages/DashboardPage.tsx"
"assist.dashboard.queueEmptyHint","Новые обращения, записи, ГП и строки реестров появятся здесь","Yangi murojaatlar, qabullar, kafolat xatlari va reyestr qatorlari shu yerda paydo boʻladi","New cases, appointments, guarantee letters and register lines will appear here","src/features/assist/pages/DashboardPage.tsx"
"assist.dashboard.rebillsInReview","Счета МИГ на проверке","Tekshiruvdagi MIG hisoblari","MIG invoices under review","src/features/assist/pages/DashboardPage.tsx"
"assist.dashboard.slaBreaches","Нарушения SLA","SLA buzilishlari","SLA breaches","src/features/assist/pages/DashboardPage.tsx"
"assist.guarantee.amountUzs","Сумма, UZS","Summa, UZS","Amount, UZS","src/features/assist/pages/GuaranteePage.tsx"
"assist.guarantee.approved","Одобрено","Tasdiqlangan","Approved","src/features/assist/pages/GuaranteePage.tsx"
"assist.guarantee.authorityHint","Полномочия ассистанса — до {amount}","Assistans vakolatlari — {amount} gacha","Assistance authority limit: up to {amount}","src/features/assist/pages/GuaranteePage.tsx"
"assist.guarantee.clinicComment","Комментарий клиники: {text}","Klinika izohi: {text}","Clinic comment: {text}","src/features/assist/pages/GuaranteePage.tsx"
"assist.guarantee.clinicRequest","Запрос клиники","Klinika soʻrovi","Clinic request","src/features/assist/pages/GuaranteePage.tsx"
"assist.guarantee.crumb","Письмо","Xat","Letter","src/features/assist/pages/GuaranteePage.tsx"
"assist.guarantee.decisionReason","Причина решения: {text}","Qaror sababi: {text}","Reason for the decision: {text}","src/features/assist/pages/GuaranteePage.tsx"
"assist.guarantee.docTitle","Гарантийное письмо","Kafolat xati","Guarantee letter","src/features/assist/pages/GuaranteePage.tsx"
"assist.guarantee.doctorOpinion","Заключение врача ассистанса: {text}","Assistans shifokorining xulosasi: {text}","Assistance doctor's opinion: {text}","src/features/assist/pages/GuaranteePage.tsx"
"assist.guarantee.escalate","Эскалировать в МИГ","MIGga yuborish","Escalate to MIG","src/features/assist/pages/GuaranteePage.tsx"
"assist.guarantee.estimatedCost","Оценка стоимости","Taxminiy narx","Estimated cost","src/features/assist/pages/GuaranteePage.tsx"
"assist.guarantee.heading","Гарантийное письмо {number}","Kafolat xati {number}","Guarantee letter {number}","src/features/assist/pages/GuaranteePage.tsx"
"assist.guarantee.history","История решений","Qarorlar tarixi","Decision history","src/features/assist/pages/GuaranteePage.tsx"
"assist.guarantee.icd10","МКБ-10","XKT-10","ICD-10","src/features/assist/pages/GuaranteePage.tsx; src/features/assist/pages/RegistryPage.tsx"
"assist.guarantee.migDecision","Решение МИГ","MIG qarori","MIG decision","src/features/assist/pages/GuaranteePage.tsx"
"assist.guarantee.noDecisions","Решений пока нет","Hozircha qarorlar yoʻq","No decisions yet","src/features/assist/pages/GuaranteePage.tsx"
"assist.guarantee.opinionForMig","Заключение врача для МИГ","MIG uchun shifokor xulosasi","Doctor's opinion for MIG","src/features/assist/pages/GuaranteePage.tsx"
"assist.guarantee.overAuthority","Выше полномочий ({amount}): эскалируйте в МИГ","Vakolatlardan yuqori ({amount}): MIGga yuboring","Above the authority limit ({amount}): escalate to MIG","src/features/assist/pages/GuaranteePage.tsx"
"assist.guarantee.overAuthorityNote","Сумма выше полномочий ассистанса ({amount}). Дайте заключение и передайте решение в МИГ.","Summa assistans vakolatlaridan yuqori ({amount}). Xulosa bering va qarorni MIGga topshiring.","The amount is above the assistance authority limit ({amount}). Give your opinion and pass the decision to MIG.","src/features/assist/pages/GuaranteePage.tsx"
"assist.guarantee.rejectReason","Причина отказа","Rad etish sababi","Reason for denial","src/features/assist/pages/GuaranteePage.tsx"
"assist.guarantee.requestDocs","Запросить документы","Hujjatlarni soʻrash","Request documents","src/features/assist/pages/GuaranteePage.tsx"
"assist.guarantee.requested","Запрошено","Soʻralgan","Requested","src/features/assist/pages/GuaranteePage.tsx; src/features/assist/pages/GuaranteesPage.tsx"
"assist.guarantee.sendToMig","Передать в МИГ","MIGga topshirish","Pass to MIG","src/features/assist/pages/GuaranteePage.tsx"
"assist.guarantee.sentToMig","Передано в МИГ","MIGga yuborildi","Sent to MIG","src/features/assist/pages/GuaranteePage.tsx"
"assist.guarantee.toastApproved","Письмо одобрено, лимит зарезервирован","Xat tasdiqlandi, limit zaxiraga olindi","Letter approved, the limit is reserved","src/features/assist/pages/GuaranteePage.tsx"
"assist.guarantee.toastEscalated","Письмо передано на решение в МИГ","Xat qaror uchun MIGga yuborildi","The letter was sent to MIG for a decision","src/features/assist/pages/GuaranteePage.tsx"
"assist.guarantee.toastInfo","Клинике отправлен запрос документов","Klinikaga hujjatlar soʻrovi yuborildi","A request for documents was sent to the clinic","src/features/assist/pages/GuaranteePage.tsx"
"assist.guarantee.toastRejected","Письмо отклонено","Xat rad etildi","Letter rejected","src/features/assist/pages/GuaranteePage.tsx"
"assist.guarantee.validUntil"," до {date}"," {date} gacha"," until {date}","src/features/assist/pages/GuaranteePage.tsx"
"assist.guarantee.whichDocs","Какие документы нужны","Qanday hujjatlar kerak","Documents needed","src/features/assist/pages/GuaranteePage.tsx"
"assist.guarantees.atMig","В МИГ","MIGda","At MIG","src/features/assist/pages/GuaranteesPage.tsx"
"assist.guarantees.decidedByAssist","Решил ассистанс","Assistans hal qildi","Decided by the assistance company","src/features/assist/pages/GuaranteesPage.tsx"
"assist.guarantees.decidedByMig","Решил МИГ","MIG hal qildi","Decided by MIG","src/features/assist/pages/GuaranteesPage.tsx"
"assist.guarantees.empty","Писем нет","Xatlar yoʻq","No letters","src/features/assist/pages/GuaranteesPage.tsx"
"assist.guarantees.subtitle","В пределах полномочий решает врач ассистанса, выше — заключение и эскалация в МИГ","Vakolatlar doirasida assistans shifokori hal qiladi, undan yuqori — xulosa va MIGga yuborish","Within the authority limit the assistance doctor decides; above it, an opinion and escalation to MIG","src/features/assist/pages/GuaranteesPage.tsx"
"assist.guarantees.tab.approved","Одобрены","Tasdiqlangan","Approved","src/features/assist/pages/GuaranteesPage.tsx"
"assist.guarantees.tab.closed","Отклонены и истекли","Rad etilgan va muddati tugagan","Rejected and expired","src/features/assist/pages/GuaranteesPage.tsx"
"assist.guarantees.tab.info","Ждут документы","Hujjatlarni kutmoqda","Awaiting documents","src/features/assist/pages/GuaranteesPage.tsx"
"assist.guarantees.tab.requested","Ждут решения","Qaror kutmoqda","Awaiting decision","src/features/assist/pages/GuaranteesPage.tsx"
"assist.insured.active","Застрахован","Sugʻurtalangan","Insured","src/features/assist/pages/InsuredCardPage.tsx; src/features/assist/pages/InsuredSearchPage.tsx"
"assist.insured.caption","Застрахованные ассистанса","Assistansning sugʻurtalanganlari","Insured persons of the assistance company","src/features/assist/pages/InsuredSearchPage.tsx"
"assist.insured.company","Компания","Kompaniya","Company","src/features/assist/pages/InsuredSearchPage.tsx"
"assist.insured.empty","Никого не нашли среди ваших застрахованных","Sugʻurtalanganlaringiz orasida hech kim topilmadi","No one found among your insured persons","src/features/assist/pages/InsuredSearchPage.tsx"
"assist.insured.excluded","Исключён","Chiqarilgan","Excluded","src/features/assist/pages/InsuredCardPage.tsx; src/features/assist/pages/InsuredSearchPage.tsx"
"assist.insured.searchAria","Поиск застрахованного","Sugʻurtalangan shaxsni qidirish","Search for an insured person","src/features/assist/pages/InsuredSearchPage.tsx"
"assist.insured.searchPlaceholder","ФИО, номер полиса или телефон","F.I.Sh., polis raqami yoki telefon","Full name, policy number or phone","src/features/assist/pages/InsuredSearchPage.tsx"
"assist.insured.subtitle","Только клиенты, закреплённые за вашим ассистансом. ПИНФЛ скрыт, показать можно по причине","Faqat sizning assistansingizga biriktirilgan mijozlar. JShShIR yashirilgan, sababini koʻrsatib ochish mumkin","Only clients assigned to your assistance company. The PINFL is hidden and can be shown with a reason","src/features/assist/pages/InsuredSearchPage.tsx"
"assist.insured.title","Застрахованные","Sugʻurtalanganlar","Insured persons","src/features/assist/pages/InsuredCardPage.tsx; src/features/assist/pages/InsuredSearchPage.tsx"
"assist.kind.appointment","Запись","Qabul","Appointment","src/features/assist/pages/DashboardPage.tsx"
"assist.kind.case","Обращение","Murojaat","Case","src/features/assist/pages/DashboardPage.tsx"
"assist.kind.escalation","В МИГ","MIGga","To MIG","src/features/assist/pages/DashboardPage.tsx"
"assist.kind.guarantee","ГП","Kafolat xati","GL","src/features/assist/pages/DashboardPage.tsx"
"assist.kind.rebill","Счёт МИГ","MIG hisobi","MIG invoice","src/features/assist/pages/DashboardPage.tsx"
"assist.kind.registry","Реестр","Reyestr","Register","src/features/assist/pages/DashboardPage.tsx"
"assist.kpi.complaints","Жалоб на 1000 застрахованных","1000 sugʻurtalanganga shikoyatlar","Complaints per 1,000 insured","src/features/assist/components.tsx"
"assist.kpi.guaranteesOnTime","ГП решены в срок","Kafolat xatlari oʻz vaqtida hal qilindi","Guarantee letters decided on time","src/features/assist/components.tsx"
"assist.kpi.lossRatio","Убыточность портфеля","Portfelning zararlilik darajasi","Portfolio loss ratio","src/features/assist/components.tsx"
"assist.kpi.minutes","{n} мин","{n} daq","{n} min","src/features/assist/components.tsx"
"assist.kpi.qaAgreement","Согласие контроля качества","Sifat nazorati bilan kelishuv","Quality control agreement","src/features/assist/components.tsx"
"assist.kpi.responseAvg","Ответ по записи, в среднем","Qabul boʻyicha javob, oʻrtacha","Appointment response, average","src/features/assist/components.tsx"
"assist.layout.navAria","Разделы портала ассистанса","Assistans portali boʻlimlari","Assistance portal sections","src/features/assist/AssistLayout.tsx"
"assist.layout.partnerPortal","Портал партнёра","Hamkor portali","Partner portal","src/features/assist/AssistLayout.tsx"
"assist.layout.partnerPortalOf","Портал партнёра · {name}","Hamkor portali · {name}","Partner portal · {name}","src/features/assist/AssistLayout.tsx"
"assist.line.accepted","Принята","Qabul qilindi","Accepted","src/features/assist/components.tsx"
"assist.line.assistReason","Ассистанс: {text}","Assistans: {text}","Assistance: {text}","src/features/assist/components.tsx"
"assist.line.caption","Строки счёта","Hisob qatorlari","Invoice lines","src/features/assist/components.tsx"
"assist.line.checksPassed","Проверки пройдены","Tekshiruvlardan oʻtdi","Checks passed","src/features/assist/components.tsx"
"assist.line.disputed","Оспорена","Eʼtiroz bildirildi","Disputed","src/features/assist/components.tsx"
"assist.line.empty","В счёте нет строк","Hisobda qatorlar yoʻq","The invoice has no lines","src/features/assist/components.tsx"
"assist.line.migChecks","Проверки МИГ","MIG tekshiruvlari","MIG checks","src/features/assist/components.tsx"
"assist.line.migReason","МИГ: {text}","MIG: {text}","MIG: {text}","src/features/assist/components.tsx"
"assist.line.pending","Ждёт проверки","Tekshiruvni kutmoqda","Awaiting review","src/features/assist/components.tsx"
"assist.line.rejected","Отклонена","Rad etildi","Rejected","src/features/assist/components.tsx"
"assist.line.serviceDate","Дата услуги","Xizmat sanasi","Service date","src/features/assist/components.tsx"
"assist.nav.appointments","Записи","Qabullar","Appointments","src/features/assist/nav.ts; src/features/assist/pages/AppointmentsPage.tsx; src/features/help/routeMap.ts"
"assist.nav.cases","Обращения","Murojaatlar","Cases","src/features/assist/nav.ts; src/features/help/routeMap.ts"
"assist.nav.chat","Чаты","Chatlar","Chats","src/features/assist/nav.ts; src/features/assist/pages/ChatPage.tsx; src/features/help/routeMap.ts"
"assist.nav.clinics","Клиники и прайсы","Klinikalar va narxlar","Clinics and prices","src/features/assist/nav.ts; src/features/assist/pages/ClinicsPage.tsx"
"assist.nav.dashboard","Рабочий стол","Ish stoli","Dashboard","src/features/assist/AssistLayout.tsx; src/features/assist/nav.ts; src/features/assist/pages/DashboardPage.tsx"
"assist.nav.group.admin","Администрирование","Boshqaruv","Administration","src/features/assist/nav.ts"
"assist.nav.group.finance","Финансы","Moliya","Finance","src/features/assist/nav.ts"
"assist.nav.group.refs","Справочники","Maʼlumotnomalar","Reference","src/features/assist/nav.ts"
"assist.nav.group.work","Работа","Ish","Work","src/features/assist/nav.ts"
"assist.nav.guarantees","Гарантийные письма","Kafolat xatlari","Guarantee letters","src/features/assist/nav.ts; src/features/assist/pages/GuaranteePage.tsx; src/features/assist/pages/GuaranteesPage.tsx; src/features/help/routeMap.ts"
"assist.nav.insured","Застрахованные","Sugʻurtalanganlar","Insured persons","src/features/assist/nav.ts"
"assist.nav.integration","Интеграция","Integratsiya","Integration","src/features/assist/nav.ts; src/features/assist/pages/IntegrationPage.tsx; src/features/help/routeMap.ts"
"assist.nav.rebills","Счета МИГ","MIG hisoblari","MIG invoices","src/features/assist/nav.ts; src/features/assist/pages/RebillPage.tsx; src/features/assist/pages/RebillsPage.tsx; src/features/help/routeMap.ts"
"assist.nav.registries","Реестры клиник","Klinikalar reyestrlari","Clinic registers","src/features/assist/nav.ts; src/features/assist/pages/RegistriesPage.tsx; src/features/assist/pages/RegistryPage.tsx; src/features/help/routeMap.ts"
"assist.nav.users","Пользователи","Foydalanuvchilar","Users","src/features/assist/nav.ts; src/features/help/routeMap.ts"
"assist.rebill.acceptedBy","Принял: {name}","Qabul qildi: {name}","Accepted by: {name}","src/features/assist/components.tsx"
"assist.rebill.acceptedFor","Принято строк на","Qabul qilingan qatorlar summasi","Lines accepted for","src/features/assist/components.tsx"
"assist.rebill.confirmDescription","{n} строк на {claims} и вознаграждение {fee}. После отправки строки изменить нельзя.","{claims} summasiga {n} qator va {fee} xizmat haqi. Yuborilgandan soʻng qatorlarni oʻzgartirib boʻlmaydi.","{n} lines for {claims} and a fee of {fee}. Lines cannot be changed after sending.","src/features/assist/pages/RebillPage.tsx"
"assist.rebill.confirmTitle","Отправить счёт в МИГ?","Hisob MIGga yuborilsinmi?","Send the invoice to MIG?","src/features/assist/pages/RebillPage.tsx"
"assist.rebill.crumb","Счёт","Hisob","Invoice","src/features/assist/pages/RebillPage.tsx"
"assist.rebill.dispute","Оспорить","Eʼtiroz bildirish","Dispute","src/features/assist/pages/RebillPage.tsx"
"assist.rebill.disputeAria","Оспорить строку {name}","{name} qatoriga eʼtiroz bildirish","Dispute line {name}","src/features/assist/pages/RebillPage.tsx"
"assist.rebill.disputeDescription","{service} · {amount} · МИГ: {reason}","{service} · {amount} · MIG: {reason}","{service} · {amount} · MIG: {reason}","src/features/assist/pages/RebillPage.tsx"
"assist.rebill.disputeSent","Возражение отправлено в МИГ","Eʼtiroz MIGga yuborildi","Objection sent to MIG","src/features/assist/pages/RebillPage.tsx"
"assist.rebill.disputeTitle","Оспорить отклонение","Rad etishga eʼtiroz","Dispute the denial","src/features/assist/pages/RebillPage.tsx"
"assist.rebill.docTitle","Счёт МИГ","MIG hisobi","MIG invoice","src/features/assist/pages/RebillPage.tsx"
"assist.rebill.fee","Вознаграждение","Xizmat haqi","Fee","src/features/assist/components.tsx"
"assist.rebill.heading","Счёт {number} за {period}","{period} uchun {number} hisob","Invoice {number} for {period}","src/features/assist/pages/RebillPage.tsx"
"assist.rebill.objection","Возражение","Eʼtiroz","Objection","src/features/assist/pages/RebillPage.tsx"
"assist.rebill.paidAt","Оплачен {date}","Toʻlangan: {date}","Paid {date}","src/features/assist/components.tsx"
"assist.rebill.paidToClinics","Оплачено клиникам","Klinikalarga toʻlangan","Paid to clinics","src/features/assist/components.tsx"
"assist.rebill.rebuild","Пересобрать из оплат","Toʻlovlardan qayta yigʻish","Rebuild from payments","src/features/assist/pages/RebillPage.tsx"
"assist.rebill.rejectedFor","Отклонено строк на","Rad etilgan qatorlar summasi","Lines rejected for","src/features/assist/components.tsx"
"assist.rebill.reviewDue","Проверка МИГ до {date} (10 рабочих дней)","MIG tekshiruvi {date} gacha (10 ish kuni)","MIG review by {date} (10 working days)","src/features/assist/components.tsx"
"assist.rebill.sendToMig","Отправить в МИГ","MIGga yuborish","Send to MIG","src/features/assist/pages/RebillPage.tsx"
"assist.rebill.sent","Счёт отправлен в МИГ","Hisob MIGga yuborildi","Invoice sent to MIG","src/features/assist/pages/RebillPage.tsx"
"assist.rebill.submittedAt","Отправлен {date}","Yuborilgan: {date}","Submitted {date}","src/features/assist/components.tsx"
"assist.rebill.totalToReimburse","Итого к возмещению","Qoplash uchun jami","Total to reimburse","src/features/assist/components.tsx"
"assist.rebills.build","Сформировать счёт за {period}","{period} uchun hisobni shakllantirish","Build the invoice for {period}","src/features/assist/pages/RebillsPage.tsx"
"assist.rebills.empty","Счетов пока нет","Hozircha hisoblar yoʻq","No invoices yet","src/features/assist/pages/RebillsPage.tsx"
"assist.rebills.flagged","С флагами","Belgilar bilan","Flagged","src/features/assist/pages/RebillsPage.tsx"
"assist.rebills.sentCol","Отправлен","Yuborilgan","Submitted","src/features/assist/pages/RebillsPage.tsx"
"assist.rebills.subtitle","Строки, оплаченные клиникам в месяце, плюс вознаграждение по договору. МИГ проверяет счёт 10 рабочих дней","Oy davomida klinikalarga toʻlangan qatorlar va shartnoma boʻyicha xizmat haqi. MIG hisobni 10 ish kuni ichida tekshiradi","Lines paid to clinics in the month plus the contract fee. MIG reviews the invoice within 10 working days","src/features/assist/pages/RebillsPage.tsx"
"assist.rebills.title","Счета на возмещение МИГ","MIGga qoplash hisoblari","Reimbursement invoices to MIG","src/features/assist/pages/RebillsPage.tsx"
"assist.rebills.updateDraft","Обновить черновик счёт за {period}","{period} uchun hisob qoralamasini yangilash","Update the draft invoice for {period}","src/features/assist/pages/RebillsPage.tsx"
"assist.registries.caption","Подреестры клиник","Klinikalarning quyi reyestrlari","Clinic sub-registers","src/features/assist/pages/RegistriesPage.tsx"
"assist.registries.empty","Реестров нет","Reyestrlar yoʻq","No registers","src/features/assist/pages/RegistriesPage.tsx"
"assist.registries.lines","Строк","Qatorlar","Lines","src/features/assist/pages/RebillsPage.tsx; src/features/assist/pages/RegistriesPage.tsx"
"assist.registries.paid","Оплачено","Toʻlangan","Paid","src/features/assist/pages/RegistriesPage.tsx"
"assist.registries.received","Получен","Qabul qilingan","Received","src/features/assist/pages/RegistriesPage.tsx"
"assist.registries.reviewBy","Проверить до","Tekshirish muddati","Review by","src/features/assist/pages/RegistriesPage.tsx"
"assist.registries.source.portal","Кабинет","Kabinet","Portal","src/features/assist/pages/RegistriesPage.tsx"
"assist.registries.subtitle","Система сама разносит строки реестров по плательщикам: здесь только строки ваших застрахованных","Tizim reyestr qatorlarini toʻlovchilar boʻyicha oʻzi taqsimlaydi: bu yerda faqat sugʻurtalanganlaringiz qatorlari","The system splits register lines by payer: only lines of your insured persons are shown here","src/features/assist/pages/RegistriesPage.tsx"
"assist.registries.toReview","К проверке","Tekshirish uchun","To review","src/features/assist/pages/RegistriesPage.tsx"
"assist.registries.unpaid","Не оплачено","Toʻlanmagan","Unpaid","src/features/assist/pages/RegistriesPage.tsx"
"assist.registry.accept","Принять","Qabul qilish","Accept","src/features/assist/pages/RegistryPage.tsx"
"assist.registry.acceptAria","Принять строку {name}","{name} qatorini qabul qilish","Accept line {name}","src/features/assist/pages/RegistryPage.tsx"
"assist.registry.accepted","Принято","Qabul qilingan","Accepted","src/features/assist/pages/RegistryPage.tsx"
"assist.registry.caption","Строки подреестра","Quyi reyestr qatorlari","Sub-register lines","src/features/assist/pages/RegistryPage.tsx"
"assist.registry.checkAndPay","Проверка и оплата","Tekshiruv va toʻlov","Review and payment","src/features/assist/pages/RegistryPage.tsx"
"assist.registry.claimed","Заявлено","Taqdim etilgan","Claimed","src/features/assist/pages/RegistriesPage.tsx; src/features/assist/pages/RegistryPage.tsx"
"assist.registry.clinicDispute","Клиника: {text}","Klinika: {text}","Clinic: {text}","src/features/assist/pages/RegistryPage.tsx"
"assist.registry.crumb","Реестр","Reyestr","Register","src/features/assist/pages/RegistryPage.tsx"
"assist.registry.docTitle","Реестр клиники","Klinika reyestri","Clinic register","src/features/assist/pages/RegistryPage.tsx"
"assist.registry.gpNotApproved","ГП не одобрено","Kafolat xati tasdiqlanmagan","GL not approved","src/features/assist/pages/RegistryPage.tsx"
"assist.registry.keepRejection","Оставить отказ","Rad etishni qoldirish","Keep the denial","src/features/assist/pages/RegistryPage.tsx"
"assist.registry.lineAccepted","Строка принята: лимит списан","Qator qabul qilindi: limitdan yechildi","Line accepted: charged to the limit","src/features/assist/pages/RegistryPage.tsx"
"assist.registry.linePaid","Оплачено {date} · {order}","Toʻlangan: {date} · {order}","Paid {date} · {order}","src/features/assist/pages/RegistryPage.tsx"
"assist.registry.lineRejected","Строка отклонена","Qator rad etildi","Line rejected","src/features/assist/pages/RegistryPage.tsx"
"assist.registry.markPaid","Отметить оплату","Toʻlovni belgilash","Record payment","src/features/assist/pages/RegistryPage.tsx"
"assist.registry.orderNumber","Номер платёжного поручения","Toʻlov topshiriqnomasi raqami","Payment order number","src/features/assist/pages/RegistryPage.tsx"
"assist.registry.orderPlaceholder","PP-10452","PP-10452","PP-10452","src/features/assist/pages/RegistryPage.tsx"
"assist.registry.overGp","больше ГП {amount}","kafolat xatidan ({amount}) koʻp","above the GL of {amount}","src/features/assist/pages/RegistryPage.tsx"
"assist.registry.paidAt","Дата оплаты","Toʻlov sanasi","Payment date","src/features/assist/pages/RegistryPage.tsx"
"assist.registry.paidToClinic","Оплачено клинике","Klinikaga toʻlangan","Paid to the clinic","src/features/assist/pages/RegistryPage.tsx"
"assist.registry.payAll","Оплатить все принятые · {amount}","Barcha qabul qilinganlarni toʻlash · {amount}","Pay all accepted · {amount}","src/features/assist/pages/RegistryPage.tsx"
"assist.registry.payDescription","Строк: {n} · {amount}","Qatorlar: {n} · {amount}","Lines: {n} · {amount}","src/features/assist/pages/RegistryPage.tsx"
"assist.registry.paySelected","Оплатить выбранные ({n})","Tanlanganlarni toʻlash ({n})","Pay selected ({n})","src/features/assist/pages/RegistryPage.tsx"
"assist.registry.payTitle","Отметить оплату клинике","Klinikaga toʻlovni belgilash","Record payment to the clinic","src/features/assist/pages/RegistryPage.tsx"
"assist.registry.paymentMarked","Оплата {amount} отмечена","{amount} toʻlov belgilandi","Payment of {amount} recorded","src/features/assist/pages/RegistryPage.tsx"
"assist.registry.pick","Выбор","Tanlash","Select","src/features/assist/pages/RegistryPage.tsx"
"assist.registry.pickAria","Выбрать строку {name}","{name} qatorini tanlash","Select line {name}","src/features/assist/pages/RegistryPage.tsx"
"assist.registry.rejectAria","Отклонить строку {name}","{name} qatorini rad etish","Reject line {name}","src/features/assist/pages/RegistryPage.tsx"
"assist.registry.rejectTitle","Отклонить строку","Qatorni rad etish","Reject line","src/features/assist/pages/RegistryPage.tsx"
"assist.registry.rejected","Отклонено","Rad etilgan","Rejected","src/features/assist/pages/RegistryPage.tsx"
"assist.registry.source","источник: {source}","manba: {source}","source: {source}","src/features/assist/pages/RegistryPage.tsx"
"assist.registry.source.api","API МИС","TAT API","MIS API","src/features/assist/pages/RegistryPage.tsx"
"assist.registry.source.csv","CSV","CSV","CSV","src/features/assist/pages/RegistryPage.tsx"
"assist.registry.source.portal","кабинет клиники","klinika kabineti","clinic portal","src/features/assist/pages/RegistryPage.tsx"
"assist.registry.subRegistry","Подреестр вашего ассистанса: {n} строк","Assistansingizning quyi reyestri: {n} qator","Your assistance company's sub-register: {n} lines","src/features/assist/pages/RegistryPage.tsx"
"assist.registry.withinGp","в пределах ГП","kafolat xati doirasida","within the GL","src/features/assist/pages/RegistryPage.tsx"
"assist.sla.days","{d} дн","{d} kun","{d} d","src/features/assist/components.tsx"
"assist.sla.hoursMin","{h} ч {min} мин","{h} soat {min} daq","{h} h {min} min","src/features/assist/components.tsx"
"assist.sla.left","осталось {left}","{left} qoldi","{left} left","src/features/assist/components.tsx"
"assist.sla.min","{min} мин","{min} daq","{min} min","src/features/assist/components.tsx"
"assist.sla.overdue","просрочено на {left}","{left} kechikdi","overdue by {left}","src/features/assist/components.tsx"
"assist.users.active","Активен","Faol","Active","src/features/assist/pages/UsersPage.tsx"
"assist.users.disable","Отключить","Oʻchirish","Disable","src/features/assist/pages/UsersPage.tsx"
"assist.users.disabled","Отключён","Oʻchirilgan","Disabled","src/features/assist/pages/UsersPage.tsx"
"assist.users.enable","Включить","Yoqish","Enable","src/features/assist/pages/UsersPage.tsx"
"assist.users.invite","Пригласить","Taklif qilish","Invite","src/features/assist/pages/UsersPage.tsx"
"assist.users.inviteDescription","Вход по email и паролю с кодом подтверждения (MFA)","Email va parol hamda tasdiqlash kodi bilan kirish (MFA)","Sign in with email, password and a verification code (MFA)","src/features/assist/pages/UsersPage.tsx"
"assist.users.inviteTitle","Пригласить пользователя","Foydalanuvchini taklif qilish","Invite a user","src/features/assist/pages/UsersPage.tsx"
"assist.users.invited","Пользователь приглашён","Foydalanuvchi taklif qilindi","User invited","src/features/assist/pages/UsersPage.tsx"
"assist.users.lastLogin","Последний вход","Oxirgi kirish","Last sign-in","src/features/assist/pages/UsersPage.tsx"
"assist.users.pageTitle","Пользователи ассистанса","Assistans foydalanuvchilari","Assistance company users","src/features/assist/pages/UsersPage.tsx"
"assist.users.roleAria","Роль {name}","{name} roli","Role of {name}","src/features/assist/pages/UsersPage.tsx"
"assist.users.saved","Сохранено","Saqlandi","Saved","src/features/assist/pages/UsersPage.tsx"
"assist.users.title","Пользователи","Foydalanuvchilar","Users","src/features/assist/pages/UsersPage.tsx"
"auth.card.tagline","ДМС · портал сотрудников и клиентов","ITS · xodimlar va mijozlar portali","VHI · staff and client portal","src/features/auth/AuthCard.tsx"
"auth.idle.description","Из-за неактивности сессия скоро завершится. Несохранённые данные будут потеряны.","Faollik boʻlmagani sababli seans tez orada yakunlanadi. Saqlanmagan maʼlumotlar yoʻqoladi.","The session will end soon due to inactivity. Unsaved data will be lost.","src/shared/auth/IdleWatcher.tsx"
"auth.idle.stay","Продолжить работу","Ishni davom ettirish","Continue working","src/shared/auth/IdleWatcher.tsx"
"auth.idle.title","Вы ещё здесь?","Hali shu yerdamisiz?","Are you still here?","src/shared/auth/IdleWatcher.tsx"
"auth.login.password","Пароль","Parol","Password","src/features/auth/LoginPage.tsx"
"auth.login.submit","Войти","Kirish","Sign in","src/features/auth/LoginPage.tsx"
"auth.login.subtitle","Для сотрудников MIG и HR компаний-клиентов","MIG xodimlari va mijoz kompaniyalarning HR xodimlari uchun","For MIG staff and client company HR","src/features/auth/LoginPage.tsx"
"auth.login.title","Вход","Kirish","Sign in","src/features/auth/LoginPage.tsx"
"auth.notice.idle","Сессия завершена из-за неактивности. Войдите снова","Faollik boʻlmagani sababli seans yakunlandi. Qaytadan kiring","The session ended due to inactivity. Sign in again","src/shared/auth/IdleWatcher.tsx"
"auth.notice.otherTab","Вы вышли в другой вкладке","Siz boshqa vkladkada chiqdingiz","You signed out in another tab","src/shared/auth/session.ts"
"auth.otp.docTitle","Код подтверждения","Tasdiqlash kodi","Verification code","src/features/auth/OtpPage.tsx"
"auth.otp.footer","Вход защищён MFA. Все входы записываются в журнал аудита.","Kirish MFA bilan himoyalangan. Barcha kirishlar audit jurnaliga yoziladi.","Sign-in is protected by MFA. All sign-ins are recorded in the audit log.","src/features/auth/OtpPage.tsx"
"auth.otp.resend","Отправить код повторно","Kodni qayta yuborish","Resend the code","src/features/auth/OtpPage.tsx"
"auth.otp.resendIn","Отправить код повторно через {n} с","Kodni {n} soniyadan keyin qayta yuborish mumkin","Resend the code in {n} s","src/features/auth/OtpPage.tsx"
"auth.otp.resent","Код отправлен повторно","Kod qayta yuborildi","The code has been resent","src/features/auth/OtpPage.tsx"
"auth.otp.subtitle","Введите 6-значный код из приложения-аутентификатора или SMS","Autentifikator ilovasi yoki SMSdagi 6 xonali kodni kiriting","Enter the 6-digit code from your authenticator app or SMS","src/features/auth/OtpPage.tsx"
"auth.otp.title","Второй фактор","Ikkinchi omil","Second factor","src/features/auth/OtpPage.tsx"
"clinic.appts.allDone","Все заявки обработаны","Barcha arizalar koʻrib chiqildi","All requests handled","src/features/clinic/pages/AppointmentsPage.tsx"
"clinic.appts.allDoneHint","Новые заявки появятся здесь сразу после записи пациента","Yangi arizalar bemor yozilishi bilan shu yerda paydo boʻladi","New requests will appear here as soon as a patient books","src/features/clinic/pages/AppointmentsPage.tsx"
"clinic.appts.caption","Заявки на запись","Qabulga yozilish arizalari","Appointment requests","src/features/clinic/pages/AppointmentsPage.tsx"
"clinic.appts.confirmAria","Подтвердить: {name}","Tasdiqlash: {name}","Confirm: {name}","src/features/clinic/pages/AppointmentsPage.tsx"
"clinic.appts.confirmed","Запись подтверждена","Qabul tasdiqlandi","Appointment confirmed","src/features/clinic/pages/AppointmentsPage.tsx"
"clinic.appts.day","День","Kun","Day","src/features/clinic/pages/AppointmentsPage.tsx"
"clinic.appts.dayView","День","Kun","Day","src/features/clinic/pages/AppointmentsPage.tsx"
"clinic.appts.declineDescription","Причину увидит пациент и оператор МИГ","Sababni bemor va MIG operatori koʻradi","The patient and the MIG operator will see the reason","src/features/clinic/pages/AppointmentsPage.tsx"
"clinic.appts.declineTitle","Отклонить заявку","Arizani rad etish","Decline the request","src/features/clinic/pages/AppointmentsPage.tsx"
"clinic.appts.declined","Заявка отклонена","Ariza rad etildi","Request declined","src/features/clinic/pages/AppointmentsPage.tsx"
"clinic.appts.freeTime","Свободное время","Boʻsh vaqt","Free time","src/features/clinic/pages/AppointmentsPage.tsx"
"clinic.appts.noSlots","На этот день свободного времени нет","Bu kunda boʻsh vaqt yoʻq","No free time on this day","src/features/clinic/pages/AppointmentsPage.tsx"
"clinic.appts.otherTime","Другое время","Boshqa vaqt","Another time","src/features/clinic/pages/AppointmentsPage.tsx"
"clinic.appts.overdue","Ответ просрочен","Javob muddati oʻtgan","Reply overdue","src/features/clinic/pages/AppointmentsPage.tsx"
"clinic.appts.propose","Предложить","Taklif qilish","Offer","src/features/clinic/pages/AppointmentsPage.tsx"
"clinic.appts.proposed","Предложено {at}","Taklif qilingan {at}","Offered {at}","src/features/clinic/pages/AppointmentsPage.tsx"
"clinic.appts.reasonError","Укажите причину: минимум 3 символа","Sababni kiriting: kamida 3 ta belgi","Enter a reason: at least 3 characters","src/features/clinic/pages/AppointmentsPage.tsx"
"clinic.appts.request","Заявка","Ariza","Request","src/features/clinic/pages/AppointmentsPage.tsx"
"clinic.appts.requests","Заявки","Arizalar","Requests","src/features/clinic/pages/AppointmentsPage.tsx"
"clinic.appts.rescheduleDescription","{name} · {specialty} · сейчас {at}","{name} · {specialty} · hozir {at}","{name} · {specialty} · currently {at}","src/features/clinic/pages/AppointmentsPage.tsx"
"clinic.appts.rescheduleTitle","Предложить другое время","Boshqa vaqt taklif qilish","Offer another time","src/features/clinic/pages/AppointmentsPage.tsx"
"clinic.appts.rescheduled","Пациенту предложено другое время","Bemorga boshqa vaqt taklif qilindi","Another time was offered to the patient","src/features/clinic/pages/AppointmentsPage.tsx"
"clinic.appts.schedule","Расписание","Jadval","Schedule","src/features/clinic/pages/AppointmentsPage.tsx"
"clinic.appts.specialty","Специальность","Mutaxassislik","Specialty","src/features/clinic/pages/AppointmentsPage.tsx"
"clinic.appts.statusCompleted","Состоялась","Boʻlib oʻtdi","Completed","src/features/clinic/pages/AppointmentsPage.tsx"
"clinic.appts.statusConfirmed","Подтверждена","Tasdiqlangan","Confirmed","src/features/clinic/pages/AppointmentsPage.tsx"
"clinic.appts.statusWaiting","Ждёт ответа","Javob kutilmoqda","Awaiting reply","src/features/clinic/pages/AppointmentsPage.tsx"
"clinic.appts.subtitle","Ответ сразу видит пациент в приложении и оператор МИГ. Заявки без ответа дольше 2 часов уходят оператору","Javobni bemor ilovada va MIG operatori darhol koʻradi. 2 soatdan ortiq javobsiz arizalar operatorga oʻtadi","The patient sees your reply in the app right away, and so does the MIG operator. Requests unanswered for more than 2 hours go to the operator","src/features/clinic/pages/AppointmentsPage.tsx"
"clinic.appts.view","Вид","Koʻrinish","View","src/features/clinic/pages/AppointmentsPage.tsx"
"clinic.appts.waitingPatient","Ждём ответа пациента","Bemor javobini kutyapmiz","Waiting for the patient's reply","src/features/clinic/pages/AppointmentsPage.tsx"
"clinic.appts.weekView","Неделя","Hafta","Week","src/features/clinic/pages/AppointmentsPage.tsx"
"clinic.check.camera","Сканировать камерой","Kamera bilan skanerlash","Scan with camera","src/features/clinic/pages/CheckPage.tsx"
"clinic.check.checkCode","Проверить код","Kodni tekshirish","Check code","src/features/clinic/pages/CheckPage.tsx"
"clinic.check.checkPolicy","Проверить полис","Polisni tekshirish","Check policy","src/features/clinic/pages/CheckPage.tsx"
"clinic.check.limits","Оба поля обязательны. Не больше {checksPerHour} проверок в час; после {failsBeforeLock} ошибок подряд проверки блокируются на {lockMinutes} мин.","Ikkala maydon ham majburiy. Soatiga {checksPerHour} tadan ortiq tekshiruv mumkin emas; ketma-ket {failsBeforeLock} ta xatodan keyin tekshiruvlar {lockMinutes} daqiqaga bloklanadi.","Both fields are required. No more than {checksPerHour} checks per hour; after {failsBeforeLock} failed attempts in a row checks are blocked for {lockMinutes} min.","src/features/clinic/pages/CheckPage.tsx"
"clinic.check.method.api","МИС (API)","TAT (API)","MIS (API)","src/features/clinic/pages/CheckPage.tsx"
"clinic.check.method.policy","Полис и ПИНФЛ","Polis va JShShIR","Policy and PINFL","src/features/clinic/pages/CheckPage.tsx"
"clinic.check.method.qr","QR / код","QR / kod","QR / code","src/features/clinic/pages/CheckPage.tsx"
"clinic.check.noVisits","Сегодня проверок ещё не было","Bugun hali tekshiruvlar boʻlmagan","No checks today yet","src/features/clinic/pages/CheckPage.tsx"
"clinic.check.openVisit","Открыть визит","Tashrifni ochish","Open visit","src/features/clinic/pages/CheckPage.tsx"
"clinic.check.pinfl","ПИНФЛ","JShShIR","PINFL","src/features/clinic/pages/CheckPage.tsx"
"clinic.check.policyNumber","Номер полиса","Polis raqami","Policy number","src/features/clinic/pages/CheckPage.tsx"
"clinic.check.policyTitle","Номер полиса и ПИНФЛ","Polis raqami va JShShIR","Policy number and PINFL","src/features/clinic/pages/CheckPage.tsx"
"clinic.check.qrTitle","QR или код из приложения","Ilovadagi QR yoki kod","QR or code from the app","src/features/clinic/pages/CheckPage.tsx"
"clinic.check.scanHint","Поле принимает строку сканера MIG-DMS:… и Enter, либо код вида K7P4-QX2M","Maydon MIG-DMS:… skaner satri va Enter yoki K7P4-QX2M koʻrinishidagi kodni qabul qiladi","The field accepts a MIG-DMS:… scanner string and Enter, or a code like K7P4-QX2M","src/features/clinic/pages/CheckPage.tsx"
"clinic.check.scanLabel","Сканер штрихкодов или код из 8 символов","Shtrix-kod skaneri yoki 8 belgili kod","Barcode scanner or 8-character code","src/features/clinic/pages/CheckPage.tsx"
"clinic.check.subtitle","Данные пациента открываются только после проверки полиса: так открывается визит на 24 часа","Bemor maʼlumotlari faqat polis tekshirilgandan keyin ochiladi: shunda 24 soatlik tashrif ochiladi","Patient data opens only after the policy check: this opens a visit for 24 hours","src/features/clinic/pages/CheckPage.tsx"
"clinic.check.todayVisits","Визиты за сегодня","Bugungi tashriflar","Today's visits","src/features/clinic/pages/CheckPage.tsx"
"clinic.check.visitLeft","Визит действует ещё: {left}","Tashrif yana amal qiladi: {left}","Visit valid for: {left}","src/features/clinic/pages/CheckPage.tsx"
"clinic.coverage.birthYear","{year} г. р.","{year} y. t.","born {year}","src/features/clinic/components.tsx"
"clinic.coverage.caption","Покрытие по категориям услуг","Xizmat toifalari boʻyicha qoplama","Coverage by service category","src/features/clinic/components.tsx"
"clinic.coverage.coverage","Покрытие","Qoplama","Coverage","src/features/clinic/components.tsx"
"clinic.coverage.limit","Лимит","Limit","Limit","src/features/clinic/components.tsx"
"clinic.coverage.policyActive","Полис действует","Polis amalda","Policy active","src/features/clinic/components.tsx"
"clinic.coverage.policyInactive","Полис не действует","Polis amalda emas","Policy not active","src/features/clinic/components.tsx"
"clinic.docs.contract","Контракт для бэкенда: {yaml}, JSON — {json}.","Bekend uchun shartnoma: {yaml}, JSON — {json}.","Backend contract: {yaml}, JSON — {json}.","src/features/clinic/integration/DocsTab.tsx"
"clinic.docs.errorsText","Ошибки — {problem} (RFC 9457): {type}, {title}, {status}, {detail}, {errors}. Сообщайте в поддержку значение {requestId}.","Xatolar — {problem} (RFC 9457): {type}, {title}, {status}, {detail}, {errors}. Qoʻllab-quvvatlash xizmatiga {requestId} qiymatini ayting.","Errors are {problem} (RFC 9457): {type}, {title}, {status}, {detail}, {errors}. Give support the {requestId} value.","src/features/clinic/integration/DocsTab.tsx"
"clinic.docs.errorsTitle","Формат ошибок","Xatolar formati","Error format","src/features/clinic/integration/DocsTab.tsx"
"clinic.docs.intro","Базовый адрес: {base}. Авторизация: OAuth 2.0 client credentials — {token} с {clientId} и {clientSecret}, токен действует 15 минут. Пагинация курсорная:{pager}.","Asosiy manzil: {base}. Avtorizatsiya: OAuth 2.0 client credentials — {token}, {clientId} va {clientSecret} bilan, token 15 daqiqa amal qiladi. Kursorli sahifalash:{pager}.","Base URL: {base}. Authorization: OAuth 2.0 client credentials — {token} with {clientId} and {clientSecret}, the token is valid for 15 minutes. Cursor pagination:{pager}.","src/features/clinic/integration/DocsTab.tsx"
"clinic.docs.otherTag","Прочее","Boshqa","Other","src/features/clinic/integration/DocsTab.tsx"
"clinic.docs.params","Параметры:","Parametrlar:","Parameters:","src/features/clinic/integration/DocsTab.tsx"
"clinic.docs.replayComment","старше 5 минут — повтор","5 daqiqadan eski: takror","older than 5 minutes: a replay","src/features/clinic/integration/DocsTab.tsx"
"clinic.docs.requiredSuffix",", обязательный",", majburiy",", required","src/features/clinic/integration/DocsTab.tsx"
"clinic.docs.responses","Ответы:","Javoblar:","Responses:","src/features/clinic/integration/DocsTab.tsx"
"clinic.docs.sampleComment","Направление","Yoʻllanma","Referral","src/features/clinic/integration/DocsTab.tsx"
"clinic.docs.webhooksText","Тело события: {body} — без персональных и медицинских данных. Заголовок {header}, где v1 = HMAC-SHA256(секрет, «t.сырое_тело»). Отвечайте 2xx в течение 10 секунд; иначе повторы через 1, 5, 30 минут, 2 и 12 часов.","Hodisa tanasi: {body} — shaxsga doir va tibbiy maʼlumotlarsiz. Sarlavha {header}, bunda v1 = HMAC-SHA256(sir, «t.xom_tana»). 10 soniya ichida 2xx bilan javob bering; aks holda 1, 5, 30 daqiqa, 2 va 12 soatdan keyin takrorlanadi.","Event body: {body} — no personal or medical data. Header {header}, where v1 = HMAC-SHA256(secret, «t.raw_body»). Reply with 2xx within 10 seconds; otherwise retries follow after 1, 5, 30 minutes, 2 and 12 hours.","src/features/clinic/integration/DocsTab.tsx"
"clinic.docs.webhooksTitle","Вебхуки и проверка подписи","Vebxuklar va imzoni tekshirish","Webhooks and signature verification","src/features/clinic/integration/DocsTab.tsx"
"clinic.docsPage.actLine"," · принято {accepted} · оплачено {paid}"," · qabul qilindi {accepted} · toʻlandi {paid}"," · accepted {accepted} · paid {paid}","src/features/clinic/pages/DocumentsPage.tsx"
"clinic.docsPage.acts","Акты сверки","Solishtirish dalolatnomalari","Reconciliation acts","src/features/clinic/pages/DocumentsPage.tsx"
"clinic.docsPage.code","Код","Kod","Code","src/features/clinic/pages/DocumentsPage.tsx; src/features/clinic/pages/RegistryPage.tsx"
"clinic.docsPage.contract","Договор с МИГ","MIG bilan shartnoma","Contract with MIG","src/features/clinic/pages/DocumentsPage.tsx"
"clinic.docsPage.csvAccepted","Принято","Qabul qilingan","Accepted","src/features/clinic/pages/DocumentsPage.tsx; src/features/clinic/pages/RegistriesPage.tsx; src/features/clinic/pages/RegistryPage.tsx"
"clinic.docsPage.csvClaimed","Заявлено","Taqdim etilgan","Claimed","src/features/clinic/pages/DocumentsPage.tsx; src/features/clinic/pages/RegistriesPage.tsx; src/features/clinic/pages/RegistryPage.tsx"
"clinic.docsPage.csvPaid","Оплачено","Toʻlangan","Paid","src/features/clinic/pages/DocumentsPage.tsx; src/features/clinic/pages/RegistriesPage.tsx; src/features/clinic/pages/RegistryPage.tsx"
"clinic.docsPage.csvPaidAt","Дата оплаты","Toʻlov sanasi","Payment date","src/features/clinic/pages/DocumentsPage.tsx; src/features/clinic/pages/RegistryPage.tsx"
"clinic.docsPage.docTitle","Документы клиники","Klinika hujjatlari","Clinic documents","src/features/clinic/pages/DocumentsPage.tsx"
"clinic.docsPage.needsGp","Нужно ГП","Kafolat xati kerak","GL required","src/features/clinic/pages/DocumentsPage.tsx"
"clinic.docsPage.noActs","Актов пока нет: они появятся после проверки реестров","Hali dalolatnomalar yoʻq: ular reyestrlar tekshirilgandan keyin paydo boʻladi","No acts yet: they will appear after the registers are reviewed",""
"clinic.docsPage.price","Цена","Narx","Price","src/features/clinic/pages/DocumentsPage.tsx; src/features/clinic/pages/RegistryPage.tsx"
"clinic.docsPage.priceCaption","Прайс-лист","Narxlar roʻyxati","Price list","src/features/clinic/pages/DocumentsPage.tsx"
"clinic.docsPage.priceList","Прайс-лист договора","Shartnoma narxlar roʻyxati","Contract price list","src/features/clinic/pages/DocumentsPage.tsx"
"clinic.docsPage.signed","Подписан","Imzolangan","Signed","src/features/clinic/pages/DocumentsPage.tsx"
"clinic.files.add","Добавить файлы","Fayl qoʻshish","Add files","src/shared/ui/files-picker.tsx"
"clinic.files.hint","PDF, JPEG или PNG до 10 МБ. Фото очищаются от метаданных.","10 MB gacha PDF, JPEG yoki PNG. Rasmlardan metamaʼlumotlar olib tashlanadi.","PDF, JPEG or PNG up to 10 MB. Metadata is removed from photos.","src/shared/ui/files-picker.tsx"
"clinic.files.label","Вложения (направление, заключение)","Ilovalar (yoʻllanma, xulosa)","Attachments (referral, medical report)","src/shared/ui/files-picker.tsx"
"clinic.files.remove","Убрать {name}","{name} faylini olib tashlash","Remove {name}","src/shared/ui/files-picker.tsx"
"clinic.files.tooMany","Не больше {max} файлов","{max} tadan ortiq fayl boʻlmasin","No more than {max} files","src/shared/ui/files-picker.tsx"
"clinic.gp.approved","Одобрено","Tasdiqlangan","Approved","src/features/clinic/pages/GuaranteesPage.tsx"
"clinic.gp.caption","Гарантийные письма клиники","Klinika kafolat xatlari","Clinic guarantee letters","src/features/clinic/pages/GuaranteesPage.tsx"
"clinic.gp.commentError","Добавьте комментарий: минимум 3 символа","Izoh qoʻshing: kamida 3 ta belgi","Add a comment: at least 3 characters","src/features/clinic/pages/GuaranteesPage.tsx"
"clinic.gp.cost","Стоимость","Narx","Cost","src/features/clinic/pages/GuaranteesPage.tsx"
"clinic.gp.docsForExpert","Документы для врача-эксперта","Ekspert shifokor uchun hujjatlar","Documents for the medical expert","src/features/clinic/pages/GuaranteesPage.tsx"
"clinic.gp.docsSent","Документы отправлены врачу-эксперту","Hujjatlar ekspert shifokorga yuborildi","Documents sent to the medical expert","src/features/clinic/pages/GuaranteesPage.tsx"
"clinic.gp.downloadPdf","Скачать письмо (PDF)","Xatni yuklab olish (PDF)","Download letter (PDF)","src/features/clinic/pages/GuaranteesPage.tsx"
"clinic.gp.empty","Писем пока нет","Hali xatlar yoʻq","No letters yet","src/features/clinic/pages/GuaranteesPage.tsx"
"clinic.gp.icd10","МКБ-10","XKT-10","ICD-10","src/features/clinic/pages/GuaranteesPage.tsx; src/features/clinic/pages/RegistryPage.tsx"
"clinic.gp.owner","Решение принимает","Qaror qabul qiladi","Decided by","src/features/clinic/pages/GuaranteesPage.tsx"
"clinic.gp.ownerAssist","Ассистанс","Assistans","Assistance","src/features/clinic/pages/GuaranteesPage.tsx"
"clinic.gp.ownerEscalated","МИГ (эскалация от {name})","MIG ({name} tomonidan eskalatsiya)","MIG (escalated by {name})","src/features/clinic/pages/GuaranteesPage.tsx"
"clinic.gp.ownerEscalatedAssist","МИГ (эскалация от ассистанса)","MIG (assistans tomonidan eskalatsiya)","MIG (escalated by the assistance company)","src/features/clinic/pages/GuaranteesPage.tsx"
"clinic.gp.rejectReason","Причина отказа","Rad etish sababi","Denial reason","src/features/clinic/pages/GuaranteesPage.tsx"
"clinic.gp.requestAssist","Запрос ассистанса","Assistans soʻrovi","Assistance request","src/features/clinic/pages/GuaranteesPage.tsx"
"clinic.gp.requestMig","Запрос МИГ","MIG soʻrovi","MIG request","src/features/clinic/pages/GuaranteesPage.tsx"
"clinic.gp.requested","Запрошено","Soʻralgan","Requested","src/features/clinic/pages/GuaranteesPage.tsx"
"clinic.gp.sendDocs","Отправить документы","Hujjatlarni yuborish","Send documents","src/features/clinic/pages/GuaranteesPage.tsx"
"clinic.gp.subtitle","Новый запрос создаётся из визита после проверки пациента","Yangi soʻrov bemor tekshirilgandan keyin tashrifdan yaratiladi","A new request is created from a visit after the patient check","src/features/clinic/pages/GuaranteesPage.tsx"
"clinic.gp.title","Гарантийное письмо {number}","Kafolat xati {number}","Guarantee letter {number}","src/features/clinic/pages/GuaranteesPage.tsx"
"clinic.gpRequest.comment","Комментарий врача","Shifokor izohi","Doctor's comment","src/features/clinic/components.tsx; src/features/clinic/pages/GuaranteesPage.tsx"
"clinic.gpRequest.cost","Предполагаемая стоимость, UZS","Taxminiy narx, soʻm","Estimated cost, UZS","src/features/clinic/components.tsx"
"clinic.gpRequest.description","Запрос уйдёт врачу ассистанса пациента или врачу-эксперту МИГ. Ответ появится в разделе «Гарантийные письма».","Soʻrov bemorning assistans shifokoriga yoki MIG ekspert shifokoriga yuboriladi. Javob «Kafolat xatlari» boʻlimida chiqadi.","The request goes to the patient's assistance doctor or a MIG medical expert. The answer will appear in «Guarantee letters».","src/features/clinic/components.tsx"
"clinic.gpRequest.done","Гарантийное письмо {number} запрошено","{number} kafolat xati soʻraldi","Guarantee letter {number} requested","src/features/clinic/components.tsx"
"clinic.gpRequest.icd10","Код МКБ-10","XKT-10 kodi","ICD-10 code","src/features/clinic/components.tsx"
"clinic.gpRequest.icd10Hint","Например, K35.8","Masalan, K35.8","For example, K35.8","src/features/clinic/components.tsx"
"clinic.gpRequest.needsGp"," · нужно ГП"," · kafolat xati kerak"," · GL required","src/features/clinic/components.tsx; src/features/clinic/pages/RegistryPage.tsx"
"clinic.gpRequest.pickService","Выберите услугу","Xizmatni tanlang","Select a service","src/features/clinic/components.tsx; src/features/clinic/pages/RegistryPage.tsx"
"clinic.gpRequest.service","Услуга из прайса","Narxlar roʻyxatidagi xizmat","Service from the price list","src/features/clinic/components.tsx"
"clinic.gpRequest.submit","Отправить запрос","Soʻrov yuborish","Send request","src/features/clinic/components.tsx"
"clinic.gpRequest.title","Запросить гарантийное письмо","Kafolat xatini soʻrash","Request a guarantee letter","src/features/clinic/components.tsx; src/features/clinic/pages/CheckPage.tsx; src/features/clinic/pages/VisitPage.tsx"
"clinic.gpRequest.toApprove","Сумма к согласованию: {amount}","Kelishiladigan summa: {amount}","Amount for approval: {amount}","src/features/clinic/components.tsx"
"clinic.home.answerWithin","Ответ в течение 2 часов","2 soat ichida javob","Reply within 2 hours","src/features/clinic/pages/HomePage.tsx"
"clinic.home.checkHint","QR из приложения, код из 8 символов или номер полиса и ПИНФЛ","Ilovadagi QR, 8 belgili kod yoki polis raqami va JShShIR","QR from the app, an 8-character code, or the policy number and PINFL","src/features/clinic/pages/HomePage.tsx"
"clinic.home.checkPatient","Проверить пациента","Bemorni tekshirish","Check a patient","src/features/clinic/pages/GuaranteesPage.tsx; src/features/clinic/pages/HomePage.tsx; src/features/clinic/pages/VisitPage.tsx"
"clinic.home.currentRegistry","Реестр текущего месяца","Joriy oy reyestri","This month's register","src/features/clinic/pages/HomePage.tsx"
"clinic.home.events","Последние события","Soʻnggi hodisalar","Recent events","src/features/clinic/pages/HomePage.tsx"
"clinic.home.gpPending","ГП на рассмотрении","Koʻrib chiqilayotgan kafolat xatlari","GLs under review","src/features/clinic/pages/HomePage.tsx"
"clinic.home.noEvents","Событий пока нет","Hali hodisalar yoʻq","No events yet","src/features/clinic/pages/HomePage.tsx"
"clinic.home.notCreated","Ещё не создан","Hali yaratilmagan","Not created yet","src/features/clinic/pages/HomePage.tsx"
"clinic.home.overdue","Просрочено: {n}","Muddati oʻtgan: {n}","Overdue: {n}","src/features/clinic/pages/HomePage.tsx"
"clinic.home.today","Записи на сегодня","Bugungi qabullar","Today's appointments","src/features/clinic/pages/HomePage.tsx"
"clinic.home.unanswered","Заявки без ответа","Javobsiz arizalar","Unanswered requests","src/features/clinic/pages/HomePage.tsx"
"clinic.integration.delivery.delivered","Доставлен","Yetkazildi","Delivered","src/features/clinic/integration/OverviewTab.tsx; src/features/clinic/integration/WebhooksTab.tsx"
"clinic.integration.delivery.failed","Не доставлен","Yetkazilmadi","Not delivered","src/features/clinic/integration/OverviewTab.tsx; src/features/clinic/integration/WebhooksTab.tsx"
"clinic.integration.delivery.retrying","Повтор","Takrorlanmoqda","Retrying","src/features/clinic/integration/OverviewTab.tsx; src/features/clinic/integration/WebhooksTab.tsx"
"clinic.integration.subtitle","Подключение {system} к МИГ по API","MIG bilan API orqali ulanish: {system}","Connecting the {system} to MIG via API","src/features/clinic/integration/IntegrationPage.tsx"
"clinic.integration.system.assistance","системы ассистанса","assistans tizimi","assistance system","src/features/clinic/integration/partner.tsx"
"clinic.integration.system.clinic","медицинской информационной системы клиники","klinikaning tibbiy axborot tizimi","clinic's medical information system","src/features/clinic/integration/partner.tsx"
"clinic.integration.tab.docs","Документация","Hujjatlar","Documentation","src/features/clinic/integration/IntegrationPage.tsx"
"clinic.integration.tab.keys","Ключи API","API kalitlari","API keys","src/features/clinic/integration/KeysTab.tsx"
"clinic.integration.tab.logs","Журнал запросов","Soʻrovlar jurnali","Request log","src/features/clinic/integration/LogsTab.tsx"
"clinic.integration.tab.overview","Обзор","Umumiy koʻrinish","Overview","src/features/clinic/integration/IntegrationPage.tsx"
"clinic.integration.tab.sandbox","Песочница","Sinov muhiti","Sandbox","src/features/clinic/integration/IntegrationPage.tsx"
"clinic.integration.tab.webhooks","Вебхуки","Vebxuklar","Webhooks","src/features/clinic/integration/IntegrationPage.tsx"
"clinic.keys.allScopes","все","hammasi","all","src/features/clinic/integration/KeysTab.tsx"
"clinic.keys.create","Создать ключ","Kalit yaratish","Create key","src/features/clinic/integration/KeysTab.tsx"
"clinic.keys.created","Создан","Yaratilgan","Created","src/features/clinic/integration/KeysTab.tsx"
"clinic.keys.createdTitle","Ключ создан","Kalit yaratildi","Key created","src/features/clinic/integration/KeysTab.tsx"
"clinic.keys.empty","Ключей пока нет","Hali kalitlar yoʻq","No keys yet","src/features/clinic/integration/KeysTab.tsx"
"clinic.keys.ip","Разрешённые IP (необязательно)","Ruxsat etilgan IP (ixtiyoriy)","Allowed IPs (optional)","src/features/clinic/integration/KeysTab.tsx"
"clinic.keys.ipError","Проверьте адреса: IP или подсеть, например 203.0.113.0/24","Manzillarni tekshiring: IP yoki tarmoq, masalan 203.0.113.0/24","Check the addresses: an IP or a subnet, for example 203.0.113.0/24","src/features/clinic/integration/KeysTab.tsx"
"clinic.keys.ipHint","Через запятую или с новой строки: 203.0.113.10, 198.51.100.0/24","Vergul bilan yoki yangi qatordan: 203.0.113.10, 198.51.100.0/24","Comma or newline separated: 203.0.113.10, 198.51.100.0/24","src/features/clinic/integration/KeysTab.tsx"
"clinic.keys.lastUsed","Последнее использование","Oxirgi foydalanish","Last used","src/features/clinic/integration/KeysTab.tsx"
"clinic.keys.nameHint","Например, «МИС регистратуры»","Masalan, «Registratura TAT»","For example, «Front desk MIS»","src/features/clinic/integration/KeysTab.tsx"
"clinic.keys.newTitle","Новый ключ API","Yangi API kaliti","New API key","src/features/clinic/integration/KeysTab.tsx"
"clinic.keys.revokeAria","Отозвать {name}","{name} kalitini bekor qilish","Revoke {name}","src/features/clinic/integration/KeysTab.tsx"
"clinic.keys.revokeDescription","Ключ сразу перестанет выдавать токены, а уже выданные токены перестанут работать","Kalit darhol token berishni toʻxtatadi, allaqachon berilgan tokenlar ham ishlamay qoladi","The key will stop issuing tokens immediately, and tokens already issued will stop working","src/features/clinic/integration/KeysTab.tsx"
"clinic.keys.revokeTitle","Отозвать ключ?","Kalit bekor qilinsinmi?","Revoke the key?","src/features/clinic/integration/KeysTab.tsx"
"clinic.keys.revoked","Ключ отозван","Kalit bekor qilindi","Key revoked","src/features/clinic/integration/KeysTab.tsx"
"clinic.keys.revokedAt","Отозван {at}","Bekor qilingan {at}","Revoked {at}","src/features/clinic/integration/KeysTab.tsx"
"clinic.keys.rotation","Ротация: создайте новый ключ, переключите МИС на него, затем отзовите старый.","Almashtirish: yangi kalit yarating, TATni unga oʻtkazing, soʻng eskisini bekor qiling.","Rotation: create a new key, switch the MIS to it, then revoke the old one.","src/features/clinic/integration/KeysTab.tsx"
"clinic.keys.scopes","Области доступа","Ruxsat sohalari","Access scopes","src/features/clinic/integration/KeysTab.tsx"
"clinic.keys.scopesShort","Области","Sohalar","Scopes","src/features/clinic/integration/KeysTab.tsx"
"clinic.keys.secret","Секрет","Sir","Secret","src/features/clinic/integration/KeysTab.tsx"
"clinic.layout.portalNamed","Кабинет клиники · {name}","Klinika kabineti · {name}","Clinic portal · {name}","src/features/clinic/ClinicLayout.tsx"
"clinic.logs.caption","Журнал запросов API","API soʻrovlari jurnali","API request log","src/features/clinic/integration/LogsTab.tsx"
"clinic.logs.empty","Запросов пока не было","Hali soʻrovlar boʻlmagan","No requests yet","src/features/clinic/integration/LogsTab.tsx"
"clinic.logs.key","Ключ","Kalit","Key","src/features/clinic/integration/LogsTab.tsx; src/features/clinic/integration/SandboxTab.tsx"
"clinic.logs.latency","Задержка","Kechikish","Latency","src/features/clinic/integration/LogsTab.tsx"
"clinic.logs.method","Метод","Metod","Method","src/features/clinic/integration/LogsTab.tsx; src/features/clinic/integration/SandboxTab.tsx"
"clinic.logs.ms","{n} мс","{n} ms","{n} ms","src/features/clinic/integration/LogsTab.tsx"
"clinic.logs.path","Путь","Yoʻl","Path","src/features/clinic/integration/LogsTab.tsx"
"clinic.logs.response","Ответ","Javob","Response","src/features/clinic/integration/LogsTab.tsx; src/features/clinic/integration/SandboxTab.tsx"
"clinic.nav.admin","Администрирование","Boshqaruv","Administration","src/features/clinic/ClinicLayout.tsx"
"clinic.nav.appointments","Записи","Qabullar","Appointments","src/features/clinic/ClinicLayout.tsx; src/features/clinic/pages/AppointmentsPage.tsx; src/features/help/routeMap.ts"
"clinic.nav.aria","Разделы кабинета клиники","Klinika kabineti boʻlimlari","Clinic portal sections","src/features/clinic/ClinicLayout.tsx"
"clinic.nav.check","Проверка пациента","Bemorni tekshirish","Patient check","src/features/clinic/ClinicLayout.tsx; src/features/clinic/pages/CheckPage.tsx; src/features/help/routeMap.ts"
"clinic.nav.guarantees","Гарантийные письма","Kafolat xatlari","Guarantee letters","src/features/clinic/ClinicLayout.tsx; src/features/clinic/pages/GuaranteesPage.tsx; src/features/clinic/pages/HomePage.tsx; src/features/help/routeMap.ts"
"clinic.nav.home","Главная","Bosh sahifa","Home","src/features/clinic/ClinicLayout.tsx; src/features/clinic/pages/HomePage.tsx"
"clinic.nav.integration","Интеграция","Integratsiya","Integration","src/features/clinic/ClinicLayout.tsx; src/features/clinic/integration/IntegrationPage.tsx; src/features/help/routeMap.ts"
"clinic.nav.registries","Реестры","Reyestrlar","Registers","src/features/clinic/ClinicLayout.tsx; src/features/clinic/pages/RegistriesPage.tsx; src/features/help/routeMap.ts"
"clinic.nav.users","Пользователи","Foydalanuvchilar","Users","src/features/clinic/ClinicLayout.tsx; src/features/clinic/pages/UsersPage.tsx; src/features/help/routeMap.ts"
"clinic.overview.activeKeys","Активных ключей: {n}","Faol kalitlar: {n}","Active keys: {n}","src/features/clinic/integration/OverviewTab.tsx"
"clinic.overview.connected","Запросы идут","Soʻrovlar kelmoqda","Requests are coming in","src/features/clinic/integration/OverviewTab.tsx"
"clinic.overview.connection","Подключение","Ulanish","Connection","src/features/clinic/integration/OverviewTab.tsx"
"clinic.overview.errors24h","Ошибки за 24 ч","24 soatdagi xatolar","Errors in 24 h","src/features/clinic/integration/OverviewTab.tsx"
"clinic.overview.idle","Запросов за сутки нет","Bir kunda soʻrovlar yoʻq","No requests in the last 24 hours","src/features/clinic/integration/OverviewTab.tsx"
"clinic.overview.lastWebhook","Последний вебхук","Oxirgi vebxuk","Last webhook","src/features/clinic/integration/OverviewTab.tsx"
"clinic.overview.mode","Режим","Rejim","Mode","src/features/clinic/integration/OverviewTab.tsx"
"clinic.overview.requests24h","Запросы за 24 ч","24 soatdagi soʻrovlar","Requests in 24 h","src/features/clinic/integration/OverviewTab.tsx"
"clinic.qr.close","Закрыть камеру","Kamerani yopish","Close camera","src/features/clinic/QrScanner.tsx"
"clinic.qr.noCamera","Нет доступа к камере. Разрешите доступ в браузере или введите код вручную","Kameraga ruxsat yoʻq. Brauzerda ruxsat bering yoki kodni qoʻlda kiriting","No camera access. Allow access in the browser or enter the code manually","src/features/clinic/QrScanner.tsx"
"clinic.qr.video","Изображение с камеры","Kamera tasviri","Camera image","src/features/clinic/QrScanner.tsx"
"clinic.registries.build","Собрать из визитов","Tashriflardan yigʻish","Build from visits","src/features/clinic/pages/RegistriesPage.tsx"
"clinic.registries.caption","Реестры клиники","Klinika reyestrlari","Clinic registers","src/features/clinic/pages/RegistriesPage.tsx"
"clinic.registries.create","Создать реестр","Reyestr yaratish","Create register","src/features/clinic/pages/RegistriesPage.tsx"
"clinic.registries.createN","Создать реестр ({n})","Reyestr yaratish ({n})","Create register ({n})","src/features/clinic/pages/RegistriesPage.tsx"
"clinic.registries.created","Реестр создан: строк {n}","Reyestr yaratildi: {n} qator","Register created: {n} rows","src/features/clinic/pages/RegistriesPage.tsx"
"clinic.registries.draftBuilt","Черновик реестра за {period}: строк {n}","{period} uchun reyestr qoralamasi: {n} qator","Draft register for {period}: {n} rows","src/features/clinic/pages/RegistriesPage.tsx"
"clinic.registries.empty","Реестров пока нет","Hali reyestrlar yoʻq","No registers yet","src/features/clinic/pages/RegistriesPage.tsx"
"clinic.registries.emptyHint","Соберите реестр из визитов месяца или загрузите CSV","Oy tashriflaridan reyestr yigʻing yoki CSV yuklang","Build a register from this month's visits or upload a CSV",""
"clinic.registries.fileAria","Файл реестра CSV","Reyestr CSV fayli","Register CSV file","src/features/clinic/pages/RegistriesPage.tsx"
"clinic.registries.importCsv","Загрузить CSV","CSV yuklash","Upload CSV","src/features/clinic/pages/RegistriesPage.tsx"
"clinic.registries.importDescription","До 5 000 строк и 5 МБ. Строки с ошибками не загружаются — исправьте их в файле и загрузите снова","5 000 qatorgacha va 5 MB gacha. Xatoli qatorlar yuklanmaydi — ularni faylda tuzating va qayta yuklang","Up to 5,000 rows and 5 MB. Rows with errors are not uploaded — fix them in the file and upload it again","src/features/clinic/pages/RegistriesPage.tsx"
"clinic.registries.importTitle","Загрузить реестр за {period} из CSV","{period} uchun reyestrni CSV dan yuklash","Upload the register for {period} from CSV","src/features/clinic/pages/RegistriesPage.tsx"
"clinic.registries.lines","Строк","Qatorlar","Rows","src/features/clinic/pages/RegistriesPage.tsx"
"clinic.registries.pickFile","Выбрать файл CSV","CSV faylni tanlash","Choose a CSV file","src/features/clinic/pages/RegistriesPage.tsx"
"clinic.registries.previewSummary","Строк в файле: {total} · корректных: {valid} · с ошибками: {errors}","Fayldagi qatorlar: {total} · toʻgʻri: {valid} · xatoli: {errors}","Rows in file: {total} · valid: {valid} · with errors: {errors}","src/features/clinic/pages/RegistriesPage.tsx"
"clinic.registries.rowError","Строка {row}: {message}","{row}-qator: {message}","Row {row}: {message}","src/features/clinic/pages/RegistriesPage.tsx"
"clinic.registries.source.api","МИС (API)","TAT (API)","MIS (API)","src/features/clinic/pages/RegistriesPage.tsx"
"clinic.registries.source.csv","CSV","CSV","CSV","src/features/clinic/pages/RegistriesPage.tsx"
"clinic.registries.source.portal","Кабинет","Kabinet","Portal","src/features/clinic/pages/RegistriesPage.tsx"
"clinic.registries.subtitle","Реестр оказанных услуг за месяц: МИГ проверяет строки, принятые суммы оплачивает бухгалтерия","Oy davomida koʻrsatilgan xizmatlar reyestri: MIG qatorlarni tekshiradi, qabul qilingan summalarni buxgalteriya toʻlaydi","The monthly register of services provided: MIG reviews the rows, accounting pays the accepted amounts","src/features/clinic/pages/RegistriesPage.tsx"
"clinic.registries.template","Скачать шаблон","Shablonni yuklab olish","Download template","src/features/clinic/pages/RegistriesPage.tsx"
"clinic.registry.actCsv","Акт сверки (CSV)","Solishtirish dalolatnomasi (CSV)","Reconciliation act (CSV)","src/features/clinic/pages/RegistryPage.tsx"
"clinic.registry.actTotals","Принято {accepted}; отклонено {rejected}; оплачено {paid}","Qabul qilindi {accepted}; rad etildi {rejected}; toʻlandi {paid}","Accepted {accepted}; rejected {rejected}; paid {paid}","src/features/clinic/pages/RegistryPage.tsx"
"clinic.registry.addLine","Добавить строку","Qator qoʻshish","Add row","src/features/clinic/pages/RegistryPage.tsx"
"clinic.registry.aiAllOk","Все строки, скорее всего, примут","Barcha qatorlar, ehtimol, qabul qilinadi","All rows are likely to be accepted","src/features/clinic/pages/RegistryPage.tsx"
"clinic.registry.aiCheck","Проверить строки","Qatorlarni tekshirish","Check rows","src/features/clinic/pages/RegistryPage.tsx"
"clinic.registry.aiRisk","Скорее всего отклонят: {verdict}","Ehtimol rad etiladi: {verdict}","Likely to be rejected: {verdict}","src/features/clinic/pages/RegistryPage.tsx"
"clinic.registry.aiRiskClause","Скорее всего отклонят: {verdict} ({clause})","Ehtimol rad etiladi: {verdict} ({clause})","Likely to be rejected: {verdict} ({clause})","src/features/clinic/pages/RegistryPage.tsx"
"clinic.registry.aiRiskCount","Строк с риском отказа: {n}","Rad etilish xavfi bor qatorlar: {n}","Rows at risk of rejection: {n}","src/features/clinic/pages/RegistryPage.tsx"
"clinic.registry.back","← Реестры","← Reyestrlar","← Registers","src/features/clinic/pages/RegistryPage.tsx"
"clinic.registry.caption","Строки реестра","Reyestr qatorlari","Register rows","src/features/clinic/pages/RegistryPage.tsx"
"clinic.registry.checksPassed","Проверки пройдены","Tekshiruvlardan oʻtdi","Checks passed","src/features/clinic/pages/RegistryPage.tsx"
"clinic.registry.commentForMig","Комментарий для МИГ","MIG uchun izoh","Comment for MIG","src/features/clinic/pages/RegistryPage.tsx"
"clinic.registry.deleteLine","Удалить строку {name}","{name} qatorini oʻchirish","Delete row {name}","src/features/clinic/pages/RegistryPage.tsx"
"clinic.registry.dispute","Оспорить","Eʼtiroz bildirish","Dispute","src/features/clinic/pages/RegistryPage.tsx"
"clinic.registry.disputeDescription","{service} · {amount} · причина: {reason}","{service} · {amount} · sabab: {reason}","{service} · {amount} · reason: {reason}","src/features/clinic/pages/RegistryPage.tsx"
"clinic.registry.disputeTitle","Оспорить отклонение","Rad etishga eʼtiroz bildirish","Dispute the rejection","src/features/clinic/pages/RegistryPage.tsx"
"clinic.registry.disputed","Строка оспорена","Qator eʼtiroz qilindi","Row disputed","src/features/clinic/pages/RegistryPage.tsx"
"clinic.registry.disputedComment","Оспорено: {comment}","Eʼtiroz: {comment}","Disputed: {comment}","src/features/clinic/pages/RegistryPage.tsx"
"clinic.registry.docTitle","Реестр","Reyestr","Register","src/features/clinic/pages/RegistryPage.tsx"
"clinic.registry.gp","ГП","KX","GL","src/features/clinic/pages/RegistryPage.tsx"
"clinic.registry.gpNumber","Номер ГП (если нужен)","Kafolat xati raqami (kerak boʻlsa)","GL number (if required)","src/features/clinic/pages/RegistryPage.tsx"
"clinic.registry.lineAdded","Строка добавлена","Qator qoʻshildi","Row added","src/features/clinic/pages/RegistryPage.tsx"
"clinic.registry.min3","Минимум 3 символа","Kamida 3 ta belgi","At least 3 characters","src/features/clinic/pages/RegistryPage.tsx"
"clinic.registry.paidByAssist","Оплачено ассистансом {name} {date}","{name} assistansi tomonidan toʻlandi {date}","Paid by assistance company {name} {date}","src/features/clinic/pages/RegistryPage.tsx"
"clinic.registry.paidByMig","Оплачено МИГ {date}","MIG tomonidan toʻlandi {date}","Paid by MIG {date}","src/features/clinic/pages/RegistryPage.tsx"
"clinic.registry.payer","Плательщик","Toʻlovchi","Payer","src/features/clinic/pages/RegistryPage.tsx"
"clinic.registry.pickVisit","Выберите визит","Tashrifni tanlang","Select a visit","src/features/clinic/pages/RegistryPage.tsx"
"clinic.registry.priceUzs","Цена, UZS","Narx, soʻm","Price, UZS","src/features/clinic/pages/RegistryPage.tsx"
"clinic.registry.problems","Строк с ошибками: {n}. Исправьте или удалите их, чтобы отправить реестр","Xatoli qatorlar: {n}. Reyestrni yuborish uchun ularni tuzating yoki oʻchiring","Rows with errors: {n}. Fix or delete them to send the register","src/features/clinic/pages/RegistryPage.tsx"
"clinic.registry.qty","Кол-во","Soni","Qty","src/features/clinic/pages/RegistryPage.tsx"
"clinic.registry.quantity","Количество","Miqdor","Quantity","src/features/clinic/pages/RegistryPage.tsx"
"clinic.registry.rejected","Отклонено","Rad etilgan","Rejected","src/features/clinic/pages/RegistryPage.tsx"
"clinic.registry.serviceDate","Дата услуги","Xizmat sanasi","Service date","src/features/clinic/pages/RegistryPage.tsx"
"clinic.registry.submit","Отправить в МИГ","MIGga yuborish","Send to MIG","src/features/clinic/pages/RegistryPage.tsx"
"clinic.registry.submitted","Реестр отправлен на проверку","Reyestr tekshiruvga yuborildi","Register sent for review","src/features/clinic/pages/RegistryPage.tsx"
"clinic.registry.submittedAt","отправлен {at}","yuborilgan {at}","sent {at}","src/features/clinic/pages/RegistryPage.tsx"
"clinic.registry.title","Реестр за {period}","{period} uchun reyestr","Register for {period}","src/features/clinic/pages/RegistryPage.tsx"
"clinic.sandbox.checkData","Проверьте данные","Maʼlumotlarni tekshiring","Check the data","src/features/clinic/integration/SandboxTab.tsx"
"clinic.sandbox.datePlaceholder","ГГГГ-ММ-ДД","YYYY-OO-KK","YYYY-MM-DD","src/features/clinic/integration/SandboxTab.tsx"
"clinic.sandbox.getToken","Получить токен","Token olish","Get token","src/features/clinic/integration/SandboxTab.tsx"
"clinic.sandbox.httpError","Ошибка {status}","Xato {status}","Error {status}","src/features/clinic/integration/SandboxTab.tsx"
"clinic.sandbox.idempotency","Idempotency-Key (заголовок, необязательно)","Idempotency-Key (sarlavha, ixtiyoriy)","Idempotency-Key (header, optional)","src/features/clinic/integration/SandboxTab.tsx"
"clinic.sandbox.noKeys","Создайте ключ на вкладке «Ключи API».","«API kalitlari» yorligʻida kalit yarating.","Create a key on the «API keys» tab.","src/features/clinic/integration/SandboxTab.tsx"
"clinic.sandbox.param","{name} · {where}","{name} · {where}","{name} · {where}","src/features/clinic/integration/SandboxTab.tsx"
"clinic.sandbox.paramRequired","{name} · {where} · обязательный","{name} · {where} · majburiy","{name} · {where} · required","src/features/clinic/integration/SandboxTab.tsx"
"clinic.sandbox.pasteSecret","Вставьте client_secret","client_secret ni kiriting","Paste the client_secret","src/features/clinic/integration/SandboxTab.tsx"
"clinic.sandbox.pickKey","Выберите ключ","Kalitni tanlang","Select a key","src/features/clinic/integration/SandboxTab.tsx"
"clinic.sandbox.placeholder","Получите токен, выберите метод и отправьте запрос — здесь появится ответ.","Token oling, metodni tanlang va soʻrov yuboring — javob shu yerda chiqadi.","Get a token, choose a method and send a request — the response will appear here.","src/features/clinic/integration/SandboxTab.tsx"
"clinic.sandbox.run","Выполнить","Bajarish","Run","src/features/clinic/integration/SandboxTab.tsx"
"clinic.sandbox.secretHint","Секрет не сохраняется — вставьте его из менеджера паролей","Sir saqlanmaydi — uni parollar menejeridan kiriting","The secret is not stored — paste it from your password manager","src/features/clinic/integration/SandboxTab.tsx"
"clinic.sandbox.step1","1. Токен","1. Token","1. Token","src/features/clinic/integration/SandboxTab.tsx"
"clinic.sandbox.step2","2. Запрос","2. Soʻrov","2. Request","src/features/clinic/integration/SandboxTab.tsx"
"clinic.sandbox.tokenReceived","Токен получен","Token olindi","Token received","src/features/clinic/integration/SandboxTab.tsx"
"clinic.sandbox.tokenToast","Токен получен на 15 минут","Token 15 daqiqaga olindi","Token received for 15 minutes","src/features/clinic/integration/SandboxTab.tsx"
"clinic.sandbox.where.body","тело","tana","body","src/features/clinic/integration/SandboxTab.tsx"
"clinic.sandbox.where.path","путь","yoʻl","path","src/features/clinic/integration/SandboxTab.tsx"
"clinic.sandbox.where.query","query","query","query","src/features/clinic/integration/SandboxTab.tsx"
"clinic.secret.copyAria","Копировать: {label}","Nusxalash: {label}","Copy: {label}","src/features/clinic/integration/SecretReveal.tsx"
"clinic.secret.copyFailed","Не удалось скопировать: выделите текст и скопируйте вручную","Nusxalab boʻlmadi: matnni belgilang va qoʻlda nusxalang","Could not copy: select the text and copy it manually","src/features/clinic/integration/SecretReveal.tsx"
"clinic.secret.saved","Я сохранил секрет","Sirni saqladim","I have saved the secret","src/features/clinic/integration/SecretReveal.tsx"
"clinic.secret.warning","Сохраните секрет сейчас, потом его нельзя будет посмотреть","Sirni hozir saqlang, keyin uni koʻrib boʻlmaydi","Save the secret now, you will not be able to view it later","src/features/clinic/integration/SecretReveal.tsx"
"clinic.timeLeft.expired","истёк","muddati tugagan","expired","src/features/clinic/components.tsx"
"clinic.timeLeft.hm","{h} ч {m} мин","{h} soat {m} daq","{h} h {m} min","src/features/clinic/components.tsx"
"clinic.timeLeft.m","{m} мин","{m} daq","{m} min","src/features/clinic/components.tsx"
"clinic.users.active","Активен","Faol","Active","src/features/clinic/pages/UsersPage.tsx"
"clinic.users.caption","Пользователи клиники","Klinika foydalanuvchilari","Clinic users","src/features/clinic/pages/UsersPage.tsx"
"clinic.users.deactivate","Деактивировать","Oʻchirish","Deactivate","src/features/clinic/pages/UsersPage.tsx"
"clinic.users.deactivateDescription","{name} больше не сможет войти в кабинет","{name} endi kabinetga kira olmaydi","{name} will no longer be able to sign in to the portal","src/features/clinic/pages/UsersPage.tsx"
"clinic.users.deactivateTitle","Деактивировать пользователя?","Foydalanuvchi oʻchirilsinmi?","Deactivate the user?","src/features/clinic/pages/UsersPage.tsx"
"clinic.users.deactivated","Пользователь деактивирован","Foydalanuvchi oʻchirildi","User deactivated","src/features/clinic/pages/UsersPage.tsx"
"clinic.users.inactive","Деактивирован","Oʻchirilgan","Deactivated","src/features/clinic/pages/UsersPage.tsx"
"clinic.users.invite","Пригласить","Taklif qilish","Invite","src/features/clinic/pages/UsersPage.tsx"
"clinic.users.inviteDescription","Пользователь получит письмо со ссылкой. Вход — с паролем и кодом подтверждения","Foydalanuvchi havolali xat oladi. Kirish parol va tasdiqlash kodi bilan","The user will receive an email with a link. Sign-in is with a password and a verification code","src/features/clinic/pages/UsersPage.tsx"
"clinic.users.inviteTitle","Пригласить пользователя","Foydalanuvchini taklif qilish","Invite a user","src/features/clinic/pages/UsersPage.tsx"
"clinic.users.invited","Приглашение отправлено","Taklifnoma yuborildi","Invitation sent","src/features/clinic/pages/UsersPage.tsx"
"clinic.users.lastLogin","Последний вход","Oxirgi kirish","Last sign-in","src/features/clinic/pages/UsersPage.tsx"
"clinic.users.restore","Восстановить","Tiklash","Restore","src/features/clinic/pages/UsersPage.tsx"
"clinic.users.restored","Пользователь восстановлен","Foydalanuvchi tiklandi","User restored","src/features/clinic/pages/UsersPage.tsx"
"clinic.users.roleAria","Роль: {name}","Rol: {name}","Role: {name}","src/features/clinic/pages/UsersPage.tsx"
"clinic.users.roleChanged","Роль изменена","Rol oʻzgartirildi","Role changed","src/features/clinic/pages/UsersPage.tsx"
"clinic.users.user","Пользователь","Foydalanuvchi","User","src/features/clinic/pages/UsersPage.tsx"
"clinic.users.workEmail","Рабочий email","Ish email manzili","Work email","src/features/clinic/pages/UsersPage.tsx"
"clinic.users.you","Это вы","Bu siz","This is you","src/features/clinic/pages/UsersPage.tsx"
"clinic.visit.back","← Проверка пациента","← Bemorni tekshirish","← Patient check","src/features/clinic/pages/VisitPage.tsx"
"clinic.visit.guarantees","Гарантийные письма по визиту","Tashrif boʻyicha kafolat xatlari","Guarantee letters for this visit","src/features/clinic/pages/VisitPage.tsx"
"clinic.visit.noGuarantees","По этому визиту писем ещё нет","Bu tashrif boʻyicha hali xatlar yoʻq","No letters for this visit yet","src/features/clinic/pages/VisitPage.tsx"
"clinic.visit.notFound","Визит закрыт или не найден","Tashrif yopilgan yoki topilmadi","The visit is closed or not found","src/features/clinic/pages/VisitPage.tsx"
"clinic.visit.notFoundHint","Визит действует 24 часа после проверки. Проверьте пациента заново","Tashrif tekshiruvdan keyin 24 soat amal qiladi. Bemorni qaytadan tekshiring","A visit is valid for 24 hours after the check. Check the patient again","src/features/clinic/pages/VisitPage.tsx"
"clinic.visit.title","Визит","Tashrif","Visit","src/features/clinic/pages/RegistryPage.tsx; src/features/clinic/pages/VisitPage.tsx"
"clinic.visit.until"," · до {date}"," · {date} gacha"," · until {date}","src/features/clinic/pages/VisitPage.tsx"
"clinic.webhooks.add","Добавить вебхук","Vebxuk qoʻshish","Add webhook","src/features/clinic/integration/WebhooksTab.tsx"
"clinic.webhooks.addresses","Адреса","Manzillar","Endpoints","src/features/clinic/integration/WebhooksTab.tsx"
"clinic.webhooks.attempts","Попытки","Urinishlar","Attempts","src/features/clinic/integration/WebhooksTab.tsx"
"clinic.webhooks.code","Код ответа","Javob kodi","Response code","src/features/clinic/integration/WebhooksTab.tsx"
"clinic.webhooks.create","Создать вебхук","Vebxuk yaratish","Create webhook","src/features/clinic/integration/WebhooksTab.tsx"
"clinic.webhooks.createdTitle","Вебхук создан","Vebxuk yaratildi","Webhook created","src/features/clinic/integration/WebhooksTab.tsx"
"clinic.webhooks.deliveries","Журнал доставок","Yetkazishlar jurnali","Delivery log","src/features/clinic/integration/WebhooksTab.tsx"
"clinic.webhooks.deliveriesCaption","Журнал доставок вебхуков","Vebxuk yetkazishlari jurnali","Webhook delivery log","src/features/clinic/integration/WebhooksTab.tsx"
"clinic.webhooks.deliveriesEmpty","Доставок пока не было","Hali yetkazishlar boʻlmagan","No deliveries yet","src/features/clinic/integration/WebhooksTab.tsx"
"clinic.webhooks.empty","Вебхуков пока нет","Hali vebxuklar yoʻq","No webhooks yet","src/features/clinic/integration/WebhooksTab.tsx"
"clinic.webhooks.event","Событие","Hodisa","Event","src/features/clinic/integration/WebhooksTab.tsx"
"clinic.webhooks.events","События","Hodisalar","Events","src/features/clinic/integration/WebhooksTab.tsx"
"clinic.webhooks.meta","Секрет подписи ••••{last4} · событий: {n} · создан {at}","Imzo siri ••••{last4} · hodisalar: {n} · yaratilgan {at}","Signing secret ••••{last4} · events: {n} · created {at}","src/features/clinic/integration/WebhooksTab.tsx"
"clinic.webhooks.newDescription","МИГ отправляет тонкие события: только id события, тип, время и id объекта. Подробности МИС запрашивает через API","MIG yengil hodisalarni yuboradi: faqat hodisa id, turi, vaqti va obyekt id. Tafsilotlarni TAT API orqali soʻraydi","MIG sends thin events: only the event id, type, time and object id. The MIS requests the details via the API","src/features/clinic/integration/WebhooksTab.tsx"
"clinic.webhooks.newTitle","Новый вебхук","Yangi vebxuk","New webhook","src/features/clinic/integration/WebhooksTab.tsx"
"clinic.webhooks.retried","Повторная доставка выполнена","Qayta yetkazildi","Redelivery done","src/features/clinic/integration/WebhooksTab.tsx"
"clinic.webhooks.signatureAfter",", v1 = HMAC-SHA256(секрет, «t.тело»). Отклоняйте события старше 5 минут. Повторы: через 1, 5, 30 минут, 2 и 12 часов.",", v1 = HMAC-SHA256(sir, «t.tana»). 5 daqiqadan eski hodisalarni rad eting. Takrorlar: 1, 5, 30 daqiqa, 2 va 12 soatdan keyin.",", v1 = HMAC-SHA256(secret, «t.body»). Reject events older than 5 minutes. Retries: after 1, 5, 30 minutes, 2 and 12 hours.","src/features/clinic/integration/WebhooksTab.tsx"
"clinic.webhooks.signatureBefore","Подпись: заголовок","Imzo: sarlavha","Signature: header","src/features/clinic/integration/WebhooksTab.tsx"
"clinic.webhooks.signingSecret","Секрет подписи","Imzo siri","Signing secret","src/features/clinic/integration/WebhooksTab.tsx"
"clinic.webhooks.test","Отправить тестовое событие","Sinov hodisasini yuborish","Send a test event","src/features/clinic/integration/WebhooksTab.tsx"
"clinic.webhooks.testSent","Тестовое событие отправлено","Sinov hodisasi yuborildi","Test event sent","src/features/clinic/integration/WebhooksTab.tsx"
"clinic.webhooks.url","Адрес получателя","Qabul qiluvchi manzili","Recipient URL","src/features/clinic/integration/WebhooksTab.tsx"
"clinic.webhooks.urlHint","Только https://, без localhost, .local и адресов внутренних сетей","Faqat https://, localhost, .local va ichki tarmoq manzillarisiz","https:// only, no localhost, .local or private network addresses","src/features/clinic/integration/WebhooksTab.tsx"
"common.actions","Действия","Amallar","Actions","src/features/staff/pages/ParametersPage.tsx"
"common.add","Добавить","Qoʻshish","Add","src/features/staff/assistance/AssistancesPage.tsx; src/features/staff/lifecycle/PaymentQueuePage.tsx; src/features/staff/lifecycle/QuotePage.tsx; src/features/staff/pages/ClinicsPage.tsx"
"common.all","Все","Barchasi","All","src/features/assist/pages/GuaranteesPage.tsx; src/features/hr/pages/EmployeesPage.tsx; src/features/hr/pages/FamilyPage.tsx; src/features/staff/assistance/QaPage.tsx; src/features/staff/assistance/RebillsPage.tsx"
"common.amount","Сумма","Summa","Amount","src/features/assist/components.tsx; src/features/assist/pages/GuaranteesPage.tsx; src/features/assist/pages/RegistryPage.tsx; src/features/clinic/pages/GuaranteesPage.tsx; src/features/clinic/pages/RegistryPage.tsx"
"common.approve","Одобрить","Tasdiqlash","Approve","src/features/assist/pages/GuaranteePage.tsx; src/features/staff/clinics/GuaranteesQueuePage.tsx"
"common.back","Назад","Orqaga","Back","src/features/auth/OtpPage.tsx; src/features/staff/policies/PolicyIssuePage.tsx"
"common.cancel","Отмена","Bekor qilish","Cancel","src/features/ai/AiHint.tsx; src/features/assist/pages/AppointmentsPage.tsx; src/features/assist/pages/InsuredCardPage.tsx; src/features/assist/pages/RebillPage.tsx; src/features/assist/pages/RegistryPage.tsx"
"common.category","Категория","Toifa","Category","src/features/assist/pages/ClinicsPage.tsx; src/features/clinic/components.tsx; src/features/clinic/pages/DocumentsPage.tsx; src/features/staff/components/NewClaimDialog.tsx; src/features/staff/pages/ClaimsPage.tsx"
"common.client","Клиент","Mijoz","Client","src/features/staff/assistance/AssistanceCardPage.tsx; src/features/staff/lifecycle/ContractsPage.tsx; src/features/staff/lifecycle/DealCardPage.tsx; src/features/staff/lifecycle/DealsPage.tsx; src/features/staff/lifecycle/EndorsementsPage.tsx"
"common.clinic","Клиника","Klinika","Clinic","src/features/assist/components.tsx; src/features/assist/pages/AppointmentsPage.tsx; src/features/assist/pages/GuaranteePage.tsx; src/features/assist/pages/GuaranteesPage.tsx; src/features/assist/pages/InsuredCardPage.tsx"
"common.close","Закрыть","Yopish","Close","src/features/help/HelpPrint.tsx; src/features/staff/clinics/GuaranteesQueuePage.tsx; src/shared/ui/dialog.tsx"
"common.comment","Комментарий","Izoh","Comment","src/features/ai/AiHint.tsx; src/features/assist/pages/InsuredCardPage.tsx; src/features/clinic/pages/GuaranteesPage.tsx; src/features/staff/assistance/QaPage.tsx; src/features/staff/claims/SettlementPanel.tsx"
"common.confirm","Подтвердить","Tasdiqlash","Confirm","src/features/assist/pages/AppointmentsPage.tsx; src/features/auth/OtpPage.tsx; src/features/clinic/pages/AppointmentsPage.tsx; src/features/staff/admin/AiAdminPage.tsx; src/features/staff/admin/Authority.tsx"
"common.contract","Договор","Shartnoma","Contract","src/features/hr/pages/HrDocumentPage.tsx; src/features/staff/assistance/AssistanceCardPage.tsx; src/features/staff/clinics/ClinicCardPage.tsx; src/features/staff/lifecycle/ContractPage.tsx; src/features/staff/lifecycle/ContractsPage.tsx"
"common.copied","Скопировано","Nusxa olindi","Copied","src/features/clinic/integration/SecretReveal.tsx"
"common.copy","Копировать","Nusxalash","Copy","src/features/clinic/integration/SecretReveal.tsx"
"common.created","Создано","Yaratilgan","Created","src/features/assist/pages/CasePage.tsx; src/features/assist/pages/CasesPage.tsx; src/features/staff/clinics/ClinicCardPage.tsx; src/features/staff/clinics/GuaranteesQueuePage.tsx; src/features/staff/lifecycle/EndorsementsPage.tsx"
"common.date","Дата","Sana","Date","src/features/assist/pages/RegistryPage.tsx; src/features/clinic/pages/RegistryPage.tsx; src/features/documents/SigningPanel.tsx; src/features/staff/clinics/RegistryReviewPage.tsx; src/features/staff/components/ClientDocumentsTable.tsx"
"common.days.few","{n} дня","","",""
"common.days.many","{n} дней","","",""
"common.days.one","{n} день","{n} kun","{n} day",""
"common.days.other","{n} дня","{n} kun","{n} days",""
"common.decision","Решение","Qaror","Decision","src/features/assist/pages/CasePage.tsx; src/features/assist/pages/GuaranteePage.tsx; src/features/staff/assistance/AssistanceCardPage.tsx; src/features/staff/assistance/QaPage.tsx; src/features/staff/claims/SettlementPanel.tsx"
"common.documents","Документы","Hujjatlar","Documents","src/features/clinic/ClinicLayout.tsx; src/features/clinic/pages/DocumentsPage.tsx; src/features/help/routeMap.ts; src/features/hr/pages/EmployeesPage.tsx; src/features/staff/pages/ClientCardPage.tsx"
"common.download","Скачать","Yuklab olish","Download","src/features/hr/pages/ContractsPage.tsx; src/features/hr/pages/DocumentsPage.tsx; src/features/hr/pages/EmployeesPage.tsx"
"common.edit","Изменить","Tahrirlash","Edit","src/features/staff/pages/ParametersPage.tsx; src/features/staff/pages/UsersPage.tsx"
"common.email","Email","Email","Email","src/features/assist/pages/UsersPage.tsx; src/features/auth/LoginPage.tsx; src/features/clinic/pages/UsersPage.tsx; src/features/staff/assistance/AssistanceCardPage.tsx; src/features/staff/clinics/ClinicCardPage.tsx"
"common.employee","Сотрудник","Xodim","Employee","src/features/hr/pages/AddFamilyMemberPage.tsx; src/features/hr/pages/EmployeesPage.tsx; src/features/hr/pages/FamilyPage.tsx; src/features/staff/pages/AuditPage.tsx; src/features/staff/pages/InsuredCardPage.tsx"
"common.empty","Записей нет","Yozuvlar yoʻq","No records","src/features/clinic/pages/AppointmentsPage.tsx"
"common.end","Окончание","Tugashi","End","src/features/staff/lifecycle/ContractPage.tsx; src/features/staff/pages/PoliciesPage.tsx; src/features/staff/pages/PolicyCardPage.tsx; src/features/staff/policies/PolicyIssuePage.tsx"
"common.filter","Фильтр","Filtr","Filter","src/features/hr/pages/EmployeesPage.tsx"
"common.from","С даты","Sanadan","From","src/features/clinic/pages/AppointmentsPage.tsx; src/features/staff/assistance/AssistanceBlock.tsx; src/features/staff/pages/AuditPage.tsx; src/features/staff/pages/PolicyCardPage.tsx; src/features/staff/pages/ReportsPage.tsx"
"common.fullName","ФИО","F.I.Sh.","Full name","src/features/assist/pages/InsuredSearchPage.tsx; src/features/assist/pages/UsersPage.tsx; src/features/clinic/pages/UsersPage.tsx; src/features/hr/pages/AddEmployeePage.tsx; src/features/staff/assistance/AssistanceCardPage.tsx"
"common.insured","Застрахованный","Sugʻurtalangan shaxs","Insured person","src/features/assist/pages/AppointmentsPage.tsx; src/features/assist/pages/CasePage.tsx; src/features/assist/pages/CasesPage.tsx; src/features/staff/assistance/AssistanceCardPage.tsx; src/features/staff/components/NewClaimDialog.tsx"
"common.loading","Загрузка…","Yuklanmoqda…","Loading…","src/features/clinic/integration/WebhooksTab.tsx; src/features/staff/claims/SettlementPanel.tsx; src/features/staff/pages/ClaimCardPage.tsx; src/shared/ui/states.tsx"
"common.manager","Менеджер","Menejer","Manager","src/features/staff/lifecycle/DealCardPage.tsx; src/features/staff/lifecycle/DealsPage.tsx; src/features/staff/pages/ClientsPage.tsx"
"common.mig","МИГ","MIG","MIG","src/features/clinic/pages/GuaranteesPage.tsx; src/features/clinic/pages/RegistryPage.tsx; src/features/staff/assistance/AssistanceBlock.tsx; src/features/staff/clinics/GuaranteesQueuePage.tsx; src/features/staff/lifecycle/EndorsementsPage.tsx"
"common.name","Название","Nomi","Name","src/features/clinic/integration/KeysTab.tsx; src/features/staff/assistance/AssistancesPage.tsx; src/features/staff/clinics/ClinicCardPage.tsx; src/features/staff/lifecycle/DealsPage.tsx; src/features/staff/lifecycle/QuotePage.tsx"
"common.next","Далее","Keyingi","Next","src/features/staff/policies/PolicyIssuePage.tsx"
"common.nextPage","Следующая страница","Keyingi sahifa","Next page","src/shared/ui/data-table.tsx"
"common.no","Нет","Yoʻq","No","src/features/staff/pages/ClinicsPage.tsx"
"common.notFound","Ничего не найдено","Hech narsa topilmadi","Nothing found","src/demo/index.tsx; src/features/staff/CommandPalette.tsx; src/features/staff/components/NewClaimDialog.tsx; src/shared/ui/data-table.tsx"
"common.number","Номер","Raqam","Number","src/features/assist/pages/CasesPage.tsx; src/features/assist/pages/GuaranteesPage.tsx; src/features/assist/pages/RebillsPage.tsx; src/features/clinic/pages/DocumentsPage.tsx; src/features/clinic/pages/GuaranteesPage.tsx"
"common.open","Открыть","Ochish","Open","src/features/hr/pages/DocumentsPage.tsx; src/features/staff/components/ClientDocumentsTable.tsx; src/features/staff/pages/DashboardPage.tsx"
"common.patient","Пациент","Bemor","Patient","src/features/assist/components.tsx; src/features/assist/pages/GuaranteePage.tsx; src/features/assist/pages/GuaranteesPage.tsx; src/features/assist/pages/RegistryPage.tsx; src/features/clinic/pages/AppointmentsPage.tsx"
"common.period","Период","Davr","Period","src/features/assist/pages/RebillsPage.tsx; src/features/assist/pages/RegistriesPage.tsx; src/features/clinic/pages/DocumentsPage.tsx; src/features/clinic/pages/RegistriesPage.tsx; src/features/staff/assistance/AssistanceCardPage.tsx"
"common.phone","Телефон","Telefon","Phone","src/features/assist/pages/InsuredSearchPage.tsx; src/features/hr/pages/AddEmployeePage.tsx; src/features/staff/pages/ClientsPage.tsx"
"common.policy","Полис","Polis","Policy","src/features/assist/pages/InsuredSearchPage.tsx; src/features/clinic/components.tsx; src/features/staff/assistance/AssistanceCardPage.tsx; src/features/staff/pages/LimitRequestsPage.tsx; src/features/staff/pages/PolicyCardPage.tsx"
"common.position","Должность","Lavozim","Position","src/features/hr/pages/AddEmployeePage.tsx; src/features/staff/lifecycle/ContractPage.tsx; src/features/staff/pages/ClientCardPage.tsx; src/features/staff/pages/InsuredCardPage.tsx; src/features/staff/pages/PolicyCardPage.tsx"
"common.premium","Премия","Mukofot","Premium","src/features/staff/lifecycle/ContractsPage.tsx; src/features/staff/lifecycle/DealCardPage.tsx; src/features/staff/lifecycle/DealsPage.tsx; src/features/staff/lifecycle/QuotePage.tsx; src/features/staff/pages/ClientCardPage.tsx"
"common.prevPage","Предыдущая страница","Oldingi sahifa","Previous page","src/shared/ui/data-table.tsx"
"common.program","Программа","Dastur","Plan","src/features/assist/pages/InsuredSearchPage.tsx; src/features/clinic/components.tsx; src/features/hr/pages/EmployeesPage.tsx; src/features/staff/components/ClientDocumentsTable.tsx; src/features/staff/lifecycle/ContractPage.tsx"
"common.rate","Тариф","Tarif","Rate","src/features/staff/lifecycle/QuotePage.tsx"
"common.reason","Причина","Sabab","Reason","src/features/assist/pages/AppointmentsPage.tsx; src/features/assist/pages/RegistryPage.tsx; src/features/clinic/pages/AppointmentsPage.tsx; src/features/clinic/pages/RegistryPage.tsx; src/features/kp/KpViewPage.tsx"
"common.reject","Отклонить","Rad etish","Reject","src/features/assist/pages/AppointmentsPage.tsx; src/features/assist/pages/GuaranteePage.tsx; src/features/assist/pages/RegistryPage.tsx; src/features/clinic/pages/AppointmentsPage.tsx; src/features/staff/admin/AiAdminPage.tsx"
"common.reset","Сбросить","Tozalash","Reset","src/features/staff/pages/AuditPage.tsx"
"common.retry","Повторить","Qayta urinish","Retry","src/features/clinic/integration/WebhooksTab.tsx; src/shared/ui/states.tsx"
"common.revoke","Отозвать","Qaytarib olish","Revoke","src/features/clinic/integration/KeysTab.tsx; src/features/staff/assistance/AssistanceCardPage.tsx; src/features/staff/clinics/ClinicCardPage.tsx; src/features/staff/components/ClientDocumentsTable.tsx; src/features/staff/pages/ParametersPage.tsx"
"common.role","Роль","Rol","Role","src/features/assist/pages/UsersPage.tsx; src/features/clinic/pages/UsersPage.tsx; src/features/staff/assistance/AssistanceCardPage.tsx; src/features/staff/clinics/ClinicCardPage.tsx; src/features/staff/pages/AuditPage.tsx"
"common.rows.few","{n} строки","","","src/features/hr/importCsv.ts"
"common.rows.many","{n} строк","","","src/features/hr/importCsv.ts"
"common.rows.one","{n} строка","{n} ta qator","{n} row","src/features/hr/importCsv.ts"
"common.rows.other","{n} строки","{n} ta qator","{n} rows","src/features/hr/importCsv.ts"
"common.save","Сохранить","Saqlash","Save","src/features/assist/pages/CasePage.tsx; src/features/staff/assistance/AssistanceBlock.tsx; src/features/staff/assistance/AssistanceCardPage.tsx; src/features/staff/assistance/QaPage.tsx; src/features/staff/claims/SettlementPanel.tsx"
"common.search","Поиск","Qidiruv","Search","src/shared/ui/search-input.tsx"
"common.send","Отправить","Yuborish","Send","src/features/ai/AiHint.tsx; src/features/assist/pages/ChatPage.tsx; src/features/assist/pages/RebillPage.tsx; src/features/documents/SigningPanel.tsx; src/features/staff/components/ClientDocumentsTable.tsx"
"common.service","Услуга","Xizmat","Service","src/features/assist/components.tsx; src/features/assist/pages/ClinicsPage.tsx; src/features/assist/pages/GuaranteePage.tsx; src/features/assist/pages/GuaranteesPage.tsx; src/features/assist/pages/InsuredCardPage.tsx"
"common.source","Источник","Manba","Source","src/features/assist/pages/RegistriesPage.tsx; src/features/clinic/pages/RegistriesPage.tsx; src/features/staff/clinics/RegistriesPage.tsx; src/features/staff/pages/ClaimCardPage.tsx; src/features/staff/pages/ClaimsPage.tsx"
"common.start","Начало","Boshlanishi","Start","src/features/staff/lifecycle/ContractPage.tsx; src/features/staff/lifecycle/DealsPage.tsx; src/features/staff/pages/PoliciesPage.tsx; src/features/staff/pages/PolicyCardPage.tsx; src/features/staff/policies/PolicyIssuePage.tsx"
"common.status","Статус","Holat","Status","src/features/assist/components.tsx; src/features/assist/pages/AppointmentsPage.tsx; src/features/assist/pages/CasePage.tsx; src/features/assist/pages/CasesPage.tsx; src/features/assist/pages/GuaranteesPage.tsx"
"common.time","Время","Vaqt","Time","src/features/clinic/integration/LogsTab.tsx; src/features/clinic/integration/WebhooksTab.tsx; src/features/clinic/pages/AppointmentsPage.tsx; src/features/staff/assistance/AssistanceCardPage.tsx"
"common.to","По дату","Sanagacha","To","src/features/staff/pages/AuditPage.tsx; src/features/staff/pages/ReportsPage.tsx"
"common.total","Итого","Jami","Total","src/features/assist/pages/RebillsPage.tsx; src/features/clinic/pages/RegistryPage.tsx; src/features/staff/assistance/AssistanceCardPage.tsx; src/features/staff/assistance/RebillsPage.tsx"
"common.type","Тип","Turi","Type","src/features/assist/pages/CasePage.tsx; src/features/assist/pages/CasesPage.tsx; src/features/assist/pages/InsuredCardPage.tsx; src/features/staff/assistance/AssistanceCardPage.tsx; src/features/staff/lifecycle/DealCardPage.tsx"
"common.validUntil","Действует до","Amal qilish muddati","Valid until","src/features/assist/pages/GuaranteePage.tsx; src/features/clinic/components.tsx; src/features/clinic/pages/DocumentsPage.tsx; src/features/clinic/pages/GuaranteesPage.tsx; src/features/staff/clinics/ClinicCardPage.tsx"
"common.yes","Да","Ha","Yes","src/features/staff/pages/ClinicsPage.tsx"
"coverage.note.excluded","«{name}» — исключение программы","«{name}» — dastur istisnosi","«{name}» is a plan exclusion","src/features/coverage/engine.ts"
"coverage.note.limitExhausted","Лимит по этому виду помощи исчерпан","Ushbu yordam turi boʻyicha limit tugagan","The limit for this type of care is exhausted","src/features/coverage/engine.ts"
"coverage.note.noRule","Для «{name}» нет правила в таблице покрытия","«{name}» uchun qoplash jadvalida qoida yoʻq","No rule for «{name}» in the coverage table","src/features/coverage/engine.ts"
"coverage.note.partly","Остаток лимита {remaining}: покрывается частично","Limit qoldigʻi {remaining}: qisman qoplanadi","Remaining limit {remaining}: partly covered","src/features/coverage/engine.ts"
"coverage.note.personInactive","Застрахованный не покрыт на дату услуги","Sugʻurtalangan shaxs xizmat sanasida qoplanmagan","The insured person is not covered on the service date","src/features/coverage/engine.ts"
"coverage.note.policyInactive","Полис не действует на дату услуги","Polis xizmat sanasida amal qilmaydi","The policy is not active on the service date","src/features/coverage/engine.ts"
"coverage.note.subLimit","Подлимит {limit}: сверх него не покрывается","Kichik limit {limit}: undan ortigʻi qoplanmaydi","Sub-limit {limit}: anything above it is not covered","src/features/coverage/engine.ts"
"coverage.note.unknownCode","Услуга {code} не найдена в каталоге","{code} xizmati katalogda topilmadi","Service {code} is not in the catalogue","src/features/coverage/engine.ts"
"coverage.note.unrecognized","Услуга не распознана","Xizmat aniqlanmadi","Service not recognised","src/features/coverage/engine.ts"
"coverage.note.waiting","Период ожидания {days} дн.: покрытие с {from}","Kutish davri {days} kun: qoplash {from} dan","Waiting period {days} days: covered from {from}","src/features/coverage/engine.ts"
"create.auto.endorsement","Доп. соглашение","Qoʻshimcha kelishuv","Endorsement","src/features/shell/createItems.ts"
"create.auto.endorsementReason","Доп. соглашение формируется из заявок на изменение","Qoʻshimcha kelishuv oʻzgartirish arizalaridan shakllantiriladi","An endorsement is formed from change requests","src/features/shell/createItems.ts"
"create.auto.kpContract","КП и договор","TT va shartnoma","Proposal and contract","src/features/shell/createItems.ts"
"create.auto.kpContractReason","КП и договор создаются внутри сделки","Tijorat taklifi va shartnoma bitim ichida yaratiladi","The commercial proposal and the contract are created inside a deal","src/features/shell/createItems.ts"
"create.auto.policy","Полис","Polis","Policy","src/features/shell/createItems.ts"
"create.auto.policyReason","Полис выпускается автоматически после подписания и оплаты договора","Polis shartnoma imzolanib, toʻlangandan keyin avtomatik chiqariladi","The policy is issued automatically once the contract is signed and paid","src/features/shell/createItems.ts"
"create.button","Создать","Yaratish","Create","src/features/shell/CreateMenu.tsx"
"create.claimPick.placeholder","ФИО застрахованного…","Sugʻurtalangan shaxsning F.I.Sh.…","Insured person’s full name…","src/features/staff/CommandPalette.tsx; src/features/staff/components/NewClaimDialog.tsx"
"create.claimPick.title","Новый убыток: выберите застрахованного","Yangi zarar: sugʻurtalangan shaxsni tanlang","New claim: choose the insured person","src/features/staff/CommandPalette.tsx"
"create.group.auto","Создаются автоматически","Avtomatik yaratiladi","Created automatically","src/features/shell/CreateMenu.tsx"
"create.group.manual","Создать","Yaratish","Create","src/features/shell/CreateMenu.tsx"
"create.hint.case","Сначала найдите застрахованного","Avval sugʻurtalangan shaxsni toping","Find the insured person first","src/features/shell/createItems.ts"
"create.hint.claim","Сначала найдите застрахованного","Avval sugʻurtalangan shaxsni toping","Find the insured person first","src/features/shell/createItems.ts"
"create.hint.deal","Новая сделка начинается с лида","Yangi bitim liddan boshlanadi","A new deal starts as a lead","src/features/shell/createItems.ts"
"create.hint.familyHr","Добавить супруга, ребёнка или родителя сотрудника","Xodimning turmush oʻrtogʻi, farzandi yoki ota-onasini qoʻshish","Add an employee's spouse, child or parent","src/features/shell/createItems.ts"
"create.hint.guarantee","Через проверку пациента","Bemorni tekshirish orqali","Via the patient check","src/features/shell/createItems.ts"
"create.hint.membershipHr","Добавить сотрудника в программу","Xodimni dasturga qoʻshish","Add an employee to the programme","src/features/shell/createItems.ts"
"create.item.assistance","Ассистанс-компания","Assistans kompaniyasi","Assistance company","src/features/shell/createItems.ts"
"create.item.case","Обращение","Murojaat","Case","src/features/shell/createItems.ts"
"create.item.claim","Убыток","Zarar","Claim","src/features/shell/createItems.ts"
"create.item.client","Клиент","Mijoz","Client","src/features/shell/createItems.ts"
"create.item.clinic","Клиника","Klinika","Clinic","src/features/shell/createItems.ts"
"create.item.deal","Сделка","Bitim","Deal","src/features/shell/createItems.ts"
"create.item.family","Член семьи","Oila aʼzosi","Family member","src/features/shell/createItems.ts"
"create.item.guarantee","Гарантийное письмо","Kafolat xati","Guarantee letter","src/features/shell/createItems.ts"
"create.item.lead","Клиент (лид)","Mijoz (lid)","Client (lead)","src/features/shell/createItems.ts"
"create.item.membership","Изменение состава","Tarkibni oʻzgartirish","Membership change","src/features/shell/createItems.ts"
"create.item.user","Пользователь","Foydalanuvchi","User","src/features/shell/createItems.ts"
"create.staffUser.add","Пригласить сотрудника","Xodimni taklif qilish","Invite an employee","src/features/staff/pages/UsersPage.tsx"
"create.staffUser.description","Сотрудник получит приглашение на рабочую почту и войдёт со вторым фактором.","Xodim ish pochtasiga taklif oladi va ikkinchi omil bilan kiradi.","The employee gets an invitation to their work email and signs in with a second factor.","src/features/staff/pages/UsersPage.tsx"
"create.staffUser.email","Рабочая почта","Ish pochtasi","Work email","src/features/staff/pages/UsersPage.tsx"
"create.staffUser.invite","Пригласить","Taklif qilish","Invite","src/features/staff/pages/UsersPage.tsx"
"create.staffUser.invited","Приглашение отправлено","Taklif yuborildi","Invitation sent","src/features/staff/pages/UsersPage.tsx"
"create.staffUser.title","Новый сотрудник МИГ","MIG yangi xodimi","New MIG employee","src/features/staff/pages/UsersPage.tsx"
"create.title","Создать (клавиша C)","Yaratish (C tugmasi)","Create (key C)","src/features/shell/CreateMenu.tsx"
"demo.acc.spouse","Член семьи — супруга","Oila aʼzosi — turmush oʻrtogʻi","Family member — spouse","src/demo/index.tsx"
"demo.assist.accept","Принять реестр клиники","Klinika reyestrini qabul qilish","Accept the clinic register","src/demo/AssistSimulator.tsx"
"demo.assist.guarantees","Решить все ГП в пределах полномочий","Vakolatlar doirasidagi barcha kafolat xatlarini hal qilish","Decide all guarantee letters within authority","src/demo/AssistSimulator.tsx"
"demo.assist.guaranteesDone","ГП: одобрено {approved}, передано в МИГ {escalated}","Kafolat xatlari: tasdiqlandi {approved}, MIGga yuborildi {escalated}","Guarantee letters: approved {approved}, escalated to MIG {escalated}","src/demo/AssistSimulator.tsx"
"demo.assist.hint","Кнопки делают настоящие вызовы API интеграции с собственным ключом ассистанса — результат виден в журнале запросов, в портале и у МИГ.","Tugmalar assistansning oʻz kaliti bilan integratsiya APIga haqiqiy soʻrovlar yuboradi — natija soʻrovlar jurnalida, portalda va MIGda koʻrinadi.","The buttons make real integration API calls with the assistance company's own key; the result shows in the request log, in the portal and at MIG.","src/demo/AssistSimulator.tsx"
"demo.assist.label","Симулятор системы ассистанса","Assistans tizimi simulyatori","Assistance system simulator","src/demo/AssistSimulator.tsx"
"demo.assist.noGuarantees","Новых ГП нет","Yangi kafolat xatlari yoʻq","No new guarantee letters","src/demo/AssistSimulator.tsx"
"demo.assist.noRegistries","Реестров на проверке нет","Tekshiruvdagi reyestrlar yoʻq","No registers under review","src/demo/AssistSimulator.tsx"
"demo.assist.noUnpaid","Неоплаченных принятых строк нет","Toʻlanmagan qabul qilingan qatorlar yoʻq","No unpaid accepted lines","src/demo/AssistSimulator.tsx"
"demo.assist.pay","Отметить оплату клинике","Klinikaga toʻlovni belgilash","Record payment to the clinic","src/demo/AssistSimulator.tsx"
"demo.assist.payDone","Оплата клинике отмечена: {n} строк","Klinikaga toʻlov belgilandi: {n} ta qator","Payment to the clinic recorded: {n} lines","src/demo/AssistSimulator.tsx"
"demo.assist.rebill","Выставить счёт МИГ за месяц","Oy uchun MIGga hisob chiqarish","Invoice MIG for the month","src/demo/AssistSimulator.tsx"
"demo.assist.rebillDone","Счёт {number} выставлен МИГ: {n} строк","{number} hisobi MIGga chiqarildi: {n} ta qator","Invoice {number} issued to MIG: {n} lines","src/demo/AssistSimulator.tsx"
"demo.assist.registryDone","Реестр принят: {ok} из {n} строк","Reyestr qabul qilindi: {n} ta qatordan {ok} tasi","Register accepted: {ok} of {n} lines","src/demo/AssistSimulator.tsx"
"demo.assist.roster","Синхронизировать список застрахованных","Sugʻurtalanganlar roʻyxatini sinxronlash","Sync the member list","src/demo/AssistSimulator.tsx"
"demo.assist.rosterDone","Список застрахованных синхронизирован: {n} человек","Sugʻurtalanganlar roʻyxati sinxronlandi: {n} kishi","Member list synced: {n} people","src/demo/AssistSimulator.tsx"
"demo.assist.title","Демо: симулятор системы ассистанса","Demo: assistans tizimi simulyatori","Demo: assistance system simulator","src/demo/AssistSimulator.tsx"
"demo.banner.label","Демо-режим","Demo rejim","Demo mode","src/demo/index.tsx"
"demo.banner.text","Демо-версия · все данные вымышленные","Demo versiya · barcha maʼlumotlar toʻqima","Demo version · all data is fictitious","src/demo/index.tsx"
"demo.failures.label","Имитировать сбои сети","Tarmoq uzilishlarini imitatsiya qilish","Simulate network failures","src/demo/index.tsx"
"demo.failures.off","Сбои сети выключены","Tarmoq uzilishlari oʻchirildi","Network failures off","src/demo/index.tsx"
"demo.failures.on","Сбои сети включены: 10% запросов завершатся ошибкой","Tarmoq uzilishlari yoqildi: soʻrovlarning 10% xato bilan tugaydi","Network failures on: 10% of requests will fail","src/demo/index.tsx"
"demo.group.assist","Ассистанс","Assistans","Assistance","src/demo/index.tsx"
"demo.group.clinic","Клиника","Klinika","Clinic","src/demo/index.tsx"
"demo.group.hr","HR компании","Kompaniya HR xodimi","Company HR","src/demo/index.tsx"
"demo.group.insured","Застрахованный","Sugʻurtalangan shaxs","Insured person","src/demo/index.tsx"
"demo.group.mig","МИГ","MIG","MIG","src/demo/index.tsx"
"demo.hints.demoCode","Демо-код:","Demo kod:","Demo code:","src/demo/index.tsx"
"demo.hints.fill","Подставить","Qoʻyish","Fill in","src/demo/index.tsx"
"demo.hints.phone","Демо: {phone}, код {code}","Demo: {phone}, kod {code}","Demo: {phone}, code {code}","src/demo/index.tsx"
"demo.hints.phoneSpouse","член семьи (супруга): {phone}","oila aʼzosi (turmush oʻrtogʻi): {phone}","family member (spouse): {phone}","src/demo/index.tsx"
"demo.hints.staff","Демо-аккаунты · пароль {password} · код {code}","Demo akkauntlar · parol {password} · kod {code}","Demo accounts · password {password} · code {code}","src/demo/index.tsx"
"demo.loginAs.button","Войти как…","… sifatida kirish","Sign in as…","src/demo/index.tsx"
"demo.loginAs.done","Вы вошли как «{label}»","Siz «{label}» sifatida kirdingiz","Signed in as “{label}”","src/demo/index.tsx"
"demo.loginAs.menu","Демо-аккаунты","Demo akkauntlar","Demo accounts","src/demo/index.tsx"
"demo.loginAs.placeholder","Роль, портал или email","Rol, portal yoki email","Role, portal or email","src/demo/index.tsx"
"demo.loginAs.search","Поиск аккаунта","Akkauntni qidirish","Search accounts","src/demo/index.tsx"
"demo.migration.download","Демо-файл: {step}","Demo fayl: {step}","Demo file: {step}","src/demo/MigrationSamples.tsx"
"demo.migration.hint","Готовые файлы старой системы: 5 клиентов, 5 договоров, 200 застрахованных, лимиты, 10 открытых убытков и счета, с несколькими строками с ошибками для отчёта проверки. Дата переноса — {date}.","Eski tizimning tayyor fayllari: 5 mijoz, 5 shartnoma, 200 sugʻurtalangan, limitlar, 10 ochiq zarar va hisoblar, tekshiruv hisoboti uchun bir nechta xatoli qatorlar bilan. Koʻchirish sanasi — {date}.","Ready files of the previous system: 5 clients, 5 contracts, 200 insured persons, limits, 10 open claims and invoices, with a few rows with errors for the check report. Transfer date — {date}.","src/demo/MigrationSamples.tsx"
"demo.migration.title","Демо: файлы переноса","Demo: koʻchirish fayllari","Demo: transfer files","src/demo/MigrationSamples.tsx"
"demo.mis.check","Проверить пациента из МИС","TATdan bemorni tekshirish","Check patient from MIS","src/demo/MisSimulator.tsx"
"demo.mis.checked","Пациент проверен: {name}, визит {visit}…","Bemor tekshirildi: {name}, tashrif {visit}…","Patient checked: {name}, visit {visit}…","src/demo/MisSimulator.tsx"
"demo.mis.confirm","Ответить на заявки из МИС","TATdan soʻrovlarga javob berish","Answer requests from MIS","src/demo/MisSimulator.tsx"
"demo.mis.confirmed","Подтверждено записей: {ok} из {n}","Tasdiqlangan qabullar: {ok} / {n}","Appointments confirmed: {ok} of {n}","src/demo/MisSimulator.tsx"
"demo.mis.hint","Кнопки делают настоящие вызовы API интеграции с собственным ключом — результат виден в журнале запросов и в разделах кабинета.","Tugmalar oʻz kaliti bilan integratsiya APIga haqiqiy soʻrovlar yuboradi — natija soʻrovlar jurnalida va kabinet boʻlimlarida koʻrinadi.","The buttons make real integration API calls with their own key; the result shows in the request log and in the portal sections.","src/demo/MisSimulator.tsx"
"demo.mis.label","Симулятор МИС","TAT simulyatori","MIS simulator","src/demo/MisSimulator.tsx"
"demo.mis.noRequests","Новых заявок нет","Yangi soʻrovlar yoʻq","No new requests","src/demo/MisSimulator.tsx"
"demo.mis.noServices","Нет услуг, покрытых программой пациента","Bemor dasturi qoplaydigan xizmatlar yoʻq","No services covered by the patient's plan","src/demo/MisSimulator.tsx"
"demo.mis.registry","Отправить реестр из МИС","TATdan reyestrni yuborish","Submit register from MIS","src/demo/MisSimulator.tsx"
"demo.mis.registryDone","Реестр отправлен: {n} строк","Reyestr yuborildi: {n} ta qator","Register submitted: {n} lines","src/demo/MisSimulator.tsx"
"demo.mis.slots","Передать расписание из МИС","TATdan jadvalni yuborish","Send schedule from MIS","src/demo/MisSimulator.tsx"
"demo.mis.slotsDone","Расписание передано: {n} слотов","Jadval yuborildi: {n} ta slot","Schedule sent: {n} slots","src/demo/MisSimulator.tsx"
"demo.mis.title","Демо: симулятор МИС клиники","Demo: klinika TAT simulyatori","Demo: clinic MIS simulator","src/demo/MisSimulator.tsx"
"demo.reset.action","Сбросить данные","Maʼlumotlarni tiklash","Reset data","src/demo/index.tsx"
"demo.reset.description","Все изменения в демо (записи, убытки, сотрудники, журнал) будут удалены, данные вернутся к исходным.","Demodagi barcha oʻzgarishlar (qabullar, zararlar, xodimlar, jurnal) oʻchiriladi, maʼlumotlar boshlangʻich holatiga qaytadi.","All demo changes (appointments, claims, employees, log) will be deleted and the data restored to the original state.","src/demo/index.tsx"
"demo.reset.done","Данные сброшены","Maʼlumotlar tiklandi","Data reset","src/demo/index.tsx"
"demo.reset.title","Сбросить данные?","Maʼlumotlar tiklansinmi?","Reset data?","src/demo/index.tsx"
"demo.sim.error","ошибка","xato","error","src/demo/AssistSimulator.tsx; src/demo/MisSimulator.tsx"
"demo.sim.failed","Ошибка: {message}","Xato: {message}","Error: {message}","src/demo/AssistSimulator.tsx; src/demo/MisSimulator.tsx"
"demo.sim.keyCreated","Создан ключ {id}","{id} kaliti yaratildi","Key {id} created","src/demo/AssistSimulator.tsx; src/demo/MisSimulator.tsx"
"demo.sim.problem","{status}: {detail}","{status}: {detail}","{status}: {detail}","src/demo/AssistSimulator.tsx; src/demo/MisSimulator.tsx"
"demo.sim.problemField","{status}: {detail} ({field}: {message})","{status}: {detail} ({field}: {message})","{status}: {detail} ({field}: {message})","src/demo/AssistSimulator.tsx; src/demo/MisSimulator.tsx"
"documents.edo.description","Документ уйдёт оператору ЭДО с подписью МИГ; подпись клиента придёт событием от оператора","Hujjat MIG imzosi bilan EHA operatoriga yuboriladi; mijoz imzosi operatordan hodisa sifatida keladi","The document goes to the EDI operator signed by MIG; the client’s signature arrives as an event from the operator","src/features/documents/SigningPanel.tsx"
"documents.edo.provider","Оператор ЭДО","EHA operatori","EDI operator","src/features/documents/SigningPanel.tsx"
"documents.edo.title","Отправить через ЭДО","EHA orqali yuborish","Send via EDI","src/features/documents/SigningPanel.tsx"
"documents.eimzo.certificate","Сертификат {serial} · действует до {date}","Sertifikat {serial} · {date} gacha amal qiladi","Certificate {serial} · valid until {date}","src/features/documents/SigningPanel.tsx"
"documents.eimzo.description","Подпись за сторону «{side}». Демо: имитация E-IMZO, ключ и пароль не проверяются","«{side}» tomoni nomidan imzo. Demo: E-IMZO imitatsiyasi, kalit va parol tekshirilmaydi","Signature on behalf of “{side}”. Demo: simulated E-IMZO, the key and password are not checked","src/features/documents/SigningPanel.tsx"
"documents.eimzo.key","Ключ {owner}","{owner} kaliti","Key {owner}","src/features/documents/SigningPanel.tsx"
"documents.eimzo.password","Пароль ключа","Kalit paroli","Key password","src/features/documents/SigningPanel.tsx"
"documents.eimzo.passwordRequired","Введите пароль ключа","Kalit parolini kiriting","Enter the key password","src/features/documents/SigningPanel.tsx"
"documents.eimzo.sign","Подписать","Imzolash","Sign","src/features/documents/SigningPanel.tsx"
"documents.eimzo.title","Выберите ключ ЭЦП","ERI kalitini tanlang","Choose an e-signature key","src/features/documents/SigningPanel.tsx"
"documents.preview.pageOf","Страница {n} из {total}","{n}-sahifa, jami {total}","Page {n} of {total}","src/features/documents/DocPreview.tsx"
"documents.preview.pages","Предпросмотр · страниц A4: {n}","Oldindan koʻrish · A4 sahifalar: {n}","Preview · A4 pages: {n}","src/features/documents/DocPreview.tsx"
"documents.print.hint","В окне печати выберите «Сохранить как PDF»","Chop etish oynasida «PDF sifatida saqlash»ni tanlang","In the print dialog, choose “Save as PDF”","src/features/documents/DocPreview.tsx; src/features/kp/KpDownloadButton.tsx"
"documents.print.pdf","Скачать PDF","PDF yuklab olish","Download PDF","src/features/documents/DocPreview.tsx"
"documents.side.client","Клиент","Mijoz","Client","src/features/documents/SigningPanel.tsx"
"documents.side.mig","МИГ","MIG","MIG","src/features/documents/SigningPanel.tsx"
"documents.sig.certificate"," · сертификат {serial}"," · sertifikat {serial}"," · certificate {serial}","src/features/documents/SigningPanel.tsx"
"documents.sig.edoSent","Отправлено в {provider}, ждём подписи клиента","{provider} ga yuborildi, mijoz imzosi kutilmoqda","Sent to {provider}, awaiting the client’s signature","src/features/documents/SigningPanel.tsx"
"documents.sig.scanVerifiedBy"," · скан проверил {name}"," · skanni {name} tekshirdi"," · scan checked by {name}","src/features/documents/SigningPanel.tsx"
"documents.signing.clientReceived","Оригинал клиента получен","Mijozning asl nusxasi olindi","Client original received","src/features/documents/SigningPanel.tsx"
"documents.signing.clientReceivedDone","Оригинал клиента отмечен как полученный","Mijozning asl nusxasi olingan deb belgilandi","Client original marked as received","src/features/documents/SigningPanel.tsx"
"documents.signing.edoSent","Отправлено через {provider}. Ждём подписи клиента","{provider} orqali yuborildi. Mijoz imzosi kutilmoqda","Sent via {provider}. Awaiting the client’s signature","src/features/documents/SigningPanel.tsx"
"documents.signing.markSaved","Отметка сохранена","Belgi saqlandi","Mark saved","src/features/documents/SigningPanel.tsx"
"documents.signing.no","нет","yoʻq","no","src/features/documents/SigningPanel.tsx"
"documents.signing.paperMig","Подписано МИГ","MIG imzoladi","Signed by MIG","src/features/documents/SigningPanel.tsx"
"documents.signing.paperMigDone","Подпись МИГ на бумаге отмечена","MIGning qogʻozdagi imzosi belgilandi","MIG paper signature recorded","src/features/documents/SigningPanel.tsx"
"documents.signing.paperOriginal","Бумажный оригинал","Qogʻozdagi asl nusxa","Paper original","src/features/documents/SigningPanel.tsx"
"documents.signing.paperStatus","Экземпляр МИГ отправлен клиенту: {sent} · Оригинал клиента получен: {received}","MIG nusxasi mijozga yuborildi: {sent} · Mijozning asl nusxasi olindi: {received}","MIG copy sent to the client: {sent} · Client original received: {received}","src/features/documents/SigningPanel.tsx"
"documents.signing.pendingScan","Скан подписи стороны «{side}» загрузил {name}, {date}. Подпись засчитается после проверки.","«{side}» tomoni imzosining skanini {name} yukladi, {date}. Imzo tekshiruvdan keyin hisobga olinadi.","Scan of the “{side}” signature uploaded by {name}, {date}. The signature counts after review.","src/features/documents/SigningPanel.tsx"
"documents.signing.printTwo","Распечатать два экземпляра","Ikki nusxada chop etish","Print two copies","src/features/documents/SigningPanel.tsx"
"documents.signing.scanFile","Файл скана подписанного документа","Imzolangan hujjat skani fayli","Scan of the signed document","src/features/documents/SigningPanel.tsx"
"documents.signing.scanSide","Чей скан","Kimning skani","Whose scan","src/features/documents/SigningPanel.tsx"
"documents.signing.scanSide.client","клиента","mijozning","client","src/features/documents/SigningPanel.tsx"
"documents.signing.scanSide.mig","МИГ","MIGning","MIG","src/features/documents/SigningPanel.tsx"
"documents.signing.scanUploaded","Скан загружен и ждёт проверки","Skan yuklandi va tekshiruvni kutmoqda","Scan uploaded and awaiting review","src/features/documents/SigningPanel.tsx"
"documents.signing.scanVerified","Скан проверен, подпись засчитана","Skan tekshirildi, imzo hisobga olindi","Scan checked, signature counted","src/features/documents/SigningPanel.tsx"
"documents.signing.sendEdo","Отправить через ЭДО","EHA orqali yuborish","Send via EDI","src/features/documents/SigningPanel.tsx"
"documents.signing.sentToClient","Отправлено клиенту","Mijozga yuborildi","Sent to the client","src/features/documents/SigningPanel.tsx"
"documents.signing.signClient","Подписать ЭЦП","ERI bilan imzolash","Sign with e-signature","src/features/documents/SigningPanel.tsx"
"documents.signing.signMig","Подписать ЭЦП за МИГ","MIG nomidan ERI bilan imzolash","Sign with e-signature for MIG","src/features/documents/SigningPanel.tsx"
"documents.signing.signed","Документ подписан ЭЦП","Hujjat ERI bilan imzolandi","Document signed with e-signature","src/features/documents/SigningPanel.tsx"
"documents.signing.title","Подписание","Imzolash","Signing","src/features/documents/SigningPanel.tsx"
"documents.signing.uploadScan","Загрузить скан","Skanni yuklash","Upload scan","src/features/documents/SigningPanel.tsx"
"documents.signing.verifyScan","Скан проверен","Skan tekshirildi","Scan checked","src/features/documents/SigningPanel.tsx"
"documents.state.edoPending","Ждём ЭДО","EHA kutilmoqda","Awaiting EDI","src/features/documents/SigningPanel.tsx"
"documents.state.scanPending","Скан на проверке","Skan tekshiruvda","Scan under review","src/features/documents/SigningPanel.tsx"
"documents.state.signed","Подписано","Imzolangan","Signed","src/features/documents/SigningPanel.tsx"
"documents.state.waiting","Не подписано","Imzolanmagan","Not signed","src/features/documents/SigningPanel.tsx"
"dom.census.birthYear","Год рождения: четыре цифры","Tugʻilgan yil: toʻrt raqam","Birth year: four digits","src/shared/domain/census.ts"
"dom.census.empty","В файле нет строк","Faylda qatorlar yoʻq","The file has no rows","src/shared/domain/census.ts"
"dom.census.gender","Пол: m или f","Jins: m yoki f","Gender: m or f","src/shared/domain/census.ts"
"dom.census.missingColumns","Нет столбцов: {columns}. Скачайте шаблон","Ustunlar yoʻq: {columns}. Shablonni yuklab oling","Missing columns: {columns}. Download the template","src/shared/domain/census.ts"
"dom.census.relation","Тип: employee, spouse или child","Tur: employee, spouse yoki child","Type: employee, spouse or child","src/shared/domain/census.ts"
"dom.census.tooManyRows","Строк {n}, можно не больше {max}","Qatorlar soni {n}, koʻpi bilan {max} ta boʻlishi mumkin","{n} rows, the maximum is {max}","src/shared/domain/census.ts"
"dom.claims.fourEyesPay","Оплату проводит другой сотрудник: вы одобряли этот убыток.","Toʻlovni boshqa xodim amalga oshiradi: siz bu zararni tasdiqlagansiz.","Another employee makes the payment: you approved this claim.","src/shared/domain/claims.ts"
"dom.claims.medicalReview","Нужна медэкспертиза: стоматология, стационар или сумма больше 5 000 000 UZS. Сначала передайте убыток врачу-эксперту.","Tibbiy ekspertiza kerak: stomatologiya, statsionar yoki 5 000 000 soʻmdan katta summa. Avval zararni ekspert shifokorga yuboring.","Medical review required: dentistry, inpatient care or an amount above 5,000,000 UZS. First send the claim to a medical expert.","src/shared/domain/claims.ts"
"dom.clinics.guaranteeNotApproved","Гарантийное письмо не найдено или не одобрено","Kafolat xati topilmadi yoki tasdiqlanmagan","Guarantee letter not found or not approved","src/shared/domain/clinics.ts"
"dom.clinics.guaranteeNumberRequired","Для услуги нужен номер гарантийного письма","Xizmat uchun kafolat xati raqami kerak","The service requires a guarantee letter number","src/shared/domain/clinics.ts"
"dom.clinics.guaranteeOtherVisit","Гарантийное письмо выдано по другому визиту","Kafolat xati boshqa tashrif boʻyicha berilgan","The guarantee letter was issued for another visit","src/shared/domain/clinics.ts"
"dom.clinics.noVisit","Не указан визит","Tashrif koʻrsatilmagan","No visit specified","src/shared/domain/clinics.ts"
"dom.clinics.notInPrice","Услуги нет в прайсе договора","Xizmat shartnoma narxlar roʻyxatida yoʻq","The service is not in the contract price list","src/shared/domain/clinics.ts"
"dom.clinics.outsidePolicy","Дата услуги вне срока действия полиса","Xizmat sanasi polisning amal qilish muddatidan tashqarida","The service date is outside the policy validity period","src/shared/domain/clinics.ts"
"dom.clinics.outsideVisit","Дата услуги вне срока визита","Xizmat sanasi tashrif muddatidan tashqarida","The service date is outside the visit period","src/shared/domain/clinics.ts"
"dom.clinics.priceAbove","Цена выше прайса договора ({price})","Narx shartnoma narxlar roʻyxatidan yuqori ({price})","The price is above the contract price list ({price})","src/shared/domain/clinics.ts"
"dom.decision.clauseRequired","Укажите пункт договора или правил, на основании которого принято решение","Qaror qabul qilingan shartnoma yoki qoidalar bandini koʻrsating","Specify the clause of the contract or rules the decision is based on","src/shared/domain/settlement.ts"
"dom.decision.fullAmount","Полное одобрение — на заявленную сумму","Toʻliq tasdiqlash — soʻralgan summaga","Full approval is for the claimed amount","src/shared/domain/settlement.ts"
"dom.decision.partialAmount","Частичное одобрение: сумма больше нуля и меньше заявленной","Qisman tasdiqlash: summa noldan katta va soʻralganidan kam","Partial approval: the amount is above zero and below the claimed amount","src/shared/domain/settlement.ts"
"dom.decision.reasonRequired","Опишите причину простым языком","Sababni oddiy tilda yozing","Describe the reason in plain language","src/shared/domain/settlement.ts"
"dom.decision.rejectZero","При отказе сумма к выплате — 0","Rad etilganda toʻlanadigan summa — 0","On denial the amount payable is 0","src/shared/domain/settlement.ts"
"dom.endorsement.addByBand","по возрастной группе {band}: {annual} × {days} / {term} = {amount}","{band} yosh guruhi boʻyicha: {annual} × {days} / {term} = {amount}","by age band {band}: {annual} × {days} / {term} = {amount}","src/shared/domain/endorsements.ts"
"dom.endorsement.addByType","по типу: {key} {annual} × {days} / {term} = {amount}","turi boʻyicha: {key} {annual} × {days} / {term} = {amount}","by type: {key} {annual} × {days} / {term} = {amount}","src/shared/domain/endorsements.ts"
"dom.endorsement.minusClaims","−max(0, {annual} × {days} / {term} − выплаты {claims}) = −{refund}","−max(0, {annual} × {days} / {term} − toʻlovlar {claims}) = −{refund}","−max(0, {annual} × {days} / {term} − payouts {claims}) = −{refund}","src/shared/domain/endorsements.ts"
"dom.endorsement.noRefund","Без возврата (правило возврата: none)","Qaytarilmaydi (qaytarish qoidasi: none)","No refund (refund rule: none)","src/shared/domain/endorsements.ts"
"dom.fee.pepm","{count} застрахованных × {value} UZS = {amount} UZS","{count} ta sugʻurtalangan × {value} soʻm = {amount} soʻm","{count} insured × {value} UZS = {amount} UZS","src/shared/domain/assistance.ts"
"dom.fee.perCase","{count} обращений × {value} UZS = {amount} UZS","{count} ta murojaat × {value} soʻm = {amount} soʻm","{count} cases × {value} UZS = {amount} UZS","src/shared/domain/assistance.ts"
"dom.fee.percent","{base} UZS × {pct}% = {amount} UZS","{base} soʻm × {pct}% = {amount} soʻm","{base} UZS × {pct}% = {amount} UZS","src/shared/domain/assistance.ts"
"dom.flags.abovePrice","Сумма выше прайса на {pct}%","Summa narxlar roʻyxatidan {pct}% yuqori","The amount is {pct}% above the price list","src/shared/domain/settlement.ts"
"dom.flags.afterCoverage","Дата услуги после окончания покрытия или исключения","Xizmat sanasi qoplama tugaganidan yoki chiqarilgandan keyin","The service date is after the coverage end or exclusion","src/shared/domain/settlement.ts"
"dom.flags.beforeCoverage","Дата услуги до начала покрытия","Xizmat sanasi qoplama boshlanishidan oldin","The service date is before the coverage start","src/shared/domain/settlement.ts"
"dom.flags.beforeExclusion","Услуга за {days} дн. до исключения из списка","Xizmat roʻyxatdan chiqarilishidan {days} kun oldin","Service {days} days before exclusion from the list","src/shared/domain/settlement.ts"
"dom.flags.dup.details","Та же сумма, дата и точка продажи, что в чеке обращения{number}","Summa, sana va savdo nuqtasi murojaat{number} chekidagi bilan bir xil","Same amount, date and point of sale as the receipt of claim{number}","src/shared/domain/settlement.ts"
"dom.flags.dup.detailsCount","Та же сумма, дата и точка продажи, что в чеке обращения{number} (совпадений: {count})","Summa, sana va savdo nuqtasi murojaat{number} chekidagi bilan bir xil (mosliklar: {count})","Same amount, date and point of sale as the receipt of claim{number} (matches: {count})","src/shared/domain/settlement.ts"
"dom.flags.dup.detailsImage","Та же сумма, дата и точка продажи, что в чеке обращения{number} (изображение чека тоже совпадает)","Summa, sana va savdo nuqtasi murojaat{number} chekidagi bilan bir xil (chek tasviri ham mos keladi)","Same amount, date and point of sale as the receipt of claim{number} (the receipt image matches too)","src/shared/domain/settlement.ts"
"dom.flags.dup.detailsImageCount","Та же сумма, дата и точка продажи, что в чеке обращения{number} (изображение чека тоже совпадает; совпадений: {count})","Summa, sana va savdo nuqtasi murojaat{number} chekidagi bilan bir xil (chek tasviri ham mos keladi; mosliklar: {count})","Same amount, date and point of sale as the receipt of claim{number} (the receipt image matches too; matches: {count})","src/shared/domain/settlement.ts"
"dom.flags.dup.detailsOther","Та же сумма, дата и точка продажи, что в чеке обращения{number} другого застрахованного","Summa, sana va savdo nuqtasi boshqa sugʻurtalangan shaxsning murojaat{number} chekidagi bilan bir xil","Same amount, date and point of sale as the receipt of claim{number} of another insured person","src/shared/domain/settlement.ts"
"dom.flags.dup.detailsOtherCount","Та же сумма, дата и точка продажи, что в чеке обращения{number} другого застрахованного (совпадений: {count})","Summa, sana va savdo nuqtasi boshqa sugʻurtalangan shaxsning murojaat{number} chekidagi bilan bir xil (mosliklar: {count})","Same amount, date and point of sale as the receipt of claim{number} of another insured person (matches: {count})","src/shared/domain/settlement.ts"
"dom.flags.dup.detailsOtherImage","Та же сумма, дата и точка продажи, что в чеке обращения{number} другого застрахованного (изображение чека тоже совпадает)","Summa, sana va savdo nuqtasi boshqa sugʻurtalangan shaxsning murojaat{number} chekidagi bilan bir xil (chek tasviri ham mos keladi)","Same amount, date and point of sale as the receipt of claim{number} of another insured person (the receipt image matches too)","src/shared/domain/settlement.ts"
"dom.flags.dup.detailsOtherImageCount","Та же сумма, дата и точка продажи, что в чеке обращения{number} другого застрахованного (изображение чека тоже совпадает; совпадений: {count})","Summa, sana va savdo nuqtasi boshqa sugʻurtalangan shaxsning murojaat{number} chekidagi bilan bir xil (chek tasviri ham mos keladi; mosliklar: {count})","Same amount, date and point of sale as the receipt of claim{number} of another insured person (the receipt image matches too; matches: {count})","src/shared/domain/settlement.ts"
"dom.flags.dup.fiscal","Фискальный номер чека совпадает с чеком обращения{number}","Chekning fiskal raqami murojaat{number} cheki bilan mos keladi","The receipt's fiscal number matches the receipt of claim{number}","src/shared/domain/settlement.ts"
"dom.flags.dup.fiscalCount","Фискальный номер чека совпадает с чеком обращения{number} (совпадений: {count})","Chekning fiskal raqami murojaat{number} cheki bilan mos keladi (mosliklar: {count})","The receipt's fiscal number matches the receipt of claim{number} (matches: {count})","src/shared/domain/settlement.ts"
"dom.flags.dup.fiscalImage","Фискальный номер чека совпадает с чеком обращения{number} (изображение чека тоже совпадает)","Chekning fiskal raqami murojaat{number} cheki bilan mos keladi (chek tasviri ham mos keladi)","The receipt's fiscal number matches the receipt of claim{number} (the receipt image matches too)","src/shared/domain/settlement.ts"
"dom.flags.dup.fiscalImageCount","Фискальный номер чека совпадает с чеком обращения{number} (изображение чека тоже совпадает; совпадений: {count})","Chekning fiskal raqami murojaat{number} cheki bilan mos keladi (chek tasviri ham mos keladi; mosliklar: {count})","The receipt's fiscal number matches the receipt of claim{number} (the receipt image matches too; matches: {count})","src/shared/domain/settlement.ts"
"dom.flags.dup.fiscalOther","Фискальный номер чека совпадает с чеком обращения{number} другого застрахованного","Chekning fiskal raqami boshqa sugʻurtalangan shaxsning murojaat{number} cheki bilan mos keladi","The receipt's fiscal number matches the receipt of claim{number} of another insured person","src/shared/domain/settlement.ts"
"dom.flags.dup.fiscalOtherCount","Фискальный номер чека совпадает с чеком обращения{number} другого застрахованного (совпадений: {count})","Chekning fiskal raqami boshqa sugʻurtalangan shaxsning murojaat{number} cheki bilan mos keladi (mosliklar: {count})","The receipt's fiscal number matches the receipt of claim{number} of another insured person (matches: {count})","src/shared/domain/settlement.ts"
"dom.flags.dup.fiscalOtherImage","Фискальный номер чека совпадает с чеком обращения{number} другого застрахованного (изображение чека тоже совпадает)","Chekning fiskal raqami boshqa sugʻurtalangan shaxsning murojaat{number} cheki bilan mos keladi (chek tasviri ham mos keladi)","The receipt's fiscal number matches the receipt of claim{number} of another insured person (the receipt image matches too)","src/shared/domain/settlement.ts"
"dom.flags.dup.fiscalOtherImageCount","Фискальный номер чека совпадает с чеком обращения{number} другого застрахованного (изображение чека тоже совпадает; совпадений: {count})","Chekning fiskal raqami boshqa sugʻurtalangan shaxsning murojaat{number} cheki bilan mos keladi (chek tasviri ham mos keladi; mosliklar: {count})","The receipt's fiscal number matches the receipt of claim{number} of another insured person (the receipt image matches too; matches: {count})","src/shared/domain/settlement.ts"
"dom.flags.dup.image","Изображение чека совпадает с чеком обращения{number}","Chek tasviri murojaat{number} cheki bilan mos keladi","The receipt image matches the receipt of claim{number}","src/shared/domain/settlement.ts"
"dom.flags.dup.imageCount","Изображение чека совпадает с чеком обращения{number} (совпадений: {count})","Chek tasviri murojaat{number} cheki bilan mos keladi (mosliklar: {count})","The receipt image matches the receipt of claim{number} (matches: {count})","src/shared/domain/settlement.ts"
"dom.flags.dup.imageOther","Изображение чека совпадает с чеком обращения{number} другого застрахованного","Chek tasviri boshqa sugʻurtalangan shaxsning murojaat{number} cheki bilan mos keladi","The receipt image matches the receipt of claim{number} of another insured person","src/shared/domain/settlement.ts"
"dom.flags.dup.imageOtherCount","Изображение чека совпадает с чеком обращения{number} другого застрахованного (совпадений: {count})","Chek tasviri boshqa sugʻurtalangan shaxsning murojaat{number} cheki bilan mos keladi (mosliklar: {count})","The receipt image matches the receipt of claim{number} of another insured person (matches: {count})","src/shared/domain/settlement.ts"
"dom.flags.frequent","Обращений за месяц: {n}, порог — {max}","Oy davomidagi murojaatlar: {n}, chegara — {max}","Claims this month: {n}, threshold: {max}","src/shared/domain/settlement.ts"
"dom.limits.fourEyes","Нужно подтверждение другого сотрудника","Boshqa xodimning tasdigʻi kerak","Confirmation by another employee is required","src/shared/domain/limits.ts"
"dom.numbering.chars","Только латинские буквы, цифры, «-» и «/» и подстановки в фигурных скобках","Faqat lotin harflari, raqamlar, «-» va «/» hamda jingalak qavslardagi oʻrinbosarlar","Latin letters, digits, “-” and “/” and placeholders in braces only","src/shared/domain/numbering.ts; src/shared/schemas/forms.ts"
"dom.numbering.missing","В шаблоне не хватает обязательной подстановки: {required}","Shablonda majburiy oʻrinbosar yetishmayapti: {required}","The template lacks a required placeholder: {required}","src/shared/config/dmsParameters.ts; src/shared/domain/numbering.ts"
"dom.payments.amountPositive","Сумма по счёту больше нуля","Hisob boʻyicha summa noldan katta boʻlsin","The invoice amount must be above zero","src/shared/domain/payments.ts"
"dom.payments.overInvoice","Сумма больше остатка по счёту {number}","Summa {number} hisob qoldigʻidan katta","The amount exceeds the balance of invoice {number}","src/shared/domain/payments.ts"
"dom.payments.overPayment","Сумма разноски больше остатка платежа ({left})","Taqsimlash summasi toʻlov qoldigʻidan katta ({left})","The matched amount exceeds the payment balance ({left})","src/shared/domain/payments.ts"
"dom.payments.thirdPartyComment","Плательщик — другой ИНН: укажите комментарий (минимум 5 символов)","Toʻlovchi — boshqa STIR: izoh yozing (kamida 5 ta belgi)","The payer has a different TIN: add a comment (at least 5 characters)","src/shared/domain/payments.ts"
"dom.policies.dateOutside","Дата должна быть в пределах срока полиса","Sana polis muddati ichida boʻlishi kerak","The date must be within the policy term","src/shared/domain/policies.ts"
"dom.policies.excludeBeforeAdd","Дата исключения раньше даты прикрепления","Chiqarish sanasi biriktirish sanasidan oldin","The exclusion date is before the inclusion date","src/shared/domain/policies.ts"
"dom.policies.maxMonths","Срок полиса — не больше {n} месяцев","Polis muddati — koʻpi bilan {n} oy","Policy term: no more than {n} months","src/shared/domain/policies.ts"
"dom.policies.minMonth","Срок полиса — не меньше месяца","Polis muddati — kamida bir oy","Policy term: at least one month","src/shared/domain/policies.ts"
"dom.pricing.badBandTable","Таблица ставок по возрастным группам: группы с 0 лет без пропусков и пересечений, последняя открытая, ставки больше нуля","Yosh guruhlari stavkalari jadvali: guruhlar 0 yoshdan boshlanadi, boʻshliq va kesishmalarsiz, oxirgisi ochiq, stavkalar noldan katta","Age-band rate table: bands from age 0 without gaps or overlaps, the last one open, rates above zero","src/shared/domain/pricing.ts"
"dom.pricing.noBand","Нет ставки возрастной группы для даты рождения застрахованного","Sugʻurtalanuvchining tugʻilgan sanasi uchun yosh guruhi stavkasi yoʻq","No age-band rate for the insured person's date of birth","src/shared/domain/pricing.ts"
"dom.pricing.noBandTable","Для расчёта по возрастным группам нужна таблица ставок по возрастным группам (приложение из котировки)","Yosh guruhlari boʻyicha hisoblash uchun yosh guruhlari stavkalari jadvali kerak (kotirovkadan ilova)","Age-banded pricing needs the age-band rate table (appendix from the quote)","src/shared/domain/pricing.ts"
"dom.quote.discountAboveAuthority","Скидка {pct} выше ваших полномочий ({max})","{pct} chegirma vakolatlaringizdan yuqori ({max})","A {pct} discount exceeds your authority limit ({max})","src/shared/domain/tariff.ts"
"dom.quote.premiumAboveAuthority","Премия выше ваших полномочий","Sugʻurta mukofoti vakolatlaringizdan yuqori","The premium exceeds your authority limit","src/shared/domain/tariff.ts"
"dom.rebill.duplicate","Эта строка реестра уже есть в другом счёте","Ushbu reyestr qatori boshqa hisobda allaqachon bor","This register line is already in another invoice","src/shared/domain/assistance.ts"
"dom.rebill.noGuarantee","Для услуги нужно одобренное гарантийное письмо","Xizmat uchun tasdiqlangan kafolat xati kerak","The service requires an approved guarantee letter","src/shared/domain/assistance.ts"
"dom.rebill.notAccepted","Строка реестра не принята ассистансом","Reyestr qatori assistans tomonidan qabul qilinmagan","The register line was not accepted by the assistance company","src/shared/domain/assistance.ts"
"dom.rebill.notAssigned","На дату услуги полис не был закреплён за этим ассистансом","Xizmat sanasida polis ushbu assistansga biriktirilmagan","On the service date the policy was not assigned to this assistance company","src/shared/domain/assistance.ts"
"dom.rebill.notInPrice","Услуги нет в прайсе пары «клиника + ассистанс»","Xizmat «klinika + assistans» juftligi narxlar roʻyxatida yoʻq","The service is not in the “clinic + assistance” price list","src/shared/domain/assistance.ts"
"dom.rebill.notPaidToClinic","Строка принята, но оплата клинике не отмечена","Qator qabul qilingan, lekin klinikaga toʻlov belgilanmagan","The line is accepted, but the payment to the clinic is not recorded","src/shared/domain/assistance.ts"
"dom.rebill.overGuarantee","Сумма больше одобренной по ГП ({amount})","Summa kafolat xati boʻyicha tasdiqlanganidan katta ({amount})","The amount exceeds the guarantee letter approval ({amount})","src/shared/domain/assistance.ts"
"dom.rebill.overLimit","Сумма {amount} больше остатка лимита {left}","{amount} summasi limit qoldigʻi {left} dan katta","The amount {amount} exceeds the remaining limit {left}","src/shared/domain/assistance.ts"
"dom.rebill.policyInactive","На дату услуги полис не действовал","Xizmat sanasida polis amalda boʻlmagan","The policy was not active on the service date","src/shared/domain/assistance.ts"
"dom.rebill.priceAbove","Цена {price} выше прайса {contractPrice}","{price} narxi narxlar roʻyxatidagi {contractPrice} dan yuqori","Price {price} is above the price list {contractPrice}","src/shared/domain/assistance.ts"
"emptyPartner.app.appointments.why","Запишитесь в клинику сети ДМС — запись появится здесь, а клиника подтвердит время.","ITS tarmogʻidagi klinikaga yoziling — yozuv shu yerda paydo boʻladi, klinika esa vaqtni tasdiqlaydi.","Book a clinic in the VHI network — the appointment appears here and the clinic confirms the time.","src/features/insured/pages/AppointmentsPage.tsx"
"emptyPartner.app.certificate.next","Отвечает HR вашей компании: уточните у него дату начала страховки.","Masʼul — kompaniyangiz HR xodimi: sugʻurta boshlanish sanasini undan aniqlang.","Responsible: your company’s HR — ask them when your cover starts.","src/features/insured/pages/CertificatePage.tsx"
"emptyPartner.app.certificate.why","Сертификат выпускается вместе с полисом после подписания и оплаты договора вашим работодателем.","Sertifikat ish beruvchingiz shartnomani imzolab, toʻlaganidan keyin polis bilan birga chiqariladi.","The certificate is issued with the policy after your employer signs and pays the contract.","src/features/insured/pages/CertificatePage.tsx"
"emptyPartner.app.claims.why","Оплатили приём или лекарства сами? Сфотографируйте чек — МИГ вернёт деньги в пределах лимита.","Qabul yoki dorilar uchun oʻzingiz toʻladingizmi? Chekni suratga oling — MIG pulni limit doirasida qaytaradi.","Paid for a visit or medicines yourself? Take a photo of the receipt — MIG refunds it within your limit.","src/features/insured/pages/ClaimsPage.tsx"
"emptyPartner.app.family.request","Оформить заявку","Ariza berish","Make a request","src/features/insured/pages/FamilyPage.tsx"
"emptyPartner.app.family.why","Супруга, детей или родителей добавляют в полис по заявке: отправьте её здесь, HR вашей компании её рассмотрит.","Turmush oʻrtogʻi, bolalar yoki ota-onalar polisga ariza boʻyicha qoʻshiladi: uni shu yerda yuboring, kompaniyangiz HR xodimi koʻrib chiqadi.","A spouse, children or parents are added to the policy on request: send it here and your company’s HR reviews it.","src/features/insured/pages/FamilyPage.tsx"
"emptyPartner.app.familyRequests.why","Здесь будут ваши заявки на членов семьи и их статус.","Oila aʼzolari boʻyicha arizalaringiz va ularning holati shu yerda boʻladi.","Your requests for family members and their status will appear here.","src/features/insured/pages/FamilyPage.tsx"
"emptyPartner.assist.cases.find","Найти застрахованного","Sugʻurtalanganni topish","Find an insured person","src/features/assist/pages/CasesPage.tsx"
"emptyPartner.assist.cases.next","Чтобы завести обращение из звонка, найдите застрахованного и нажмите «Новое обращение» — это делает {role}.","Qoʻngʻiroqdan murojaat ochish uchun sugʻurtalanganni toping va «Yangi murojaat» ni bosing — buni {role} bajaradi.","To open a case from a call, find the insured person and press «New case» — the {role} does this.","src/features/assist/pages/CasesPage.tsx"
"emptyPartner.assist.cases.why","Обращения создаются из звонков и чатов застрахованных ваших клиентов, а также из эскалаций клиник.","Murojaatlar mijozlaringiz sugʻurtalanganlarining qoʻngʻiroqlari va chatlaridan, shuningdek klinikalar eskalatsiyalaridan yaratiladi.","Cases are created from calls and chats of your clients’ insured persons, and from clinic escalations.","src/features/assist/pages/CasesPage.tsx"
"emptyPartner.assist.gp.next","Решение принимает {role} в пределах полномочий; остальное уходит в МИГ.","Qarorni vakolat doirasida {role} qabul qiladi; qolganlari MIGga oʻtadi.","The {role} decides within their authority; anything above goes to MIG.","src/features/assist/pages/GuaranteesPage.tsx"
"emptyPartner.assist.gp.why","Гарантийные письма запрашивают клиники из визита пациента или оператор из обращения. Запросов по вашим клиентам пока не было.","Kafolat xatlarini klinikalar bemor tashrifidan yoki operator murojaatdan soʻraydi. Mijozlaringiz boʻyicha hali soʻrovlar boʻlmagan.","Clinics request guarantee letters from a patient’s visit, operators from a case. There have been no requests for your clients yet.","src/features/assist/pages/GuaranteesPage.tsx"
"emptyPartner.assist.lines.next","Условия договора с МИГ настраивает {role} МИГ; если строк не хватает — напишите в МИГ.","MIG bilan shartnoma shartlarini MIG {role}i sozlaydi; qatorlar yetishmasa — MIGga yozing.","The MIG {role} sets up the terms of the contract with MIG; if lines are missing, write to MIG.","src/features/assist/components.tsx"
"emptyPartner.assist.lines.why","Строки счёта берутся из проверенных реестров клиник и сборов по договору с МИГ за период. За этот период их нет.","Hisob qatorlari davr uchun tekshirilgan klinika reyestrlari va MIG bilan shartnoma boʻyicha yigʻimlardan olinadi. Bu davrda ular yoʻq.","Invoice lines come from reviewed clinic registers and fees under the contract with MIG for the period. There are none for this period.","src/features/assist/components.tsx"
"emptyPartner.assist.rebills.build","Сформировать первый счёт","Birinchi hisobni tuzish","Build the first invoice","src/features/assist/pages/RebillsPage.tsx"
"emptyPartner.assist.rebills.next","Счёт формирует и отправляет {role}.","Hisobni {role} tuzadi va yuboradi.","The {role} builds and sends the invoice.","src/features/assist/pages/RebillsPage.tsx"
"emptyPartner.assist.rebills.why","Счёт МИГ за месяц формируется из проверенных и оплаченных реестров клиник и сборов по договору.","MIG uchun oylik hisob tekshirilgan va toʻlangan klinika reyestrlari hamda shartnoma boʻyicha yigʻimlardan tuziladi.","The monthly invoice to MIG is built from reviewed and paid clinic registers and contract fees.","src/features/assist/pages/RebillsPage.tsx"
"emptyPartner.assist.registries.next","Реестр отправляет {role}; проверяет его и отмечает оплату {checker}.","Reyestrni {role} yuboradi; uni tekshirib, toʻlovni {checker} belgilaydi.","The {role} submits the register; the {checker} reviews it and records the payment.","src/features/assist/pages/RegistriesPage.tsx"
"emptyPartner.assist.registries.why","Подреестры приходят, когда клиники, обслужившие ваших застрахованных, отправляют реестр за месяц.","Quyi reyestrlar sugʻurtalanganlaringizga xizmat koʻrsatgan klinikalar oylik reyestrni yuborganda keladi.","Sub-registers arrive when clinics that served your insured persons submit their monthly register.","src/features/assist/pages/RegistriesPage.tsx"
"emptyPartner.clinic.acts.next","Сначала нужно собрать и отправить реестр — это делает {role}.","Avval reyestrni yigʻib yuborish kerak — buni {role} bajaradi.","First a register has to be built and submitted — the {role} does this.","src/features/clinic/pages/DocumentsPage.tsx"
"emptyPartner.clinic.acts.open","Перейти к реестрам","Reyestrlarga oʻtish","Go to registers","src/features/clinic/pages/DocumentsPage.tsx"
"emptyPartner.clinic.acts.title","Актов сверки пока нет","Solishtirish dalolatnomalari hali yoʻq","No reconciliation acts yet","src/features/clinic/pages/DocumentsPage.tsx"
"emptyPartner.clinic.acts.why","Акт сверки формируется по реестру за месяц после того, как МИГ или ассистанс проверит его и отметит оплату.","Solishtirish dalolatnomasi oylik reyestr boʻyicha MIG yoki assistans uni tekshirib, toʻlovni belgilagach tuziladi.","A reconciliation act is made for a monthly register once MIG or the assistance company has reviewed it and recorded the payment.","src/features/clinic/pages/DocumentsPage.tsx"
"emptyPartner.clinic.gp.check","Начать с проверки пациента","Bemorni tekshirishdan boshlash","Start with a patient check","src/features/clinic/pages/GuaranteesPage.tsx"
"emptyPartner.clinic.gp.next","Проверьте пациента, откройте визит и запросите письмо. Решение принимает ассистанс пациента или МИГ.","Bemorni tekshiring, tashrifni oching va xat soʻrang. Qarorni bemorning assistansi yoki MIG qabul qiladi.","Check the patient, open the visit and request the letter. The patient’s assistance company or MIG decides.","src/features/clinic/pages/GuaranteesPage.tsx"
"emptyPartner.clinic.gp.why","Гарантийное письмо запрашивается из визита, когда услуга требует согласования. Запросов пока не было.","Kafolat xati xizmat kelishuvni talab qilganda tashrifdan soʻraladi. Hali soʻrovlar boʻlmagan.","A guarantee letter is requested from a visit when a service needs approval. There have been no requests yet.","src/features/clinic/pages/GuaranteesPage.tsx"
"emptyPartner.clinic.prices.next","Отвечает: {role} МИГ. Если клиника уже подключена, а прайса нет — напишите в МИГ.","Masʼul: MIG {role}. Klinika ulangan boʻlsa-yu, narxlar boʻlmasa — MIGga yozing.","Responsible: MIG {role}. If the clinic is connected but there is no price list, write to MIG.","src/features/clinic/pages/DocumentsPage.tsx"
"emptyPartner.clinic.prices.title","Прайс-листа пока нет","Narxlar roʻyxati hali yoʻq","No price list yet","src/features/clinic/pages/DocumentsPage.tsx"
"emptyPartner.clinic.prices.why","Прайс клиники загружает МИГ при подключении клиники к сети ДМС, либо его передаёт ваша МИС через API интеграции.","Klinika narxlarini MIG klinikani ITS tarmogʻiga ulashda yuklaydi yoki uni sizning TAT integratsiya API orqali yuboradi.","MIG loads the clinic price list when the clinic joins the VHI network, or your MIS sends it through the integration API.","src/features/clinic/pages/DocumentsPage.tsx"
"emptyPartner.clinic.registries.build","Собрать реестр из визитов","Reyestrni tashriflardan yigʻish","Build the register from visits","src/features/clinic/pages/RegistriesPage.tsx"
"emptyPartner.clinic.registries.next","Выберите период и соберите реестр из визитов или загрузите CSV по шаблону — после отправки его проверит МИГ или ассистанс. Отвечает: {role}.","Davrni tanlang va reyestrni tashriflardan yigʻing yoki shablon boʻyicha CSV yuklang — yuborilgach uni MIG yoki assistans tekshiradi. Masʼul: {role}.","Pick a period and build the register from visits, or upload a CSV using the template — once submitted, MIG or the assistance company reviews it. Responsible: {role}.","src/features/clinic/pages/RegistriesPage.tsx"
"emptyPartner.clinic.registries.template","Скачать шаблон CSV","CSV shablonini yuklab olish","Download the CSV template","src/features/clinic/pages/RegistriesPage.tsx"
"emptyPartner.clinic.registries.why","Реестр за месяц собирается из визитов, открытых после проверки пациента, или загружается из CSV. Пока ни одного реестра не создано.","Oylik reyestr bemor tekshiruvidan keyin ochilgan tashriflardan yigʻiladi yoki CSV dan yuklanadi. Hali birorta reyestr yaratilmagan.","The monthly register is built from visits opened after a patient check, or uploaded from CSV. No register has been created yet.","src/features/clinic/pages/RegistriesPage.tsx"
"emptyPartner.contact.chat","Написать нам","Bizga yozing","Write to us","src/features/clinic/emptyNext.tsx"
"emptyPartner.contact.mig","Написать в МИГ","MIGga yozish","Write to MIG","src/features/clinic/emptyNext.tsx"
"emptyPartner.contact.subject","Вопрос по кабинету партнёра","Hamkor kabineti boʻyicha savol","Question about the partner cabinet","src/features/clinic/emptyNext.tsx"
"emptyPartner.keys.create","Создать первый ключ","Birinchi kalitni yaratish","Create the first key","src/features/clinic/integration/KeysTab.tsx"
"emptyPartner.keys.next","Ключ создаёт {role}; секрет показывается один раз — сразу сохраните его.","Kalitni {role} yaratadi; maxfiy kalit bir marta koʻrsatiladi — uni darhol saqlang.","The {role} creates keys; the secret is shown once — save it right away.","src/features/clinic/integration/KeysTab.tsx"
"emptyPartner.keys.why","Ключ API нужен для подключения {system} к API МИГ. Пока ни одного ключа не создано.","API kaliti {system}ni MIG API ga ulash uchun kerak. Hali birorta kalit yaratilmagan.","An API key connects the {system} to the MIG API. No key has been created yet.","src/features/clinic/integration/KeysTab.tsx"
"emptyPartner.users.invite","Пригласить первого сотрудника","Birinchi xodimni taklif qilish","Invite the first colleague","src/features/assist/pages/UsersPage.tsx; src/features/clinic/pages/UsersPage.tsx"
"emptyPartner.users.next","Приглашает {role}: укажите email и роль — ссылка для входа придёт на почту.","{role} taklif qiladi: email va rolni koʻrsating — kirish havolasi pochtaga keladi.","The {role} invites: enter the email and role — the sign-in link arrives by email.","src/features/assist/pages/UsersPage.tsx; src/features/clinic/pages/UsersPage.tsx"
"emptyPartner.users.title","Пользователей пока нет","Hali foydalanuvchilar yoʻq","No users yet","src/features/assist/pages/UsersPage.tsx; src/features/clinic/pages/UsersPage.tsx"
"emptyPartner.users.why","Сотрудники входят в кабинет только по приглашению.","Xodimlar kabinetga faqat taklif orqali kiradi.","Staff sign in to the cabinet by invitation only.","src/features/assist/pages/UsersPage.tsx; src/features/clinic/pages/UsersPage.tsx"
"emptyPartner.webhooks.create","Указать адрес","Manzilni koʻrsatish","Set an address","src/features/clinic/integration/WebhooksTab.tsx"
"emptyPartner.webhooks.deliveriesWhy","Доставки появятся после первого события, когда добавлен хотя бы один адрес вебхука.","Yetkazishlar kamida bitta vebxuk manzili qoʻshilgach, birinchi hodisadan keyin paydo boʻladi.","Deliveries appear after the first event once at least one webhook address is added.","src/features/clinic/integration/WebhooksTab.tsx"
"emptyPartner.webhooks.next","Адрес вебхука добавляет {role}.","Vebxuk manzilini {role} qoʻshadi.","The {role} adds the webhook address.","src/features/clinic/integration/WebhooksTab.tsx"
"emptyPartner.webhooks.why","Пока адреса нет, МИГ не сообщает вашей системе о событиях — она узнаёт о них только по запросу к API.","Manzil boʻlmaguncha MIG tizimingizga hodisalar haqida xabar bermaydi — u ular haqida faqat API soʻrovi orqali bilib oladi.","Until an address is added, MIG does not notify your system of events — it only learns of them by calling the API.","src/features/clinic/integration/WebhooksTab.tsx"
"emptyStaff.asstClients.title","Клиенты не закреплены","Mijozlar biriktirilmagan","No clients assigned","src/features/staff/assistance/AssistanceCardPage.tsx"
"emptyStaff.asstClients.why","За ассистансом закрепляют полисы клиентов: ассистанс выбирают при подготовке КП или в карточке клиента или полиса.","Assistansga mijozlarning polislari biriktiriladi: assistans TT tayyorlashda yoki mijoz yoki polis kartochkasida tanlanadi.","Client policies are assigned to an assistance company: it is chosen when the commercial proposal is prepared or in the client or policy card.","src/features/staff/assistance/AssistanceCardPage.tsx"
"emptyStaff.asstKeys.why","Ключи нужны, только если ассистанс подключает свою систему. Их выпускает сам ассистанс в разделе «Интеграция» своего кабинета.","Kalitlar faqat assistans oʻz tizimini ulasa kerak. Ularni assistans oʻzi kabinetining «Integratsiya» boʻlimida chiqaradi.","Keys are needed only if the assistance company connects its own system. It issues them itself in the “Integration” section of its cabinet.","src/features/staff/assistance/AssistanceCardPage.tsx"
"emptyStaff.asstUsers.title","Пользователей ассистанса пока нет","Assistans foydalanuvchilari hali yoʻq","No assistance users yet","src/features/staff/assistance/AssistanceCardPage.tsx"
"emptyStaff.asstUsers.why","Первого администратора ассистанса приглашает администратор МИГ при подключении. Остальных сотрудников ассистанс добавляет сам.","Assistansning birinchi administratorini ulash paytida MIG administratori taklif qiladi. Boshqa xodimlarni assistans oʻzi qoʻshadi.","The first assistance administrator is invited by a MIG administrator when the company is connected. The assistance company adds its other staff itself.","src/features/staff/assistance/AssistanceCardPage.tsx"
"emptyStaff.clinicKeys.title","Ключей API нет","API kalitlari yoʻq","No API keys","src/features/staff/assistance/AssistanceCardPage.tsx; src/features/staff/clinics/ClinicCardPage.tsx"
"emptyStaff.clinicKeys.why","Ключи нужны, только если клиника подключает свою медицинскую систему (МИС). Их выпускает сама клиника в разделе «Интеграция» своего кабинета.","Kalitlar faqat klinika oʻz tibbiy tizimini (MIS) ulasa kerak. Ularni klinika oʻzi kabinetining «Integratsiya» boʻlimida chiqaradi.","Keys are needed only if the clinic connects its own medical system (MIS). The clinic issues them itself in the “Integration” section of its cabinet.","src/features/staff/clinics/ClinicCardPage.tsx"
"emptyStaff.clinicUsers.nextCan","Пригласите администратора клиники — ему придёт письмо со ссылкой для входа.","Klinika administratorini taklif qiling — unga kirish havolasi bilan xat keladi.","Invite the clinic administrator: they will receive an email with a sign-in link.","src/features/staff/clinics/ClinicCardPage.tsx"
"emptyStaff.clinicUsers.title","Пользователей клиники пока нет","Klinika foydalanuvchilari hali yoʻq","No clinic users yet","src/features/staff/clinics/ClinicCardPage.tsx"
"emptyStaff.clinicUsers.why","Первого администратора клиники приглашает администратор МИГ. Остальных сотрудников клиника добавляет сама — в разделе «Пользователи» своего кабинета.","Klinikaning birinchi administratorini MIG administratori taklif qiladi. Boshqa xodimlarni klinika oʻzi kabinetining «Foydalanuvchilar» boʻlimida qoʻshadi.","The first clinic administrator is invited by a MIG administrator. The clinic adds its other staff itself in the “Users” section of its cabinet.","src/features/staff/clinics/ClinicCardPage.tsx"
"emptyStaff.contracts.next","Откройте сделку с принятым КП и нажмите «Подготовить договор». Отвечает: {role}.","Qabul qilingan TT boʻlgan bitimni oching va «Shartnoma tayyorlash» tugmasini bosing. Masʼul: {role}.","Open the deal with the accepted proposal and click “Prepare contract”. Responsible: {role}.","src/features/staff/lifecycle/ContractsPage.tsx"
"emptyStaff.contracts.title","Договоров пока нет","Shartnomalar hali yoʻq","No contracts yet","src/features/staff/lifecycle/ContractsPage.tsx"
"emptyStaff.contracts.why","Договор готовится из сделки, когда клиент принял коммерческое предложение.","Shartnoma bitimdan, mijoz tijorat taklifini qabul qilgandan keyin tayyorlanadi.","A contract is prepared from a deal once the client has accepted the commercial proposal.","src/features/staff/lifecycle/ContractsPage.tsx"
"emptyStaff.docs.next","Первый документ — коммерческое предложение в сделке клиента. Отвечает: {role}.","Birinchi hujjat — mijoz bitimidagi tijorat taklifi. Masʼul: {role}.","The first document is the commercial proposal in the client’s deal. Responsible: {role}.","src/features/staff/components/ClientDocumentsTable.tsx"
"emptyStaff.docs.title","Документов пока нет","Hujjatlar hali yoʻq","No documents yet","src/features/staff/components/ClientDocumentsTable.tsx"
"emptyStaff.docs.why","Документы клиента появляются сами по ходу сделки: коммерческое предложение — когда его создают, договор — когда его готовят, счета — после подписания договора.","Mijoz hujjatlari bitim davomida oʻzi paydo boʻladi: tijorat taklifi — yaratilganda, shartnoma — tayyorlanganda, hisoblar — shartnoma imzolangandan keyin.","Client documents appear by themselves as the deal moves on: the commercial proposal when it is created, the contract when it is prepared, invoices after the contract is signed.","src/features/staff/components/ClientDocumentsTable.tsx"
"emptyStaff.endorsements.next","Когда заявки накопятся, нажмите «Сформировать ДС» над списком. Отвечает: {role}.","Arizalar toʻplanganda roʻyxat ustidagi «Qoʻshimcha kelishuv tuzish» tugmasini bosing. Masʼul: {role}.","When requests have accumulated, click “Form endorsement” above the list. Responsible: {role}.","src/features/staff/lifecycle/EndorsementsPage.tsx"
"emptyStaff.endorsements.title","Доп. соглашений пока нет","Qoʻshimcha kelishuvlar hali yoʻq","No endorsements yet","src/features/staff/lifecycle/EndorsementsPage.tsx"
"emptyStaff.endorsements.why","ДС формируется из накопленных заявок на изменение по действующему договору: включение и исключение сотрудников, члены семьи, смена программы.","Qoʻshimcha kelishuv amaldagi shartnoma boʻyicha toʻplangan oʻzgartirish arizalaridan tuziladi: xodimlarni kiritish va chiqarish, oila aʼzolari, dasturni almashtirish.","An endorsement is formed from the change requests accumulated under an active contract: adding and removing employees, family members, a change of plan.","src/features/staff/lifecycle/EndorsementsPage.tsx"
"emptyStaff.hrCerts.why","Сертификаты выпускаются автоматически, когда договор вступает в силу: на каждого сотрудника и члена семьи.","Sertifikatlar shartnoma kuchga kirganda avtomatik chiqariladi: har bir xodim va oila aʼzosiga.","Certificates are issued automatically when the contract comes into force: one for every employee and family member.","src/features/hr/pages/ContractsPage.tsx"
"emptyStaff.hrContracts.next","Когда договор будет готов, он появится здесь на подпись. Отвечает: {role}.","Shartnoma tayyor boʻlganda u shu yerda imzolash uchun paydo boʻladi. Masʼul: {role}.","When the contract is ready, it will appear here for signing. Responsible: {role}.","src/features/hr/pages/ContractsPage.tsx"
"emptyStaff.hrContracts.why","Договор готовит менеджер МИГ после того, как вы приняли коммерческое предложение.","Shartnomani siz tijorat taklifini qabul qilganingizdan keyin MIG menejeri tayyorlaydi.","The contract is prepared by a MIG manager after you have accepted the commercial proposal.","src/features/hr/pages/ContractsPage.tsx"
"emptyStaff.hrDocs.next","Если какого-то документа не хватает, попросите его у менеджера МИГ.","Biror hujjat yetishmasa, uni MIG menejeridan soʻrang.","If a document is missing, ask the MIG manager for it.","src/features/hr/pages/DocumentsPage.tsx"
"emptyStaff.hrDocs.why","Договор, полис, акты и допсоглашения появляются здесь по мере оформления договора.","Shartnoma, polis, dalolatnomalar va qoʻshimcha kelishuvlar shartnoma rasmiylashtirilishi bilan shu yerda paydo boʻladi.","The contract, policy, acts and endorsements appear here as the contract is processed.","src/features/hr/pages/DocumentsPage.tsx"
"emptyStaff.hrEndorsements.why","Доп. соглашение оформляет МИГ из накопленных заявок на изменение; затем оно приходит вам на подпись.","Qoʻshimcha kelishuvni MIG toʻplangan oʻzgartirish arizalaridan tuzadi; keyin u sizga imzolash uchun keladi.","MIG forms an endorsement from the accumulated change requests; it then comes to you for signing.","src/features/hr/pages/ContractsPage.tsx"
"emptyStaff.hrFamily.next","Добавьте супруга, ребёнка или родителя сотрудника — МИГ включит его в полис допсоглашением.","Xodimning turmush oʻrtogʻi, farzandi yoki ota-onasini qoʻshing — MIG uni qoʻshimcha kelishuv bilan polisga kiritadi.","Add an employee’s spouse, child or parent: MIG will include them in the policy by an endorsement.","src/features/hr/pages/FamilyPage.tsx"
"emptyStaff.hrFamily.why","Члены семьи сотрудников появляются здесь, когда вы добавляете их сами или одобряете заявку сотрудника из приложения.","Xodimlarning oila aʼzolari bu yerda siz ularni oʻzingiz qoʻshganingizda yoki xodimning ilovadagi arizasini tasdiqlaganingizda paydo boʻladi.","Employees’ family members appear here when you add them yourself or approve an employee’s request from the app.","src/features/hr/pages/FamilyPage.tsx"
"emptyStaff.hrFamilyReq.next","Новая заявка появится здесь — одобрите или отклоните её. Одобренная уходит в МИГ и включается в допсоглашение.","Yangi ariza shu yerda paydo boʻladi — uni tasdiqlang yoki rad eting. Tasdiqlangani MIGga ketadi va qoʻshimcha kelishuvga kiritiladi.","A new request will appear here: approve or reject it. An approved one goes to MIG and into an endorsement.","src/features/hr/pages/FamilyRequestsPage.tsx"
"emptyStaff.hrFamilyReq.why","Заявки присылают сами сотрудники из приложения: «Моя семья» → «Добавить».","Arizalarni xodimlarning oʻzlari ilovadan yuboradi: «Mening oilam» → «Qoʻshish».","Employees send requests themselves from the app: “My family” → “Add”.","src/features/hr/pages/FamilyRequestsPage.tsx"
"emptyStaff.hrInvoices.next","Когда счёт появится, скачайте его и оплатите по реквизитам. Вопросы по оплате — менеджеру МИГ.","Hisob paydo boʻlganda uni yuklab oling va rekvizitlar boʻyicha toʻlang. Toʻlov boʻyicha savollar — MIG menejeriga.","When an invoice appears, download it and pay by the bank details. Payment questions go to the MIG manager.","src/features/hr/pages/DocumentsPage.tsx"
"emptyStaff.hrInvoices.why","Счета появляются автоматически после подписания договора — по его графику платежей.","Hisoblar shartnoma imzolangandan keyin uning toʻlov jadvali boʻyicha avtomatik paydo boʻladi.","Invoices appear automatically after the contract is signed, by its payment schedule.","src/features/hr/pages/DocumentsPage.tsx"
"emptyStaff.hrOffers.next","Когда КП придёт, откройте его и примите или отклоните. Отвечает: {role}.","TT kelganda uni oching va qabul qiling yoki rad eting. Masʼul: {role}.","When the proposal arrives, open it and accept or decline it. Responsible: {role}.","src/features/hr/pages/DocumentsPage.tsx"
"emptyStaff.hrOffers.why","Коммерческое предложение готовит менеджер МИГ по данным о ваших сотрудниках и отправляет вам.","Tijorat taklifini MIG menejeri xodimlaringiz haqidagi maʼlumotlar asosida tayyorlaydi va sizga yuboradi.","The commercial proposal is prepared by a MIG manager from the data on your employees and sent to you.","src/features/hr/pages/DocumentsPage.tsx"
"emptyStaff.hrRequests.why","Заявки на изменение появляются, когда вы добавляете или исключаете сотрудников и членов семьи.","Oʻzgartirish arizalari siz xodimlar va oila aʼzolarini qoʻshganingizda yoki chiqarganingizda paydo boʻladi.","Change requests appear when you add or remove employees and family members.","src/features/hr/pages/ContractsPage.tsx"
"emptyStaff.hrStats.next","Добавьте сотрудников в полис — цифры появятся, когда договор вступит в силу и начнутся обращения.","Xodimlarni polisga qoʻshing — raqamlar shartnoma kuchga kirib, murojaatlar boshlanganda paydo boʻladi.","Add employees to the policy: the figures appear once the contract comes into force and visits begin.","src/features/hr/pages/StatsPage.tsx"
"emptyStaff.hrStats.why","Статистика строится по действующему полису: сколько сотрудников застраховано, пользуется приложением и обращается к врачам.","Statistika amaldagi polis boʻyicha tuziladi: nechta xodim sugʻurtalangan, ilovadan foydalanadi va shifokorlarga murojaat qiladi.","Statistics are built from the active policy: how many employees are insured, use the app and see doctors.","src/features/hr/pages/StatsPage.tsx"
"emptyStaff.invoices.next","Оплаты отмечает {role}: вручную по счёту или загрузкой выписки из 1С.","Toʻlovlarni {role} belgilaydi: hisob boʻyicha qoʻlda yoki 1C koʻchirmasini yuklab.","Payments are recorded by the {role}: manually on an invoice or by uploading the 1C statement.","src/features/staff/lifecycle/InvoicesPage.tsx"
"emptyStaff.invoices.title","Счетов пока нет","Hisoblar hali yoʻq","No invoices yet","src/features/staff/lifecycle/InvoicesPage.tsx"
"emptyStaff.invoices.why","Счета создаются автоматически после подписания договора — по его графику платежей, а также по допсоглашениям с доплатой.","Hisoblar shartnoma imzolangandan keyin uning toʻlov jadvali boʻyicha, shuningdek qoʻshimcha toʻlovli qoʻshimcha kelishuvlar boʻyicha avtomatik yaratiladi.","Invoices are created automatically after the contract is signed, by its payment schedule, and by endorsements with a surcharge.","src/features/staff/lifecycle/InvoicesPage.tsx"
"emptyStaff.migration.create","Создать пакет","Paket yaratish","Create a batch","src/features/staff/admin/migration/MigrationPage.tsx"
"emptyStaff.migration.next","Скачайте шаблоны, заполните их и создайте пакет. Применяет пакет второй администратор.","Shablonlarni yuklab oling, toʻldiring va paket yarating. Paketni ikkinchi administrator qoʻllaydi.","Download the templates, fill them in and create a batch. A second administrator applies the batch.","src/features/staff/admin/migration/MigrationPage.tsx"
"emptyStaff.migration.template","Скачать шаблон: {step}","Shablonni yuklab olish: {step}","Download template: {step}","src/features/staff/admin/migration/MigrationPage.tsx"
"emptyStaff.migration.title","Пакетов пока нет","Paketlar hali yoʻq","No batches yet","src/features/staff/admin/migration/MigrationPage.tsx"
"emptyStaff.migration.why","Действующие договоры из старой системы переносятся пакетами: шесть файлов CSV по порядку, каждый сначала проверяется без записи.","Eski tizimdagi amaldagi shartnomalar paketlar bilan koʻchiriladi: oltita CSV fayl tartib bilan, har biri avval yozmasdan tekshiriladi.","Active contracts from the old system are moved in batches: six CSV files in order, each checked first without writing.","src/features/staff/admin/migration/MigrationPage.tsx"
"emptyStaff.openContracts","Открыть договоры","Shartnomalarni ochish","Open contracts","src/features/staff/lifecycle/InvoicesPage.tsx"
"emptyStaff.openDeals","Открыть сделки","Bitimlarni ochish","Open deals","src/features/staff/components/ClientDocumentsTable.tsx; src/features/staff/lifecycle/ContractsPage.tsx"
"emptyStaff.policyInsured.next","Новых сотрудников и членов семьи включают заявкой на изменение — её присылает HR клиента или заводит менеджер. Отвечает: {role}.","Yangi xodimlar va oila aʼzolari oʻzgartirish arizasi bilan kiritiladi — uni mijoz HR xodimi yuboradi yoki menejer kiritadi. Masʼul: {role}.","New employees and family members are added by a change request, sent by the client’s HR or entered by the manager. Responsible: {role}.","src/features/staff/pages/PolicyCardPage.tsx"
"emptyStaff.policyInsured.title","Застрахованных пока нет","Sugʻurtalanganlar hali yoʻq","No insured persons yet","src/features/staff/pages/PolicyCardPage.tsx"
"emptyStaff.policyInsured.why","Застрахованные создаются автоматически из приложения 2 к договору, когда договор вступает в силу.","Sugʻurtalanganlar shartnoma kuchga kirganda shartnomaning 2-ilovasidan avtomatik yaratiladi.","Insured persons are created automatically from annex 2 of the contract when the contract comes into force.","src/features/staff/pages/PolicyCardPage.tsx"
"emptyStaff.rebills.next","Пришедший счёт проверяет {role}, оплачивает бухгалтер МИГ.","Kelgan hisobni {role} tekshiradi, MIG buxgalteri toʻlaydi.","An incoming invoice is reviewed by the {role} and paid by the MIG accountant.","src/features/staff/assistance/AssistanceCardPage.tsx"
"emptyStaff.rebills.title","Счетов ассистанса пока нет","Assistans hisoblari hali yoʻq","No assistance invoices yet","src/features/staff/assistance/AssistanceCardPage.tsx"
"emptyStaff.rebills.why","Финансист ассистанса раз в месяц формирует счёт МИГ из строк, оплаченных клиникам за этот месяц.","Assistans moliyachisi oyiga bir marta shu oyda klinikalarga toʻlangan qatorlardan MIGga hisob tuzadi.","Once a month the assistance finance officer forms an invoice to MIG from the lines paid to clinics that month.","src/features/staff/assistance/AssistanceCardPage.tsx"
"emptyStaff.registries.next","Пришедший реестр проверяет {role}, оплачивает принятые строки бухгалтер МИГ.","Kelgan reyestrni {role} tekshiradi, qabul qilingan qatorlarni MIG buxgalteri toʻlaydi.","An incoming register is reviewed by the {role}; the MIG accountant pays the accepted lines.","src/features/staff/clinics/ClinicCardPage.tsx; src/features/staff/clinics/RegistriesPage.tsx"
"emptyStaff.registries.title","Реестров пока нет","Reyestrlar hali yoʻq","No registers yet","src/features/staff/clinics/ClinicCardPage.tsx; src/features/staff/clinics/RegistriesPage.tsx"
"emptyStaff.registries.why","Клиника отправляет один реестр за месяц: администратор клиники собирает его из визитов или загружает CSV.","Klinika oyiga bitta reyestr yuboradi: klinika administratori uni tashriflardan yigʻadi yoki CSV yuklaydi.","A clinic sends one register per month: the clinic administrator builds it from visits or uploads a CSV.","src/features/staff/clinics/ClinicCardPage.tsx; src/features/staff/clinics/RegistriesPage.tsx"
"emptyStaff.requests.create","Создать заявку на изменение","Oʻzgartirish arizasini yaratish","Create a change request","src/features/staff/lifecycle/EndorsementsPage.tsx; src/features/staff/pages/PolicyCardPage.tsx"
"emptyStaff.requests.next","Заявки по одному договору копятся и затем оформляются одним ДС. Отвечает: {role}.","Bitta shartnoma boʻyicha arizalar toʻplanadi va keyin bitta qoʻshimcha kelishuv bilan rasmiylashtiriladi. Masʼul: {role}.","Requests under one contract accumulate and then go into one endorsement. Responsible: {role}.","src/features/staff/lifecycle/EndorsementsPage.tsx"
"emptyStaff.requests.title","Заявок на изменение пока нет","Oʻzgartirish arizalari hali yoʻq","No change requests yet","src/features/staff/lifecycle/EndorsementsPage.tsx"
"emptyStaff.requests.why","Заявки присылает HR клиента из своего кабинета или заводит менеджер МИГ — по действующему договору.","Arizalarni amaldagi shartnoma boʻyicha mijoz HR xodimi oʻz kabinetidan yuboradi yoki MIG menejeri kiritadi.","Requests are sent by the client’s HR from their cabinet or entered by a MIG manager, under an active contract.","src/features/staff/lifecycle/EndorsementsPage.tsx"
"emptyStaff.responsible","Отвечает: {role}.","Masʼul: {role}.","Responsible: {role}.","src/features/staff/assistance/AssistanceCardPage.tsx; src/features/staff/clinics/ClinicCardPage.tsx"
"emptyStaff.signing.nextHr","Документ подписывает МИГ и отправляет вам. Затем подпишите его здесь: «Подписать ЭЦП» или загрузите скан подписанного экземпляра.","Hujjatni MIG imzolaydi va sizga yuboradi. Keyin uni shu yerda imzolang: «ERI bilan imzolash» yoki imzolangan nusxaning skanini yuklang.","MIG signs the document and sends it to you. Then sign it here: “Sign” or upload a scan of the signed copy.","src/features/documents/SigningPanel.tsx"
"emptyStaff.signing.nextHrOpen","Документ ждёт вашей подписи: «Подписать ЭЦП» или «Загрузить скан» подписанного экземпляра.","Hujjat sizning imzoingizni kutmoqda: «ERI bilan imzolash» yoki imzolangan nusxaning «Skanni yuklash».","The document is waiting for your signature: “Sign” or “Upload scan” of the signed copy.","src/features/documents/SigningPanel.tsx"
"emptyStaff.signing.nextStaff","Обычно первым подписывает МИГ — сотрудник с правом подписи («Подписать ЭЦП за МИГ», бумага или ЭДО). Затем HR клиента подписывает в своём кабинете ЭЦП или загружает скан.","Odatda birinchi boʻlib MIG imzolaydi — imzo huquqiga ega xodim («MIG nomidan ERI bilan imzolash», qogʻoz yoki EHA). Keyin mijoz HR xodimi oʻz kabinetida ERI bilan imzolaydi yoki skan yuklaydi.","Usually MIG signs first: an employee with signing rights (“Sign for MIG”, paper or EDI). Then the client’s HR signs in their cabinet with a digital signature or uploads a scan.","src/features/documents/SigningPanel.tsx"
"emptyStaff.signing.title","Подписей пока нет","Imzolar hali yoʻq","No signatures yet","src/features/documents/SigningPanel.tsx"
"emptyStaff.signing.why","Документ подписан, когда засчитаны подписи обеих сторон — ЭЦП, через ЭДО, на бумаге или сканом.","Hujjat ikkala tomon imzosi hisobga olinganda imzolangan hisoblanadi — ERI, EHA orqali, qogʻozda yoki skan bilan.","The document is signed when both sides’ signatures count: digital signature, EDI, on paper or as a scan.","src/features/documents/SigningPanel.tsx"
"emptyStaff.signing.whyClosed","Подписание откроется, когда документ будет согласован и готов к отправке.","Imzolash hujjat kelishilib, yuborishga tayyor boʻlganda ochiladi.","Signing opens once the document is approved and ready to be sent.","src/features/documents/SigningPanel.tsx"
"errors.badJson","Некорректный JSON","JSON notoʻgʻri","Invalid JSON","src/mocks/http.ts"
"errors.badResponse","Сервер вернул неожиданный ответ. Повторите позже","Server kutilmagan javob qaytardi. Keyinroq qayta urining","The server returned an unexpected response. Please try again later","src/shared/api/client.ts"
"errors.conflict","Действие невозможно в текущем состоянии","Joriy holatda bu amalni bajarib boʻlmaydi","This action is not possible in the current state","src/shared/api/client.ts"
"errors.docsUnavailable","Документация недоступна","Hujjatlar mavjud emas","Documentation is unavailable","src/shared/api/client.ts"
"errors.forbidden","Недостаточно прав для этого действия","Bu amal uchun huquqlar yetarli emas","You do not have permission for this action","src/mocks/http.ts; src/shared/api/client.ts"
"errors.internal","Внутренняя ошибка сервера","Serverning ichki xatosi","Internal server error","src/features/next/NextActions.tsx; src/mocks/http.ts"
"errors.notFound","Не найдено","Topilmadi","Not found","src/mocks/http.ts; src/shared/api/client.ts"
"errors.offline","Нет соединения с сервером. Проверьте интернет и повторите","Server bilan aloqa yoʻq. Internetni tekshirib, qayta urining","No connection to the server. Check your internet connection and try again","src/shared/api/client.ts"
"errors.rateLimited","Слишком много попыток. Попробуйте позже","Urinishlar juda koʻp. Keyinroq qayta urining","Too many attempts. Please try again later","src/shared/api/client.ts"
"errors.server","Сервис временно недоступен. Повторите попытку","Xizmat vaqtincha ishlamayapti. Qayta urining","The service is temporarily unavailable. Please try again","src/mocks/http.ts; src/shared/api/client.ts"
"errors.tooLarge","Слишком большой запрос","Soʻrov juda katta","The request is too large","src/mocks/http.ts"
"errors.unauthorized","Сессия завершена, войдите снова","Seans tugadi, qaytadan kiring","Your session has ended. Please sign in again","src/app/AuthSync.tsx; src/mocks/http.ts; src/shared/api/client.ts"
"errors.unknown","Что-то пошло не так. Повторите попытку","Nimadir notoʻgʻri ketdi. Qayta urining","Something went wrong. Please try again","src/shared/api/client.ts"
"errors.validation","Проверьте заполнение полей","Maydonlar toʻgʻri toʻldirilganini tekshiring","Please check the highlighted fields","src/mocks/handlers/me.ts; src/mocks/http.ts; src/shared/api/client.ts"
"fmt.billion","{v} млрд","{v} mlrd","{v}B","src/shared/lib/format.ts"
"fmt.bytes","{v} Б","{v} B","{v} B","src/shared/lib/format.ts"
"fmt.currency","сум","soʻm","UZS","src/features/staff/pages/ClientCardPage.tsx; src/features/staff/pages/LossStatsPage.tsx; src/features/staff/pages/ReportsPage.tsx; src/shared/config/dmsParameters.ts; src/shared/lib/format.ts"
"fmt.kb","{v} КБ","{v} KB","{v} KB","src/shared/lib/format.ts"
"fmt.mb","{v} МБ","{v} MB","{v} MB","src/shared/lib/format.ts"
"fmt.million","{v} млн","{v} mln","{v}M","src/shared/lib/format.ts"
"fmt.rel.ago.few","{n} дн. назад","","","src/shared/lib/format.ts"
"fmt.rel.ago.many","{n} дн. назад","","","src/shared/lib/format.ts"
"fmt.rel.ago.one","{n} дн. назад","{n} kun oldin","{n} day ago","src/shared/lib/format.ts"
"fmt.rel.ago.other","{n} дн. назад","{n} kun oldin","{n} days ago","src/shared/lib/format.ts"
"fmt.rel.in.few","через {n} дн.","","","src/shared/lib/format.ts"
"fmt.rel.in.many","через {n} дн.","","","src/shared/lib/format.ts"
"fmt.rel.in.one","через {n} дн.","{n} kundan keyin","in {n} day","src/shared/lib/format.ts"
"fmt.rel.in.other","через {n} дн.","{n} kundan keyin","in {n} days","src/shared/lib/format.ts"
"fmt.rel.today","сегодня","bugun","today","src/shared/lib/format.ts"
"fmt.rel.tomorrow","завтра","ertaga","tomorrow","src/shared/lib/format.ts"
"fmt.rel.yesterday","вчера","kecha","yesterday","src/shared/lib/format.ts"
"help.admin.col.date","Дата","Sana","Date","src/features/staff/admin/HelpQuestionsTab.tsx"
"help.admin.col.locale","Язык","Til","Language","src/features/staff/admin/HelpQuestionsTab.tsx"
"help.admin.col.question","Вопрос","Savol","Question","src/features/staff/admin/HelpQuestionsTab.tsx"
"help.admin.col.role","Роль","Rol","Role","src/features/staff/admin/HelpQuestionsTab.tsx"
"help.admin.col.sources","Источники ответа","Javob manbalari","Answer sources","src/features/staff/admin/HelpQuestionsTab.tsx"
"help.admin.empty","Таких вопросов нет","Bunday savollar yoʻq","No such questions","src/features/staff/admin/HelpQuestionsTab.tsx"
"help.admin.hint","Тексты вопросов обезличены. По ним дополняется руководство docs/help/USER_GUIDE.ru.md.","Savollar matni shaxssizlashtirilgan. Ular asosida docs/help/USER_GUIDE.ru.md qoʻllanmasi toʻldiriladi.","Question texts are de-identified. The guide docs/help/USER_GUIDE.ru.md is extended based on them.","src/features/staff/admin/HelpQuestionsTab.tsx"
"help.admin.notHelpful","Ответы с оценкой «Не полезно»","«Foydali emas» deb baholangan javoblar","Answers rated “Not helpful”","src/features/staff/admin/HelpQuestionsTab.tsx"
"help.admin.summary","Вопросов: {total} · с ответом: {answered} · без ответа: {noAnswer} · «Полезно»: {helpful} · «Не полезно»: {notHelpful}","Savollar: {total} · javob berilgan: {answered} · javobsiz: {noAnswer} · «Foydali»: {helpful} · «Foydali emas»: {notHelpful}","Questions: {total} · answered: {answered} · no answer: {noAnswer} · “Helpful”: {helpful} · “Not helpful”: {notHelpful}","src/features/staff/admin/HelpQuestionsTab.tsx"
"help.admin.tab","Справка","Maʼlumotnoma","Help","src/features/staff/admin/AiAdminPage.tsx"
"help.admin.tabSettings","Настройки и метрики","Sozlamalar va koʻrsatkichlar","Settings and metrics","src/features/staff/admin/AiAdminPage.tsx"
"help.admin.unanswered","Вопросы без ответа","Javobsiz savollar","Questions without an answer","src/features/staff/admin/HelpQuestionsTab.tsx"
"help.appEntry","Помощь","Yordam","Help","src/features/insured/pages/ProfilePage.tsx"
"help.ask.answer","Ответ","Javob","Answer","src/features/help/HelpAnswer.tsx; src/features/help/HelpFinder.tsx"
"help.ask.disabled","Ответы на вопросы сейчас отключены администратором. Поиск по справке работает.","Savollarga javoblar hozir administrator tomonidan oʻchirilgan. Maʼlumotnomadan qidiruv ishlaydi.","Answers to questions are switched off by the administrator. Search in the help still works.","src/features/help/HelpFinder.tsx"
"help.ask.feedback","Ответ помог?","Javob yordam berdimi?","Did the answer help?","src/features/help/HelpAnswer.tsx"
"help.ask.helpful","Полезно","Foydali","Helpful","src/features/help/HelpAnswer.tsx"
"help.ask.length","Вопрос — от 3 до 300 символов","Savol 3 tadan 300 tagacha belgidan iborat boʻlishi kerak","A question is 3 to 300 characters","src/features/help/HelpFinder.tsx"
"help.ask.noAnswer","В справке нет ответа на этот вопрос","Maʼlumotnomada bu savolga javob yoʻq","The help has no answer to this question","src/features/help/HelpAnswer.tsx"
"help.ask.noAnswerHint","Попробуйте сформулировать иначе или задайте вопрос человеку.","Savolni boshqacha ifodalang yoki savolni xodimga bering.","Try wording it differently or ask a person.","src/features/help/HelpAnswer.tsx"
"help.ask.notHelpful","Не полезно","Foydali emas","Not helpful","src/features/help/HelpAnswer.tsx"
"help.ask.sources","Подробнее","Batafsil","More","src/features/help/HelpAnswer.tsx"
"help.ask.steps","Что сделать","Nima qilish kerak","What to do","src/features/help/HelpAnswer.tsx"
"help.ask.thanks","Спасибо, оценка учтена","Rahmat, bahoingiz hisobga olindi","Thank you, your rating is saved","src/features/help/HelpAnswer.tsx"
"help.ask.warnings","Обратите внимание","Eʼtibor bering","Please note","src/features/help/HelpAnswer.tsx"
"help.contextButton","Справка по этому экрану","Ushbu ekran boʻyicha maʼlumotnoma","Help for this screen","src/features/help/HelpContextButton.tsx"
"help.copied","Ссылка скопирована","Havola nusxalandi","Link copied","src/features/help/HelpScreen.tsx"
"help.copyFailed","Не удалось скопировать ссылку","Havolani nusxalab boʻlmadi","Could not copy the link","src/features/help/HelpScreen.tsx"
"help.copyLink","Скопировать ссылку на подраздел «{title}»","«{title}» boʻlimchasiga havolani nusxalash","Copy a link to the subsection “{title}”","src/features/help/HelpScreen.tsx"
"help.fallback","Перевод готовится: этот текст пока показан на русском.","Tarjima tayyorlanmoqda: bu matn hozircha rus tilida koʻrsatilgan.","Translation in progress: this text is shown in Russian for now.","src/features/help/HelpPrint.tsx; src/features/help/HelpScreen.tsx"
"help.finder.ask","Спросить: «{text}»","Soʻrash: «{text}»","Ask: “{text}”","src/features/help/HelpFinder.tsx"
"help.finder.hint","Пока вы печатаете — результаты поиска. Вопрос («как…», «где…», со знаком «?») получает ответ сам; Enter — спросить.","Yozayotganingizda — qidiruv natijalari. Savolga («qanday…», «qayerda…», «?» belgisi bilan) javob oʻzi beriladi; Enter — soʻrash.","Search results appear as you type. A question (“how…”, “where…”, ending with “?”) is answered by itself; Enter — ask.","src/features/help/HelpFinder.tsx"
"help.finder.label","Найдите термин или задайте вопрос","Atamani toping yoki savol bering","Find a term or ask a question","src/features/help/HelpFinder.tsx"
"help.finder.placeholder","Найдите термин или задайте вопрос","Atamani toping yoki savol bering","Find a term or ask a question","src/features/help/HelpFinder.tsx"
"help.finder.preparing","Готовим ответ по тексту справки…","Maʼlumotnoma matni boʻyicha javob tayyorlanmoqda…","Preparing the answer from the help text…","src/features/help/HelpFinder.tsx"
"help.finder.question","Вопрос: «{text}»","Savol: «{text}»","Question: “{text}”","src/features/help/HelpFinder.tsx"
"help.nav","Справка","Maʼlumotnoma","Help","src/features/assist/AssistLayout.tsx; src/features/clinic/ClinicLayout.tsx; src/features/hr/HrLayout.tsx; src/features/staff/CommandPalette.tsx; src/features/staff/StaffLayout.tsx"
"help.next","Следующая","Keyingi","Next","src/features/help/HelpScreen.tsx"
"help.notFound","Статья не найдена или недоступна для вашей роли.","Maqola topilmadi yoki rolingiz uchun ochiq emas.","The article was not found or is not available to your role.","src/features/help/HelpScreen.tsx"
"help.openSectionNamed","Открыть раздел «{name}»","«{name}» boʻlimini ochish","Open the “{name}” section","src/features/help/HelpLinks.tsx"
"help.openSections","Экраны из этого раздела","Ushbu boʻlimdagi ekranlar","Screens from this section","src/features/help/HelpLinks.tsx"
"help.pager","Соседние статьи","Qoʻshni maqolalar","Neighbouring articles","src/features/help/HelpScreen.tsx"
"help.palette.ask","Спросить в справке: «{text}»","Maʼlumotnomadan soʻrash: «{text}»","Ask the help: “{text}”","src/features/staff/CommandPalette.tsx"
"help.pdf.all","Вся справка","Butun maʼlumotnoma","Whole guide","src/features/help/HelpScreen.tsx"
"help.pdf.button","Скачать PDF","PDF yuklab olish","Download PDF","src/features/help/HelpScreen.tsx"
"help.pdf.current","Текущая статья","Joriy maqola","Current article","src/features/help/HelpScreen.tsx"
"help.prev","Предыдущая","Oldingi","Previous","src/features/help/HelpScreen.tsx"
"help.print.date","Дата: {date}","Sana: {date}","Date: {date}","src/features/help/HelpPrint.tsx"
"help.print.dialog","Версия для печати","Chop etish uchun versiya","Print version","src/features/help/HelpPrint.tsx"
"help.print.hint","В окне печати выберите «Сохранить как PDF».","Chop etish oynasida «PDF sifatida saqlash»ni tanlang.","In the print dialog choose “Save as PDF”.","src/features/help/HelpPrint.tsx"
"help.print.language","Язык: {language}","Til: {language}","Language: {language}","src/features/help/HelpPrint.tsx"
"help.print.print","Печать или PDF","Chop etish yoki PDF","Print or PDF","src/features/help/HelpPrint.tsx"
"help.print.role","Роль: {role}","Rol: {role}","Role: {role}","src/features/help/HelpPrint.tsx"
"help.print.toc","Содержание","Mundarija","Contents","src/features/help/HelpPrint.tsx"
"help.search.articles","Статьи","Maqolalar","Articles","src/features/help/HelpFinder.tsx"
"help.search.empty","В справке ничего не найдено","Maʼlumotnomada hech narsa topilmadi","Nothing found in the help","src/features/help/HelpFinder.tsx"
"help.search.found.few","Найдено {n} результата","","","src/features/help/HelpFinder.tsx"
"help.search.found.many","Найдено {n} результатов","","","src/features/help/HelpFinder.tsx"
"help.search.found.one","Найден {n} результат","{n} ta natija topildi","{n} result found","src/features/help/HelpFinder.tsx"
"help.search.found.other","Найдено {n} результата","{n} ta natija topildi","{n} results found","src/features/help/HelpFinder.tsx"
"help.search.results","Результаты поиска по справке","Maʼlumotnoma boʻyicha qidiruv natijalari","Help search results","src/features/help/HelpFinder.tsx"
"help.search.terms","Термины","Atamalar","Terms","src/features/help/HelpFinder.tsx"
"help.subtitle","Руководство пользователя: только разделы, доступные вашей роли.","Foydalanuvchi qoʻllanmasi: faqat rolingizga ochiq boʻlimlar.","User guide: only the sections available to your role.","src/features/help/HelpScreen.tsx"
"help.support.curator","Написать куратору","Kuratorga yozish","Write to the curator","src/features/help/HelpLinks.tsx"
"help.support.subject","Вопрос по справке","Maʼlumotnoma boʻyicha savol","Question about the help","src/features/help/HelpLinks.tsx; src/features/hr/pages/HelpPage.tsx"
"help.support.us","Написать нам","Bizga yozing","Write to us","src/features/help/HelpLinks.tsx; src/features/hr/pages/HelpPage.tsx"
"help.title","Справка","Maʼlumotnoma","Help","src/features/help/HelpScreen.tsx"
"help.toFirst","К началу справки","Maʼlumotnoma boshiga","To the start of the help","src/features/help/HelpScreen.tsx"
"help.toc","Содержание","Mundarija","Contents","src/features/help/HelpScreen.tsx"
"help.tocToggle","Содержание справки","Maʼlumotnoma mundarijasi","Help contents","src/features/help/HelpScreen.tsx"
"hr.add.docTitle","Новый сотрудник","Yangi xodim","New employee","src/features/hr/pages/AddEmployeePage.tsx"
"hr.add.namePlaceholder","Фамилия Имя Отчество","Familiya Ism Otasining ismi","Last name, first name, patronymic","src/features/hr/pages/AddEmployeePage.tsx"
"hr.add.piiNote","ПИНФЛ, телефон и дата рождения нужны страховой компании. В кабинете HR они не показываются.","JShShIR, telefon va tugʻilgan sana sugʻurta kompaniyasiga kerak. HR kabinetida ular koʻrsatilmaydi.","The insurer needs the PINFL, phone and date of birth. They are not shown in the HR portal.","src/features/hr/pages/AddEmployeePage.tsx"
"hr.add.pinflHint","14 цифр, есть в паспорте или ID-карте","14 ta raqam, pasport yoki ID-kartada bor","14 digits, found in the passport or ID card","src/features/hr/pages/AddEmployeePage.tsx; src/features/hr/pages/AddFamilyMemberPage.tsx"
"hr.add.sent","Заявка отправлена в МИГ — сотрудник появится в полисе после подтверждения","Ariza MIGga yuborildi — xodim tasdiqlangandan keyin polisda paydo boʻladi","Request sent to MIG — the employee will appear in the policy after confirmation","src/features/hr/pages/AddEmployeePage.tsx"
"hr.add.startDate","Дата начала страхования","Sugʻurta boshlanish sanasi","Insurance start date","src/features/hr/pages/AddEmployeePage.tsx; src/features/hr/pages/AddFamilyMemberPage.tsx; src/features/hr/pages/FamilyRequestsPage.tsx"
"hr.add.subtitle","После сохранения сотрудник получит приглашение в приложение по SMS","Saqlangandan keyin xodim ilovaga SMS orqali taklifnoma oladi","After saving, the employee will get an SMS invitation to the app","src/features/hr/pages/AddEmployeePage.tsx"
"hr.add.title","Добавить сотрудника","Xodim qoʻshish","Add employee","src/features/hr/pages/AddEmployeePage.tsx; src/features/hr/pages/EmployeesPage.tsx; src/features/hr/pages/StatsPage.tsx"
"hr.appStatus.active","Пользуется","Foydalanmoqda","Uses the app","src/features/hr/ui.tsx"
"hr.appStatus.invited","Приглашён","Taklif qilingan","Invited","src/features/hr/ui.tsx"
"hr.appStatus.not_invited","Не приглашён","Taklif qilinmagan","Not invited","src/features/hr/ui.tsx"
"hr.contracts.certificates","Сертификаты застрахованных","Sugʻurtalanganlar sertifikatlari","Insured persons' certificates","src/features/hr/pages/ContractsPage.tsx"
"hr.contracts.certsAfter","Сертификаты застрахованных можно будет скачать после вступления договора в силу.","Sugʻurtalanganlar sertifikatlarini shartnoma kuchga kirgandan keyin yuklab olish mumkin boʻladi.","Insured persons' certificates can be downloaded once the contract takes effect.","src/features/hr/pages/ContractsPage.tsx"
"hr.contracts.certsLater","Сертификаты появятся, когда договор вступит в силу.","Sertifikatlar shartnoma kuchga kirgach paydo boʻladi.","Certificates will appear once the contract takes effect.","src/features/hr/pages/ContractsPage.tsx"
"hr.contracts.changes","Изменения и доп. соглашения","Oʻzgarishlar va qoʻshimcha kelishuvlar","Changes and endorsements","src/features/hr/pages/ContractsPage.tsx"
"hr.contracts.changesText","Включения и исключения сотрудников копятся как заявки и оформляются доп. соглашением с расчётом доплаты или возврата.","Xodimlarni qoʻshish va chiqarish arizalar sifatida yigʻiladi va qoʻshimcha toʻlov yoki qaytarish hisob-kitobi bilan qoʻshimcha kelishuvda rasmiylashtiriladi.","Employee additions and removals are collected as requests and formalised in an endorsement with the additional premium or refund calculated.","src/features/hr/pages/ContractsPage.tsx"
"hr.contracts.contractN","Договор {number}","Shartnoma {number}","Contract {number}","src/features/hr/pages/ContractsPage.tsx; src/features/hr/pages/HrDocumentPage.tsx"
"hr.contracts.contracts","Договоры","Shartnomalar","Contracts","src/features/hr/pages/ContractsPage.tsx"
"hr.contracts.downloadAll","Скачать все ({n})","Hammasini yuklab olish ({n})","Download all ({n})","src/features/hr/pages/ContractsPage.tsx"
"hr.contracts.downloadCert","Скачать сертификат {number}","{number} sertifikatini yuklab olish","Download certificate {number}","src/features/hr/pages/ContractsPage.tsx"
"hr.contracts.endorsementN","Доп. соглашение {number}","Qoʻshimcha kelishuv {number}","Endorsement {number}","src/features/hr/pages/ContractsPage.tsx"
"hr.contracts.endorsements","Доп. соглашения","Qoʻshimcha kelishuvlar","Endorsements","src/features/hr/pages/ContractsPage.tsx"
"hr.contracts.fromDate","с {date}","{date} dan","from {date}","src/features/hr/pages/ContractsPage.tsx"
"hr.contracts.noContracts","Договоров пока нет.","Hali shartnomalar yoʻq.","No contracts yet.","src/features/hr/pages/ContractsPage.tsx"
"hr.contracts.noEndorsements","Доп. соглашений нет","Qoʻshimcha kelishuvlar yoʻq","No endorsements","src/features/hr/pages/ContractsPage.tsx"
"hr.contracts.noRequests","Заявок нет","Arizalar yoʻq","No requests","src/features/hr/pages/ContractsPage.tsx"
"hr.contracts.refund","возврат {amount}","qaytarish {amount}","refund {amount}","src/features/hr/pages/ContractsPage.tsx; src/features/hr/pages/HrDocumentPage.tsx"
"hr.contracts.request.cancelled","Отменена","Bekor qilingan","Cancelled","src/features/hr/pages/ContractsPage.tsx"
"hr.contracts.request.included","В доп. соглашении","Qoʻshimcha kelishuvda","In an endorsement","src/features/hr/pages/ContractsPage.tsx"
"hr.contracts.request.pending","Ждёт доп. соглашения","Qoʻshimcha kelishuvni kutmoqda","Awaiting endorsement","src/features/hr/pages/ContractsPage.tsx"
"hr.contracts.requests","Заявки","Arizalar","Requests","src/features/hr/pages/ContractsPage.tsx; src/features/hr/pages/EmployeesPage.tsx"
"hr.contracts.subtitle","Договор ДМС, документы на подпись, изменения состава и сертификаты","ITS shartnomasi, imzolash uchun hujjatlar, tarkibdagi oʻzgarishlar va sertifikatlar","VHI contract, documents to sign, member list changes and certificates","src/features/hr/pages/ContractsPage.tsx"
"hr.contracts.surcharge","доплата {amount}","qoʻshimcha toʻlov {amount}","additional premium {amount}","src/features/hr/pages/ContractsPage.tsx; src/features/hr/pages/HrDocumentPage.tsx"
"hr.contracts.terminationN","Соглашение о расторжении {number}","Bekor qilish toʻgʻrisidagi kelishuv {number}","Termination agreement {number}","src/features/hr/pages/ContractsPage.tsx"
"hr.contracts.toSign","Ждут вашей подписи","Imzoingizni kutmoqda","Awaiting your signature","src/features/hr/pages/ContractsPage.tsx"
"hr.csv.column.birthDate","Дата рождения","Tugʻilgan sana","Date of birth","src/features/hr/pages/AddEmployeePage.tsx; src/features/hr/pages/AddFamilyMemberPage.tsx; src/features/hr/pages/FamilyPage.tsx"
"hr.csv.column.fullName","ФИО","F.I.Sh.","Full name","src/features/hr/importCsv.ts"
"hr.csv.column.phone","Телефон","Telefon","Phone","src/features/hr/importCsv.ts"
"hr.csv.column.pinfl","ПИНФЛ","JShShIR","PINFL","src/features/hr/pages/AddEmployeePage.tsx; src/features/hr/pages/AddFamilyMemberPage.tsx"
"hr.csv.column.position","Должность","Lavozim","Position","src/features/hr/importCsv.ts"
"hr.csv.column.startDate","Начало страхования","Sugʻurta boshlanishi","Insurance start","src/features/hr/importCsv.ts"
"hr.csv.empty","Файл пустой. Заполните шаблон и загрузите его снова","Fayl boʻsh. Shablonni toʻldiring va qayta yuklang","The file is empty. Fill in the template and upload it again","src/features/hr/importCsv.ts"
"hr.csv.missingColumns","В файле нет колонок: {columns}. Скачайте шаблон и заполните его","Faylda ustunlar yoʻq: {columns}. Shablonni yuklab oling va toʻldiring","The file is missing columns: {columns}. Download the template and fill it in","src/features/hr/importCsv.ts"
"hr.csv.noRows","В файле нет строк с сотрудниками. Заполните шаблон и загрузите его снова","Faylda xodimlar qatorlari yoʻq. Shablonni toʻldiring va qayta yuklang","The file has no employee rows. Fill in the template and upload it again","src/features/hr/importCsv.ts"
"hr.csv.notCsv","Можно загрузить только файл .csv. Сохраните таблицу в формате CSV (UTF-8) и выберите его снова","Faqat .csv faylni yuklash mumkin. Jadvalni CSV (UTF-8) formatida saqlang va qayta tanlang","Only a .csv file can be uploaded. Save the table as CSV (UTF-8) and select it again","src/features/hr/importCsv.ts"
"hr.csv.tooBig","Файл весит {size}, а можно не больше 2 МБ. Разделите список на несколько файлов","Fayl hajmi {size}, ruxsat etilgani esa 2 MB gacha. Roʻyxatni bir nechta faylga boʻling","The file is {size}, but the limit is 2 MB. Split the list into several files","src/features/hr/importCsv.ts"
"hr.csv.tooManyRows","В файле {n} строк, а можно не больше {max}. Разделите список на несколько файлов","Faylda {n} qator bor, ruxsat etilgani esa {max} tagacha. Roʻyxatni bir nechta faylga boʻling","The file has {n} rows, but the limit is {max}. Split the list into several files","src/features/hr/importCsv.ts"
"hr.doc.actions","Подписание и действия","Imzolash va amallar","Signing and actions","src/features/hr/pages/HrDocumentPage.tsx"
"hr.doc.annex2","Приложение 2 — список застрахованных","2-ilova — sugʻurtalanganlar roʻyxati","Annex 2 — member list","src/features/hr/pages/HrDocumentPage.tsx"
"hr.doc.calculation","Расчёт","Hisob-kitob","Calculation","src/features/hr/pages/HrDocumentPage.tsx"
"hr.doc.contractSubtitle","{status} · общая премия {total}","{status} · umumiy sugʻurta mukofoti {total}","{status} · total premium {total}","src/features/hr/pages/HrDocumentPage.tsx"
"hr.doc.endorsement","Доп. соглашение","Qoʻshimcha kelishuv","Endorsement","src/features/hr/pages/HrDocumentPage.tsx"
"hr.doc.format","Формат как при импорте сотрудников:","Format xodimlarni import qilishdagidek:","Same format as the employee import:","src/features/hr/pages/HrDocumentPage.tsx"
"hr.doc.listFile","Файл списка застрахованных","Sugʻurtalanganlar roʻyxati fayli","Member list file","src/features/hr/pages/HrDocumentPage.tsx"
"hr.doc.listUploaded","Список загружен","Roʻyxat yuklandi","List uploaded","src/features/hr/pages/HrDocumentPage.tsx"
"hr.doc.loaded","Загружено: {n}.","Yuklangan: {n}.","Uploaded: {n}.","src/features/hr/pages/HrDocumentPage.tsx"
"hr.doc.notLoaded","Список ещё не загружен.","Roʻyxat hali yuklanmagan.","The list has not been uploaded yet.","src/features/hr/pages/HrDocumentPage.tsx"
"hr.doc.replaceList","Заменить список","Roʻyxatni almashtirish","Replace list","src/features/hr/pages/HrDocumentPage.tsx"
"hr.doc.uploadList","Загрузить список","Roʻyxatni yuklash","Upload list","src/features/hr/pages/HrDocumentPage.tsx"
"hr.docs.documentDownloaded","Документ скачан","Hujjat yuklab olindi","Document downloaded","src/features/hr/pages/DocumentsPage.tsx"
"hr.docs.downloadInvoice","Скачать счёт {number}","{number} hisobini yuklab olish","Download invoice {number}","src/features/hr/pages/DocumentsPage.tsx"
"hr.docs.due","Срок оплаты","Toʻlov muddati","Due date","src/features/hr/pages/DocumentsPage.tsx"
"hr.docs.invoiceDownloaded","Счёт скачан","Hisob yuklab olindi","Invoice downloaded","src/features/hr/pages/DocumentsPage.tsx; src/features/hr/pages/EmployeesPage.tsx"
"hr.docs.invoiceStatus.overdue","Просрочен","Muddati oʻtgan","Overdue","src/features/hr/pages/DocumentsPage.tsx"
"hr.docs.invoiceStatus.paid","Оплачен","Toʻlangan","Paid","src/features/hr/pages/DocumentsPage.tsx"
"hr.docs.invoiceStatus.unpaid","Ожидает оплаты","Toʻlov kutilmoqda","Awaiting payment","src/features/hr/pages/DocumentsPage.tsx"
"hr.docs.invoices","Счета","Hisoblar","Invoices","src/features/hr/pages/DocumentsPage.tsx"
"hr.docs.invoicesCaption","Счета компании","Kompaniya hisoblari","Company invoices","src/features/hr/pages/DocumentsPage.tsx"
"hr.docs.kind.act","Акт","Dalolatnoma","Act","src/features/hr/pages/DocumentsPage.tsx"
"hr.docs.kind.contract","Договор","Shartnoma","Contract","src/features/hr/pages/DocumentsPage.tsx"
"hr.docs.kind.endorsement","Допсоглашение","Qoʻshimcha kelishuv","Endorsement","src/features/hr/pages/DocumentsPage.tsx"
"hr.docs.kind.insured_list","Список застрахованных","Sugʻurtalanganlar roʻyxati","Member list","src/features/hr/pages/DocumentsPage.tsx"
"hr.docs.kind.invoice","Счёт","Hisob","Invoice","src/features/hr/pages/DocumentsPage.tsx"
"hr.docs.kind.kp","Коммерческое предложение","Tijorat taklifi","Commercial proposal","src/features/hr/pages/DocumentsPage.tsx"
"hr.docs.kind.policy","Полис","Polis","Policy","src/features/hr/pages/DocumentsPage.tsx"
"hr.docs.kind.program","Программа","Sugʻurta dasturi","Insurance plan","src/features/hr/pages/DocumentsPage.tsx"
"hr.docs.noDocs","Документов пока нет","Hali hujjatlar yoʻq","No documents yet","src/features/hr/pages/DocumentsPage.tsx"
"hr.docs.noInvoices","Счетов пока нет","Hali hisoblar yoʻq","No invoices yet","src/features/hr/pages/DocumentsPage.tsx"
"hr.docs.noOffers","Предложений пока нет","Hali takliflar yoʻq","No proposals yet","src/features/hr/pages/DocumentsPage.tsx"
"hr.docs.offerMeta","Программа GOLD · {date}","GOLD dasturi · {date}","GOLD plan · {date}","src/features/hr/pages/DocumentsPage.tsx"
"hr.docs.offers","Коммерческие предложения","Tijorat takliflari","Commercial proposals","src/features/hr/pages/DocumentsPage.tsx"
"hr.docs.policyDocs","Документы полиса","Polis hujjatlari","Policy documents","src/features/hr/pages/DocumentsPage.tsx"
"hr.docs.subtitle","Документы формируются без персональных данных сотрудников","Hujjatlar xodimlarning shaxsga doir maʼlumotlarisiz shakllantiriladi","Documents are generated without employees' personal data","src/features/hr/pages/DocumentsPage.tsx"
"hr.employees.actions","Действия с сотрудником","Xodim bilan amallar","Employee actions","src/features/hr/pages/EmployeesPage.tsx"
"hr.employees.allInApp","Все сотрудники уже в приложении","Barcha xodimlar allaqachon ilovada","All employees are already in the app","src/features/hr/pages/EmployeesPage.tsx"
"hr.employees.app","Приложение","Ilova","App","src/features/hr/pages/EmployeesPage.tsx"
"hr.employees.caption","Сотрудники компании","Kompaniya xodimlari","Company employees","src/features/hr/pages/EmployeesPage.tsx"
"hr.employees.companyPolicy","Полис компании","Kompaniya polisi","Company policy","src/features/hr/pages/EmployeesPage.tsx"
"hr.employees.dateFormat","Дата в формате ДД.ММ.ГГГГ","Sana KK.OO.YYYY formatida","Date in DD.MM.YYYY format","src/features/hr/pages/EmployeesPage.tsx"
"hr.employees.empty","Сотрудников пока нет","Hali xodimlar yoʻq","No employees yet","src/features/hr/pages/EmployeesPage.tsx"
"hr.employees.emptyHint","Добавьте сотрудников по одному или загрузите список из CSV","Xodimlarni bittadan qoʻshing yoki roʻyxatni CSV dan yuklang","Add employees one by one or upload a list from CSV","src/features/hr/pages/EmployeesPage.tsx"
"hr.employees.exclude","Исключить с даты…","Sanadan chiqarish…","Exclude from date…","src/features/hr/pages/EmployeesPage.tsx"
"hr.employees.excludeDate","Дата исключения","Chiqarish sanasi","Exclusion date","src/features/hr/pages/EmployeesPage.tsx"
"hr.employees.excludeSent","Заявка на исключение отправлена в МИГ","Chiqarish arizasi MIGga yuborildi","Exclusion request sent to MIG","src/features/hr/pages/EmployeesPage.tsx"
"hr.employees.excludeText","Заявка уйдёт в МИГ. После подтверждения {name} перестанет быть застрахованным с выбранной даты: полис и карточка для клиники перестанут действовать, записи к врачу и новые возмещения станут недоступны. Возврат премии за оставшийся срок МИГ оформит допсоглашением.","Ariza MIGga yuboriladi. Tasdiqlangandan soʻng {name} tanlangan sanadan sugʻurtalangan boʻlmaydi: polis va klinika uchun karta amal qilmay qoladi, shifokor qabuliga yozilish va yangi qoplashlar mavjud boʻlmaydi. Qolgan muddat uchun sugʻurta mukofotini qaytarishni MIG qoʻshimcha kelishuv bilan rasmiylashtiradi.","The request goes to MIG. Once confirmed, {name} will no longer be insured from the selected date: the policy and the clinic card will stop working, and doctor appointments and new reimbursements will become unavailable. MIG will issue an endorsement for the premium refund for the remaining period.","src/features/hr/pages/EmployeesPage.tsx"
"hr.employees.excludeTitle","Исключить сотрудника?","Xodim chiqarilsinmi?","Exclude the employee?","src/features/hr/pages/EmployeesPage.tsx"
"hr.employees.excluded","Исключён","Chiqarilgan","Excluded","src/features/hr/family/FamilyStatusChip.tsx; src/features/hr/pages/EmployeesPage.tsx"
"hr.employees.excludedFrom","Исключён с {date}","{date} dan chiqarilgan","Excluded from {date}","src/features/hr/pages/EmployeesPage.tsx"
"hr.employees.exclusionRejected","МИГ отклонил исключение: {reason}","MIG chiqarishni rad etdi: {reason}","MIG rejected the exclusion: {reason}","src/features/hr/pages/EmployeesPage.tsx"
"hr.employees.exportCsv","Экспорт в CSV","CSV ga eksport","Export to CSV","src/features/hr/pages/EmployeesPage.tsx"
"hr.employees.exported","Список экспортирован в CSV","Roʻyxat CSV ga eksport qilindi","List exported to CSV","src/features/hr/pages/EmployeesPage.tsx"
"hr.employees.family","Семья","Oila","Family","src/features/hr/pages/EmployeesPage.tsx"
"hr.employees.familyMenu","Семья","Oila","Family","src/features/hr/pages/EmployeesPage.tsx"
"hr.employees.filter.notInApp","Не в приложении","Ilovada emas","Not in the app","src/features/hr/pages/EmployeesPage.tsx"
"hr.employees.filter.recent","Добавлены недавно","Yaqinda qoʻshilganlar","Recently added","src/features/hr/pages/EmployeesPage.tsx"
"hr.employees.importCsv","Загрузить из CSV","CSV dan yuklash","Upload from CSV","src/features/hr/pages/EmployeesPage.tsx"
"hr.employees.insuredFrom","Застрахован с","Sugʻurtalangan sana","Insured since","src/features/hr/pages/EmployeesPage.tsx; src/features/hr/pages/FamilyPage.tsx"
"hr.employees.invite","Пригласить","Taklif qilish","Invite","src/features/hr/pages/EmployeesPage.tsx"
"hr.employees.invited","Приглашение отправлено","Taklifnoma yuborildi","Invitation sent","src/features/hr/pages/EmployeesPage.tsx"
"hr.employees.listAria","Список сотрудников","Xodimlar roʻyxati","Employee list","src/features/hr/pages/EmployeesPage.tsx"
"hr.employees.nextInvoice","Следующий счёт","Keyingi hisob","Next invoice","src/features/hr/pages/EmployeesPage.tsx"
"hr.employees.noPolicy","Действующего полиса нет","Amaldagi polis yoʻq","No active policy","src/features/hr/pages/EmployeesPage.tsx"
"hr.employees.noUnpaid","Неоплаченных счетов нет","Toʻlanmagan hisoblar yoʻq","No unpaid invoices","src/features/hr/pages/EmployeesPage.tsx"
"hr.employees.notFound","Никого не нашли","Hech kim topilmadi","No one found","src/features/hr/pages/EmployeesPage.tsx"
"hr.employees.notFoundHint","Измените запрос или сбросьте фильтр","Soʻrovni oʻzgartiring yoki filtrni tozalang","Change the query or reset the filter","src/features/hr/pages/EmployeesPage.tsx"
"hr.employees.notInApp.few","{n} сотрудника ещё не в приложении","","","src/features/hr/pages/EmployeesPage.tsx"
"hr.employees.notInApp.many","{n} сотрудников ещё не в приложении","","","src/features/hr/pages/EmployeesPage.tsx"
"hr.employees.notInApp.one","{n} сотрудник ещё не в приложении","{n} xodim hali ilovada emas","{n} employee is not in the app yet","src/features/hr/pages/EmployeesPage.tsx"
"hr.employees.notInApp.other","{n} сотрудника ещё не в приложении","{n} xodim hali ilovada emas","{n} employees are not in the app yet","src/features/hr/pages/EmployeesPage.tsx"
"hr.employees.payBy","Оплатить до {date} · {relative}","{date} gacha toʻlash · {relative}","Pay by {date} · {relative}","src/features/hr/pages/EmployeesPage.tsx"
"hr.employees.pending","Ждёт подтверждения МИГ","MIG tasdigʻini kutmoqda","Awaiting MIG confirmation","src/features/hr/family/FamilyStatusChip.tsx; src/features/hr/pages/EmployeesPage.tsx"
"hr.employees.pendingExclusion","Исключение с {date} ждёт подтверждения МИГ","{date} dan chiqarish MIG tasdigʻini kutmoqda","Exclusion from {date} awaits MIG confirmation","src/features/hr/pages/EmployeesPage.tsx"
"hr.employees.people.few","{n} человека","","",""
"hr.employees.people.many","{n} человек","","",""
"hr.employees.people.one","{n} человек","{n} kishi","{n} person",""
"hr.employees.people.other","{n} человека","{n} kishi","{n} people",""
"hr.employees.privacy","Вы видите, кто застрахован, но не видите диагнозы, визиты и возмещения сотрудников. Это медицинская тайна, и доступа к ней у работодателя нет","Siz kim sugʻurtalanganini koʻrasiz, lekin xodimlarning tashxislari, tashriflari va qoplashlarini koʻrmaysiz. Bu tibbiy sir, ish beruvchida unga kirish huquqi yoʻq","You can see who is insured, but not employees' diagnoses, visits or reimbursements. This is medical confidentiality, and the employer has no access to it","src/features/hr/pages/EmployeesPage.tsx"
"hr.employees.reason","Причина: {reason}","Sabab: {reason}","Reason: {reason}","src/features/hr/pages/EmployeesPage.tsx; src/features/hr/pages/FamilyPage.tsx; src/features/hr/pages/FamilyRequestsPage.tsx"
"hr.employees.rejected","Отклонено МИГ","MIG rad etdi","Rejected by MIG","src/features/hr/family/FamilyStatusChip.tsx; src/features/hr/pages/EmployeesPage.tsx"
"hr.employees.remindAll","Напомнить всем","Hammaga eslatish","Remind everyone","src/features/hr/pages/EmployeesPage.tsx"
"hr.employees.reminded","Напоминание отправлено","Eslatma yuborildi","Reminder sent","src/features/hr/pages/EmployeesPage.tsx"
"hr.employees.resetFilters","Сбросить фильтры","Filtrlarni tozalash","Reset filters","src/features/hr/pages/EmployeesPage.tsx; src/features/hr/pages/FamilyPage.tsx"
"hr.employees.searchPlaceholder","Поиск по ФИО или должности","F.I.Sh. yoki lavozim boʻyicha qidirish","Search by name or position","src/features/hr/pages/EmployeesPage.tsx"
"hr.employees.sendRequest","Отправить заявку","Arizani yuborish","Send request","src/features/hr/pages/EmployeesPage.tsx"
"hr.employees.subtitle","{insured} застрахованы · {notInApp} ещё не установили приложение","{insured} kishi sugʻurtalangan · {notInApp} kishi hali ilovani oʻrnatmagan","{insured} insured · {notInApp} have not installed the app yet","src/features/hr/pages/EmployeesPage.tsx"
"hr.employeesAcc.few","{n} сотрудника","","","src/features/hr/importCsv.ts"
"hr.employeesAcc.many","{n} сотрудников","","","src/features/hr/importCsv.ts"
"hr.employeesAcc.one","{n} сотрудника","{n} xodim","{n} employee","src/features/hr/importCsv.ts"
"hr.employeesAcc.other","{n} сотрудника","{n} xodim","{n} employees","src/features/hr/importCsv.ts"
"hr.employeesNom.few","{n} сотрудника","","","src/features/hr/importCsv.ts"
"hr.employeesNom.many","{n} сотрудников","","","src/features/hr/importCsv.ts"
"hr.employeesNom.one","{n} сотрудник","{n} xodim","{n} employee","src/features/hr/importCsv.ts"
"hr.employeesNom.other","{n} сотрудника","{n} xodim","{n} employees","src/features/hr/importCsv.ts"
"hr.family.allEmployees","Все сотрудники","Barcha xodimlar","All employees","src/features/hr/pages/FamilyPage.tsx"
"hr.family.caption","Члены семьи сотрудников","Xodimlarning oila aʼzolari","Family members of employees","src/features/hr/pages/FamilyPage.tsx"
"hr.family.certificate","Сертификат","Sertifikat","Certificate","src/features/hr/pages/FamilyPage.tsx"
"hr.family.dialogNote","Без медицинских данных: только кто застрахован и номер сертификата.","Tibbiy maʼlumotlarsiz: faqat kim sugʻurtalangani va sertifikat raqami.","No medical data: only who is insured and the certificate number.","src/features/hr/family/EmployeeFamilyDialog.tsx"
"hr.family.employeeFilter","Сотрудник","Xodim","Employee","src/features/hr/pages/FamilyPage.tsx"
"hr.family.empty","Членов семьи пока нет","Hozircha oila aʼzolari yoʻq","No family members yet","src/features/hr/pages/FamilyPage.tsx"
"hr.family.listAria","Список членов семьи","Oila aʼzolari roʻyxati","List of family members","src/features/hr/pages/FamilyPage.tsx"
"hr.family.noneForEmployee","Членов семьи в программе нет","Dasturda oila aʼzolari yoʻq","No family members in the programme","src/features/hr/family/EmployeeFamilyDialog.tsx"
"hr.family.notFound","Никого не нашли","Hech kim topilmadi","Nobody found","src/features/hr/pages/FamilyPage.tsx"
"hr.family.ofEmployee","Семья: {name}","Oila: {name}","Family: {name}","src/features/hr/family/EmployeeFamilyDialog.tsx"
"hr.family.overAgeLimit","Достиг предельного возраста","Yosh chegarasiga yetgan","Reached the age limit","src/features/hr/family/FamilyStatusChip.tsx"
"hr.family.person","Член семьи","Oila aʼzosi","Family member","src/features/hr/pages/FamilyPage.tsx"
"hr.family.privacy","Обращения, диагнозы и записи к врачу членов семьи в кабинете HR не показываются — только факт страхования и сертификат.","Oila aʼzolarining murojaatlari, tashxislari va shifokor qabullari HR kabinetida koʻrsatilmaydi — faqat sugʻurta fakti va sertifikat.","Claims, diagnoses and doctor appointments of family members are not shown in the HR cabinet, only the fact of insurance and the certificate.","src/features/hr/pages/FamilyPage.tsx"
"hr.family.relation","Кем приходится","Kim boʻladi","Relation","src/features/hr/pages/FamilyPage.tsx"
"hr.family.requestsN","Заявки из приложения: {n}","Ilovadan arizalar: {n}","App requests: {n}","src/features/hr/pages/FamilyPage.tsx"
"hr.family.searchPlaceholder","Имя, сотрудник или номер сертификата","Ism, xodim yoki sertifikat raqami","Name, employee or certificate number","src/features/hr/pages/FamilyPage.tsx"
"hr.family.student","студент","talaba","student","src/features/hr/family/EmployeeFamilyDialog.tsx; src/features/hr/pages/FamilyPage.tsx; src/features/hr/pages/FamilyRequestsPage.tsx"
"hr.family.subtitle","Супруги, дети и родители сотрудников, застрахованные по программе компании","Kompaniya dasturi boʻyicha sugʻurtalangan xodimlarning turmush oʻrtoqlari, farzandlari va ota-onalari","Spouses, children and parents of employees insured under the company programme","src/features/hr/pages/FamilyPage.tsx"
"hr.family.title","Члены семьи","Oila aʼzolari","Family members","src/features/hr/pages/FamilyPage.tsx"
"hr.familyAdd.changeEmployee","Выбрать другого сотрудника","Boshqa xodimni tanlash","Choose another employee","src/features/hr/family/EmployeePicker.tsx"
"hr.familyAdd.employeeOptions","Сотрудники","Xodimlar","Employees","src/features/hr/family/EmployeePicker.tsx"
"hr.familyAdd.employeeRequired","Выберите сотрудника","Xodimni tanlang","Choose an employee","src/features/hr/pages/AddFamilyMemberPage.tsx"
"hr.familyAdd.employeeSearch","Найдите сотрудника по ФИО","Xodimni F.I.Sh. boʻyicha toping","Find an employee by name","src/features/hr/family/EmployeePicker.tsx"
"hr.familyAdd.fullName","ФИО латиницей","F.I.Sh. lotin yozuvida","Full name in Latin script","src/features/hr/pages/AddFamilyMemberPage.tsx"
"hr.familyAdd.fullNameHint","Как в ID-карте или свидетельстве о рождении: Фамилия Имя Отчество","ID-kartadagi yoki tugʻilganlik haqidagi guvohnomadagidek: Familiya Ism Otasining ismi","As in the ID card or birth certificate: Surname Given name Patronymic","src/features/hr/pages/AddFamilyMemberPage.tsx"
"hr.familyAdd.namePlaceholder","Karimov Temur Azizovich","Karimov Temur Azizovich","Karimov Temur Azizovich","src/features/hr/pages/AddFamilyMemberPage.tsx"
"hr.familyAdd.noEmployees","Сотрудников не нашли","Xodimlar topilmadi","No employees found","src/features/hr/family/EmployeePicker.tsx"
"hr.familyAdd.note","ПИНФЛ и дата рождения нужны страховой компании. В кабинете HR они не показываются, медицинские данные члена семьи — тоже.","JShShIR va tugʻilgan sana sugʻurta kompaniyasiga kerak. Ular HR kabinetida koʻrsatilmaydi, oila aʼzosining tibbiy maʼlumotlari ham.","The PINFL and the date of birth are needed by the insurer. They are not shown in the HR cabinet, nor is the family member's medical data.","src/features/hr/pages/AddFamilyMemberPage.tsx"
"hr.familyAdd.phone","Телефон для входа в приложение","Ilovaga kirish uchun telefon","Phone to sign in to the app","src/features/hr/pages/AddFamilyMemberPage.tsx"
"hr.familyAdd.phoneHint","Необязательно. У взрослого члена семьи свой вход в приложение по своему номеру","Ixtiyoriy. Voyaga yetgan oila aʼzosi ilovaga oʻz raqami bilan kiradi","Optional. An adult family member signs in to the app with their own number","src/features/hr/pages/AddFamilyMemberPage.tsx"
"hr.familyAdd.relation","Кем приходится сотруднику","Xodimga kim boʻladi","Relation to the employee","src/features/hr/pages/AddFamilyMemberPage.tsx"
"hr.familyAdd.relationPick","Выберите","Tanlang","Choose","src/features/hr/pages/AddFamilyMemberPage.tsx"
"hr.familyAdd.sent","Заявка отправлена в МИГ — член семьи появится в полисе после подтверждения","Ariza MIGga yuborildi — oila aʼzosi tasdiqlangach polisda paydo boʻladi","Request sent to MIG: the family member will appear in the policy once confirmed","src/features/hr/pages/AddFamilyMemberPage.tsx"
"hr.familyAdd.student","Учится очно","Kunduzgi taʼlimda oʻqiydi","Full-time student","src/features/hr/pages/AddFamilyMemberPage.tsx"
"hr.familyAdd.studentHint","Студент очной формы обучения застрахован дольше обычного предельного возраста ребёнка","Kunduzgi taʼlim talabasi bolalar uchun odatiy yosh chegarasidan uzoqroq sugʻurtalanadi","A full-time student is covered beyond the usual age limit for children","src/features/hr/pages/AddFamilyMemberPage.tsx"
"hr.familyAdd.submit","Отправить заявку","Ariza yuborish","Send request","src/features/hr/pages/AddFamilyMemberPage.tsx"
"hr.familyAdd.subtitle","Заявка уйдёт в МИГ. После подтверждения член семьи получит свой сертификат, а премию за оставшийся срок МИГ рассчитает по условиям договора","Ariza MIGga yuboriladi. Tasdiqlangach, oila aʼzosi oʻz sertifikatini oladi, qolgan muddat uchun mukofotni esa MIG shartnoma shartlari boʻyicha hisoblaydi","The request goes to MIG. Once confirmed, the family member gets their own certificate, and MIG calculates the premium for the rest of the term under the contract terms","src/features/hr/pages/AddFamilyMemberPage.tsx"
"hr.familyAdd.title","Добавить члена семьи","Oila aʼzosini qoʻshish","Add a family member","src/features/hr/family/EmployeeFamilyDialog.tsx; src/features/hr/pages/AddFamilyMemberPage.tsx; src/features/hr/pages/FamilyPage.tsx"
"hr.familyReq.age.few","{n} года","","","src/features/hr/pages/FamilyRequestsPage.tsx"
"hr.familyReq.age.many","{n} лет","","","src/features/hr/pages/FamilyRequestsPage.tsx"
"hr.familyReq.age.one","{n} год","{n} yosh","{n} year old","src/features/hr/pages/FamilyRequestsPage.tsx"
"hr.familyReq.age.other","{n} года","{n} yosh","{n} years old","src/features/hr/pages/FamilyRequestsPage.tsx"
"hr.familyReq.approve","Одобрить","Maʼqullash","Approve","src/features/hr/pages/FamilyRequestsPage.tsx"
"hr.familyReq.approveFor","Одобрить: {name}","Maʼqullash: {name}","Approve: {name}","src/features/hr/pages/FamilyRequestsPage.tsx"
"hr.familyReq.approveText","{name} ({employee}) будет добавлен(а) в программу с выбранной даты после подтверждения МИГ. Премия за оставшийся срок — по условиям договора, допсоглашением.","{name} ({employee}) MIG tasdiqlagach, tanlangan sanadan dasturga qoʻshiladi. Qolgan muddat uchun mukofot — shartnoma shartlari boʻyicha, qoʻshimcha kelishuv bilan.","{name} ({employee}) will be added to the programme from the chosen date once MIG confirms. The premium for the rest of the term follows the contract terms, via an endorsement.","src/features/hr/pages/FamilyRequestsPage.tsx"
"hr.familyReq.approveTitle","Одобрить заявку?","Ariza maʼqullansinmi?","Approve the request?","src/features/hr/pages/FamilyRequestsPage.tsx"
"hr.familyReq.approved","Заявка одобрена и отправлена в МИГ","Ariza maʼqullandi va MIGga yuborildi","Request approved and sent to MIG","src/features/hr/pages/FamilyRequestsPage.tsx"
"hr.familyReq.approvedText","Одобрил(а) {name}, заявка на изменение отправлена в МИГ","{name} maʼqulladi, oʻzgartirish arizasi MIGga yuborildi","Approved by {name}; the change request has been sent to MIG","src/features/hr/pages/FamilyRequestsPage.tsx"
"hr.familyReq.consent","Согласие члена семьи на обработку данных подтверждено {date}","Oila aʼzosining maʼlumotlarni qayta ishlashga roziligi tasdiqlangan: {date}","Family member's consent to data processing confirmed {date}","src/features/hr/pages/FamilyRequestsPage.tsx"
"hr.familyReq.empty","Здесь пока пусто","Hozircha boʻsh","Nothing here yet","src/features/hr/pages/FamilyRequestsPage.tsx"
"hr.familyReq.emptyPending","Новых заявок нет","Yangi arizalar yoʻq","No new requests","src/features/hr/pages/FamilyRequestsPage.tsx"
"hr.familyReq.from","Просит {name}, {date}","{name} soʻradi, {date}","Requested by {name}, {date}","src/features/hr/pages/FamilyRequestsPage.tsx"
"hr.familyReq.reason","Причина","Sabab","Reason","src/features/hr/pages/FamilyRequestsPage.tsx"
"hr.familyReq.reject","Отклонить","Rad etish","Reject","src/features/hr/pages/FamilyRequestsPage.tsx"
"hr.familyReq.rejectFor","Отклонить: {name}","Rad etish: {name}","Reject: {name}","src/features/hr/pages/FamilyRequestsPage.tsx"
"hr.familyReq.rejectText","{employee} увидит причину отказа в приложении.","{employee} rad etish sababini ilovada koʻradi.","{employee} will see the reason in the app.","src/features/hr/pages/FamilyRequestsPage.tsx"
"hr.familyReq.rejectTitle","Отклонить заявку?","Ariza rad etilsinmi?","Reject the request?","src/features/hr/pages/FamilyRequestsPage.tsx"
"hr.familyReq.rejected","Заявка отклонена — сотрудник увидит причину в приложении","Ariza rad etildi — xodim sababni ilovada koʻradi","Request rejected: the employee will see the reason in the app","src/features/hr/pages/FamilyRequestsPage.tsx"
"hr.familyReq.subtitle","Сотрудники просят добавить членов семьи. После одобрения заявка уходит в МИГ как изменение состава","Xodimlar oila aʼzolarini qoʻshishni soʻraydi. Maʼqullangach, ariza MIGga tarkib oʻzgarishi sifatida yuboriladi","Employees ask to add family members. Once approved, the request goes to MIG as a membership change","src/features/hr/pages/FamilyRequestsPage.tsx"
"hr.familyReq.tab.approved","Одобрены","Maʼqullangan","Approved","src/features/hr/pages/FamilyRequestsPage.tsx"
"hr.familyReq.tab.pending","Ждут решения","Qaror kutilmoqda","Awaiting decision","src/features/hr/pages/FamilyRequestsPage.tsx"
"hr.familyReq.tab.rejected","Отклонены","Rad etilgan","Rejected","src/features/hr/pages/FamilyRequestsPage.tsx"
"hr.familyReq.title","Заявки из приложения","Ilovadan arizalar","App requests","src/features/hr/pages/FamilyRequestsPage.tsx"
"hr.help.a1","На странице «Сотрудники» нажмите «+ Добавить сотрудника» и заполните форму. Если сотрудников много, скачайте шаблон и загрузите их списком через «Загрузить из CSV». После добавления сотрудник получит SMS с приглашением в приложение.","«Xodimlar» sahifasida «+ Xodim qoʻshish» tugmasini bosing va shaklni toʻldiring. Xodimlar koʻp boʻlsa, shablonni yuklab oling va ularni «CSV dan yuklash» orqali roʻyxat bilan yuklang. Qoʻshilgandan soʻng xodim ilovaga taklif bilan SMS oladi.","On the «Employees» page click «+ Add employee» and fill in the form. If there are many employees, download the template and upload them as a list via «Upload from CSV». Once added, the employee gets an SMS invitation to the app.","src/features/hr/pages/HelpPage.tsx"
"hr.help.a2","С даты начала страхования, которую вы указали при добавлении. Если дата уже прошла, полис начинает действовать со следующего рабочего дня после обработки.","Qoʻshishda koʻrsatgan sugʻurta boshlanish sanasidan. Agar sana oʻtib ketgan boʻlsa, polis ishlov berilgandan keyingi ish kunidan amal qila boshlaydi.","From the insurance start date you entered when adding them. If that date has passed, the policy takes effect on the next business day after processing.","src/features/hr/pages/HelpPage.tsx"
"hr.help.a3","В списке сотрудников откройте меню в строке сотрудника и выберите «Исключить с даты…». С этой даты полис сотрудника перестанет действовать, а перерасчёт премии появится в следующем счёте.","Xodimlar roʻyxatida xodim qatoridagi menyuni oching va «Sanadan chiqarish…» ni tanlang. Shu sanadan xodimning polisi amal qilishni toʻxtatadi, sugʻurta mukofotini qayta hisoblash keyingi hisobda paydo boʻladi.","In the employee list, open the menu in the employee's row and choose «Exclude from date…». From that date the employee's policy stops, and the premium recalculation will appear in the next invoice.","src/features/hr/pages/HelpPage.tsx"
"hr.help.a4","Диагнозы, визиты и возмещения — это медицинская тайна. Работодатель видит только, кто застрахован, и общие обезличенные цифры в разделе «Статистика».","Tashxislar, tashriflar va qoplashlar — tibbiy sir. Ish beruvchi faqat kim sugʻurtalanganini va «Statistika» boʻlimidagi umumiy anonim raqamlarni koʻradi.","Diagnoses, visits and reimbursements are protected by medical confidentiality. The employer only sees who is insured and general anonymised figures in «Statistics».","src/features/hr/pages/HelpPage.tsx"
"hr.help.a5","Проверьте номер телефона у менеджера МИГ и отправьте приглашение повторно: меню в строке сотрудника → «Пригласить». Чтобы напомнить всем, кто ещё не в приложении, нажмите «Напомнить всем».","Telefon raqamini MIG menejerida tekshiring va taklifnomani qayta yuboring: xodim qatoridagi menyu → «Taklif qilish». Hali ilovada boʻlmaganlarning barchasiga eslatish uchun «Hammaga eslatish» tugmasini bosing.","Check the phone number with your MIG manager and send the invitation again: menu in the employee's row → «Invite». To remind everyone who is not in the app yet, click «Remind everyone».","src/features/hr/pages/HelpPage.tsx"
"hr.help.a6","В разделе «Счета и документы». Если нужного документа нет, напишите менеджеру МИГ.","«Hisoblar va hujjatlar» boʻlimida. Kerakli hujjat boʻlmasa, MIG menejeriga yozing.","In «Invoices and documents». If the document you need is not there, write to your MIG manager.","src/features/hr/pages/HelpPage.tsx"
"hr.help.faq","Частые вопросы","Koʻp beriladigan savollar","Frequently asked questions","src/features/hr/pages/HelpPage.tsx"
"hr.help.hours","Пн–Пт, 9:00–18:00 по Ташкенту","Du–Ju, 9:00–18:00, Toshkent vaqti","Mon–Fri, 9:00–18:00 Tashkent time","src/features/hr/pages/HelpPage.tsx"
"hr.help.managerAria","Менеджер МИГ","MIG menejeri","MIG manager","src/features/hr/pages/HelpPage.tsx"
"hr.help.q1","Как добавить нового сотрудника в полис?","Polisga yangi xodimni qanday qoʻshish mumkin?","How do I add a new employee to the policy?","src/features/hr/pages/HelpPage.tsx"
"hr.help.q2","С какой даты сотрудник застрахован?","Xodim qaysi sanadan sugʻurtalangan?","From what date is an employee insured?","src/features/hr/pages/HelpPage.tsx"
"hr.help.q3","Как исключить уволившегося сотрудника?","Ishdan ketgan xodimni qanday chiqarish mumkin?","How do I remove an employee who has left?","src/features/hr/pages/HelpPage.tsx"
"hr.help.q4","Почему я не вижу, к каким врачам обращались сотрудники?","Nega xodimlar qaysi shifokorlarga murojaat qilganini koʻrmayman?","Why can't I see which doctors employees visited?","src/features/hr/pages/HelpPage.tsx"
"hr.help.q5","Сотрудник не получил приглашение в приложение","Xodim ilovaga taklifnoma olmadi","An employee did not get the app invitation","src/features/hr/pages/HelpPage.tsx"
"hr.help.q6","Где взять счёт и закрывающие документы?","Hisob va yakuniy hujjatlarni qayerdan olish mumkin?","Where can I get an invoice and closing documents?","src/features/hr/pages/HelpPage.tsx"
"hr.help.yourManager","Ваш менеджер в МИГ","MIGdagi menejeringiz","Your MIG manager","src/features/hr/pages/HelpPage.tsx"
"hr.import.add","Добавить {employees}","{employees}ni qoʻshish","Add {employees}","src/features/hr/pages/ImportPage.tsx"
"hr.import.another","Загрузить ещё файл","Yana fayl yuklash","Upload another file","src/features/hr/pages/ImportPage.tsx"
"hr.import.caption","Строки файла","Fayl qatorlari","File rows","src/features/hr/pages/ImportPage.tsx"
"hr.import.checkSummary","Корректных строк: {valid}. С ошибками: {invalid} — они будут пропущены.","Toʻgʻri qatorlar: {valid}. Xatoli: {invalid} — ular oʻtkazib yuboriladi.","Valid rows: {valid}. With errors: {invalid} — they will be skipped.","src/features/hr/pages/ImportPage.tsx"
"hr.import.checkTitle","Проверка файла","Faylni tekshirish","File check","src/features/hr/pages/ImportPage.tsx"
"hr.import.columns","Колонки: {columns}. Даты в формате ДД.ММ.ГГГГ.","Ustunlar: {columns}. Sanalar KK.OO.YYYY formatida.","Columns: {columns}. Dates in DD.MM.YYYY format.","src/features/hr/pages/ImportPage.tsx"
"hr.import.docTitle","Загрузка сотрудников","Xodimlarni yuklash","Employee upload","src/features/hr/pages/ImportPage.tsx"
"hr.import.doneText","МИГ подтвердит изменения состава и оформит допсоглашение. После этого сотрудники получат приглашение в приложение по SMS.","MIG tarkibdagi oʻzgarishlarni tasdiqlaydi va qoʻshimcha kelishuv rasmiylashtiradi. Shundan soʻng xodimlar ilovaga SMS orqali taklifnoma oladi.","MIG will confirm the member list changes and issue an endorsement. After that the employees will get an SMS invitation to the app.","src/features/hr/pages/ImportPage.tsx"
"hr.import.doneTitle","Отправлено заявок: {n}, пропущено {skipped}","Yuborilgan arizalar: {n}, oʻtkazib yuborildi: {skipped}","Requests sent: {n}, skipped {skipped}","src/features/hr/pages/ImportPage.tsx"
"hr.import.downloadTemplate","Скачать шаблон CSV","CSV shablonni yuklab olish","Download CSV template","src/features/hr/pages/ImportPage.tsx"
"hr.import.fieldError","{field}: {message}","{field}: {message}","{field}: {message}","src/features/hr/pages/ImportPage.tsx"
"hr.import.fileLabel","Файл CSV со списком сотрудников","Xodimlar roʻyxati bor CSV fayl","CSV file with the list of employees","src/features/hr/pages/ImportPage.tsx"
"hr.import.otherFile","Выбрать другой файл","Boshqa faylni tanlash","Choose another file","src/features/hr/pages/ImportPage.tsx"
"hr.import.pickFile","Выбрать файл .csv",".csv faylni tanlash","Choose a .csv file","src/features/hr/pages/ImportPage.tsx"
"hr.import.result","Результат","Natija","Result","src/features/hr/pages/ImportPage.tsx"
"hr.import.row","Строка","Qator","Row","src/features/hr/pages/ImportPage.tsx"
"hr.import.selectTitle","Выберите файл со списком сотрудников","Xodimlar roʻyxati bor faylni tanlang","Select a file with the list of employees","src/features/hr/pages/ImportPage.tsx"
"hr.import.sent","Отправлено заявок: {n}","Yuborilgan arizalar: {n}","Requests sent: {n}","src/features/hr/pages/ImportPage.tsx"
"hr.import.subtitle","Файл .csv в кодировке UTF-8, до 2 МБ и до {max} строк","UTF-8 kodlashdagi .csv fayl, 2 MB gacha va {max} qatorgacha","A .csv file in UTF-8, up to 2 MB and {max} rows","src/features/hr/pages/ImportPage.tsx"
"hr.import.templateDownloaded","Шаблон CSV скачан","CSV shablon yuklab olindi","CSV template downloaded","src/features/hr/pages/ImportPage.tsx"
"hr.import.title","Загрузка из CSV","CSV dan yuklash","Upload from CSV","src/features/hr/pages/ImportPage.tsx"
"hr.import.toList","К списку сотрудников","Xodimlar roʻyxatiga","To the employee list","src/features/hr/pages/ImportPage.tsx"
"hr.import.willAdd","Будет добавлен","Qoʻshiladi","Will be added","src/features/hr/pages/ImportPage.tsx"
"hr.layout.portalNamed","Кабинет HR · {name}","HR kabineti · {name}","HR portal · {name}","src/features/hr/HrLayout.tsx"
"hr.nav.aria","Разделы кабинета","Kabinet boʻlimlari","Portal sections","src/features/hr/HrLayout.tsx"
"hr.nav.contracts","Договор и изменения","Shartnoma va oʻzgarishlar","Contract and changes","src/features/hr/HrLayout.tsx; src/features/hr/pages/ContractsPage.tsx; src/features/hr/pages/HrDocumentPage.tsx"
"hr.nav.documents","Счета и документы","Hisoblar va hujjatlar","Invoices and documents","src/features/help/routeMap.ts; src/features/hr/HrLayout.tsx; src/features/hr/pages/DocumentsPage.tsx"
"hr.nav.employees","Сотрудники","Xodimlar","Employees","src/features/help/routeMap.ts; src/features/hr/HrLayout.tsx; src/features/hr/pages/AddEmployeePage.tsx; src/features/hr/pages/EmployeesPage.tsx; src/features/hr/pages/ImportPage.tsx"
"hr.nav.family","Семья","Oila","Family","src/features/help/routeMap.ts; src/features/hr/HrLayout.tsx; src/features/hr/pages/AddFamilyMemberPage.tsx; src/features/hr/pages/FamilyPage.tsx; src/features/hr/pages/FamilyRequestsPage.tsx"
"hr.nav.familyRequests","Заявки из приложения","Ilovadan arizalar","App requests","src/features/help/routeMap.ts; src/features/hr/HrLayout.tsx; src/features/hr/pages/FamilyPage.tsx; src/features/hr/pages/FamilyRequestsPage.tsx"
"hr.nav.stats","Статистика","Statistika","Statistics","src/features/help/routeMap.ts; src/features/hr/HrLayout.tsx; src/features/hr/pages/StatsPage.tsx"
"hr.stats.appShare","{pct}% от застрахованных","sugʻurtalanganlarning {pct}%","{pct}% of the insured","src/features/hr/pages/StatsPage.tsx"
"hr.stats.appUsers","Пользуются приложением","Ilovadan foydalanadi","Use the app","src/features/hr/pages/StatsPage.tsx"
"hr.stats.budget","Использование бюджета программы","Sugʻurta dasturi byudjetidan foydalanish","Insurance plan budget used","src/features/hr/pages/StatsPage.tsx"
"hr.stats.budgetShort","Использование бюджета","Byudjetdan foydalanish","Budget used","src/features/hr/pages/StatsPage.tsx"
"hr.stats.byAge","По возрасту","Yosh boʻyicha","By age","src/features/hr/pages/StatsPage.tsx"
"hr.stats.byApp","По приложению","Ilova boʻyicha","By app usage","src/features/hr/pages/StatsPage.tsx"
"hr.stats.claims","Обращений за квартал","Chorakdagi murojaatlar","Cases this quarter","src/features/hr/pages/StatsPage.tsx"
"hr.stats.claimsHint","Общее число по компании","Kompaniya boʻyicha umumiy son","Company total","src/features/hr/pages/StatsPage.tsx"
"hr.stats.emptyTitle","Пока нечего показать","Hozircha koʻrsatadigan narsa yoʻq","Nothing to show yet","src/features/hr/pages/StatsPage.tsx"
"hr.stats.insured","Застраховано сотрудников","Sugʻurtalangan xodimlar","Insured employees","src/features/hr/pages/StatsPage.tsx"
"hr.stats.loading","Загрузка","Yuklanmoqda","Loading","src/features/hr/pages/EmployeesPage.tsx; src/features/hr/pages/StatsPage.tsx"
"hr.stats.privacy","Мы показываем только общие цифры. Группы, в которых меньше {k} человек, скрыты, чтобы нельзя было узнать данные конкретного сотрудника. Медицинской информации по отдельным людям здесь нет.","Biz faqat umumiy raqamlarni koʻrsatamiz. {k} kishidan kam guruhlar yashirilgan, shunda aniq bir xodimning maʼlumotlarini bilib boʻlmaydi. Bu yerda alohida shaxslar boʻyicha tibbiy maʼlumot yoʻq.","We show only general figures. Groups of fewer than {k} people are hidden so that no individual employee's data can be identified. There is no medical information about individuals here.","src/features/hr/pages/StatsPage.tsx"
"hr.stats.subtitle","Только обезличенные итоги по компании","Faqat kompaniya boʻyicha anonim yakunlar","Anonymised company totals only","src/features/hr/pages/StatsPage.tsx"
"hr.stats.tooFew","Слишком мало данных для показа","Koʻrsatish uchun maʼlumotlar juda kam","Too little data to show","src/features/hr/pages/StatsPage.tsx"
"kp.download","Скачать PDF","PDF yuklab olish","Download PDF","src/features/kp/KpDownloadButton.tsx; src/features/kp/KpPage.tsx; src/features/kp/KpViewPage.tsx"
"kp.downloadNumber","{label}: {number}","{label}: {number}","{label}: {number}","src/features/kp/KpDownloadButton.tsx"
"kp.editor.assistance","Ассистанс на период продления","Uzaytirish davri uchun assistans","Assistance for the renewal period","src/features/kp/KpPage.tsx"
"kp.editor.assistanceHint","Кто будет обслуживать застрахованных: запись, ГП, реестры клиник","Sugʻurtalanganlarga kim xizmat koʻrsatadi: qabulga yozish, kafolat xatlari, klinikalar reyestrlari","Who will serve the insured persons: appointments, GLs, clinic registers","src/features/kp/KpPage.tsx"
"kp.editor.cover","Обложка","Muqova","Cover","src/features/kp/KpPage.tsx"
"kp.editor.cover.black","Чёрная","Qora","Black","src/features/kp/KpPage.tsx"
"kp.editor.cover.grey","Серая","Kulrang","Grey","src/features/kp/KpPage.tsx"
"kp.editor.cover.white","Белая","Oq","White","src/features/kp/KpPage.tsx"
"kp.editor.coverageEnd","Окончание","Tugashi","End","src/features/kp/KpPage.tsx"
"kp.editor.coverageStart","Начало страхования","Sugʻurta boshlanishi","Coverage start","src/features/kp/KpPage.tsx"
"kp.editor.crumbClients","Клиенты","Mijozlar","Clients","src/features/kp/KpPage.tsx"
"kp.editor.docTitle","Коммерческое предложение","Tijorat taklifi","Commercial proposal","src/features/kp/KpPage.tsx; src/features/kp/KpViewPage.tsx"
"kp.editor.downloadAfterSave","Скачать PDF можно после сохранения","PDFni saqlagandan keyin yuklab olish mumkin","The PDF can be downloaded after saving","src/features/kp/KpPage.tsx"
"kp.editor.draftReadOnly","Черновик доступен только для просмотра.","Qoralama faqat koʻrish uchun ochiq.","The draft is read-only.","src/features/kp/KpPage.tsx"
"kp.editor.employees","Сотрудников","Xodimlar","Employees","src/features/kp/KpPage.tsx"
"kp.editor.familyMembers","Членов семей","Oila aʼzolari","Family members","src/features/kp/KpPage.tsx"
"kp.editor.form","Параметры КП","TT parametrlari","Proposal parameters","src/features/kp/KpPage.tsx"
"kp.editor.groupCount","Количество","Soni","Headcount","src/features/kp/KpPage.tsx"
"kp.editor.groupSums","Суммы, UZS","Summalar, soʻm","Amounts, UZS","src/features/kp/KpPage.tsx"
"kp.editor.groupTemplate","Шаблон","Shablon","Template","src/features/kp/KpPage.tsx"
"kp.editor.groupTerms","Сроки и оплата","Muddatlar va toʻlov","Dates and payment","src/features/kp/KpPage.tsx"
"kp.editor.lang","Язык","Til","Language","src/features/kp/KpPage.tsx"
"kp.editor.locked","Отправленное или отозванное КП нельзя изменить. Создайте новую версию.","Yuborilgan yoki qaytarib olingan TTni oʻzgartirib boʻlmaydi. Yangi versiya yarating.","A sent or revoked proposal cannot be changed. Create a new version.","src/features/kp/KpPage.tsx"
"kp.editor.new","Новое КП","Yangi TT","New proposal","src/features/kp/KpPage.tsx"
"kp.editor.newVersion","Создать новую версию","Yangi versiya yaratish","Create new version","src/features/kp/KpPage.tsx"
"kp.editor.noAssistance","Без ассистанса (обслуживает МИГ)","Assistanssiz (MIG xizmat koʻrsatadi)","No assistance (served by MIG)","src/features/kp/KpPage.tsx"
"kp.editor.payment.monthly","Помесячно","Har oyda","Monthly","src/features/kp/KpPage.tsx"
"kp.editor.payment.quarterly","Поквартально","Har chorakda","Quarterly","src/features/kp/KpPage.tsx"
"kp.editor.payment.single","Единовременно","Bir martada","Single payment","src/features/kp/KpPage.tsx"
"kp.editor.paymentTerms","Условия оплаты","Toʻlov shartlari","Payment terms","src/features/kp/KpPage.tsx"
"kp.editor.premiumEmployee","Премия за сотрудника","Xodim uchun sugʻurta mukofoti","Premium per employee","src/features/kp/KpPage.tsx"
"kp.editor.premiumFamily","Премия за члена семьи","Oila aʼzosi uchun sugʻurta mukofoti","Premium per family member","src/features/kp/KpPage.tsx"
"kp.editor.program","Программа","Dastur","Plan","src/features/kp/KpPage.tsx"
"kp.editor.reference","Справочно, в PDF не попадает. Текущий полис: {value}","Maʼlumot uchun, PDFga kirmaydi. Joriy polis: {value}","For reference, not included in the PDF. Current policy: {value}","src/features/kp/KpPage.tsx"
"kp.editor.referenceValue","премия {premium}, убыточность {lossRatio}","sugʻurta mukofoti {premium}, zararlilik darajasi {lossRatio}","premium {premium}, loss ratio {lossRatio}","src/features/kp/KpPage.tsx"
"kp.editor.revoke","Отозвать","Qaytarib olish","Revoke","src/features/kp/KpPage.tsx"
"kp.editor.revokeText","HR клиента перестанет видеть это предложение. Отменить отзыв нельзя, но можно создать новую версию.","Mijozning HR xodimi bu taklifni boshqa koʻrmaydi. Qaytarib olishni bekor qilib boʻlmaydi, lekin yangi versiya yaratish mumkin.","The client’s HR will no longer see this proposal. Revoking cannot be undone, but you can create a new version.","src/features/kp/KpPage.tsx"
"kp.editor.revokeTitle","Отозвать КП?","TT qaytarib olinsinmi?","Revoke the proposal?","src/features/kp/KpPage.tsx"
"kp.editor.revoked","{number} отозвано","{number} qaytarib olindi","{number} revoked","src/features/kp/KpPage.tsx"
"kp.editor.saveDraft","Сохранить черновик","Qoralamani saqlash","Save draft","src/features/kp/KpPage.tsx"
"kp.editor.saveFirst","Сначала сохраните КП: у документа появится номер","Avval TTni saqlang: hujjatga raqam beriladi","Save the proposal first: the document will get a number","src/features/kp/KpPage.tsx"
"kp.editor.saveSend","Сохранить и отправить клиенту","Saqlash va mijozga yuborish","Save and send to the client","src/features/kp/KpPage.tsx"
"kp.editor.saved","{number} сохранено в документах клиента","{number} mijoz hujjatlarida saqlandi","{number} saved to the client’s documents","src/features/kp/KpPage.tsx"
"kp.editor.savedSent","{number} сохранено и отправлено клиенту","{number} saqlandi va mijozga yuborildi","{number} saved and sent to the client","src/features/kp/KpPage.tsx"
"kp.editor.subtitle","{client} · программа GOLD · шаблон {version}","{client} · GOLD dasturi · shablon {version}","{client} · GOLD plan · template {version}","src/features/kp/KpPage.tsx"
"kp.editor.sumInsured","Страховая сумма на одного","Bir kishi uchun sugʻurta summasi","Sum insured per person","src/features/kp/KpPage.tsx"
"kp.editor.total","Общая страховая премия","Umumiy sugʻurta mukofoti","Total premium","src/features/kp/KpPage.tsx"
"kp.editor.validUntil","Предложение действительно до","Taklif amal qilish muddati","Offer valid until","src/features/kp/KpPage.tsx"
"kp.preview.label","Предпросмотр КП","TTni oldindan koʻrish","Proposal preview","src/features/kp/KpPage.tsx; src/features/kp/KpPreview.tsx"
"kp.preview.pageOf","Страница {n} из {total}","{n}-sahifa, jami {total}","Page {n} of {total}","src/features/kp/KpPreview.tsx"
"kp.preview.pages","Предпросмотр · {n} страниц A4","Oldindan koʻrish · {n} ta A4 sahifa","Preview · {n} A4 pages","src/features/kp/KpPreview.tsx"
"kp.view.accept","Принять","Qabul qilish","Accept","src/features/kp/KpViewPage.tsx"
"kp.view.accepted","КП принято. Менеджер МИГ подготовит договор","TT qabul qilindi. MIG menejeri shartnoma tayyorlaydi","Proposal accepted. A MIG manager will prepare the contract","src/features/kp/KpViewPage.tsx"
"kp.view.back","Счета и документы","Hisoblar va hujjatlar","Invoices and documents","src/features/kp/KpViewPage.tsx"
"kp.view.decline","Отклонить","Rad etish","Decline","src/features/kp/KpViewPage.tsx"
"kp.view.declineText","Менеджер МИГ увидит причину и свяжется с вами.","MIG menejeri sababni koʻradi va siz bilan bogʻlanadi.","A MIG manager will see the reason and contact you.","src/features/kp/KpViewPage.tsx"
"kp.view.declineTitle","Отклонить предложение","Taklifni rad etish","Decline the proposal","src/features/kp/KpViewPage.tsx"
"kp.view.respond","Подходят условия? Ответьте на предложение — менеджер МИГ подготовит договор.","Shartlar sizga maʼqulmi? Taklifga javob bering — MIG menejeri shartnoma tayyorlaydi.","Do the terms suit you? Reply to the proposal and a MIG manager will prepare the contract.","src/features/kp/KpViewPage.tsx"
"kp.view.subtitle","Программа GOLD · от {date} · общая премия {total} · действительно до {validUntil}","GOLD dasturi · {date} sanali · umumiy sugʻurta mukofoti {total} · {validUntil} gacha amal qiladi","GOLD plan · dated {date} · total premium {total} · valid until {validUntil}","src/features/kp/KpViewPage.tsx"
"kp.view.title","Коммерческое предложение {number}","Tijorat taklifi {number}","Commercial proposal {number}","src/features/kp/KpViewPage.tsx"
"labels.activationRule.after_first_payment","с даты начала, но не раньше оплаты первого взноса","boshlanish sanasidan, lekin birinchi badal toʻlanishidan oldin emas","from the start date, but not before the first instalment is paid","src/shared/domain/contracts.ts"
"labels.activationRule.on_start_date","с даты начала срока страхования","sugʻurta muddati boshlangan sanadan","from the start of the insurance period","src/shared/domain/contracts.ts"
"labels.apptStatus.cancelled","Отменена","Bekor qilindi","Cancelled","src/shared/domain/labels.ts"
"labels.apptStatus.completed","Состоялась","Boʻlib oʻtdi","Completed","src/shared/domain/labels.ts"
"labels.apptStatus.confirmed","Подтверждена","Tasdiqlandi","Confirmed","src/shared/domain/labels.ts"
"labels.apptStatus.declined","Отклонена","Rad etildi","Declined","src/shared/domain/labels.ts"
"labels.apptStatus.requested","Ожидает подтверждения","Tasdiqlash kutilmoqda","Awaiting confirmation","src/shared/domain/labels.ts"
"labels.audit.ai_feedback","Оценка подсказки ИИ","SI maslahatiga baho","AI suggestion rated","src/shared/domain/labels.ts"
"labels.audit.ai_kill_switch","ИИ отключён везде","SI hamma joyda oʻchirildi","AI disabled everywhere","src/shared/domain/labels.ts"
"labels.audit.ai_settings_changed","Настройки ИИ изменены","SI sozlamalari oʻzgartirildi","AI settings changed","src/shared/domain/labels.ts"
"labels.audit.ai_settings_proposed","Предложено изменение настроек ИИ","SI sozlamalarini oʻzgartirish taklif qilindi","AI settings change proposed","src/shared/domain/labels.ts"
"labels.audit.ai_settings_rejected","Изменение настроек ИИ отклонено","SI sozlamalarini oʻzgartirish rad etildi","AI settings change rejected","src/shared/domain/labels.ts"
"labels.audit.assistance_assigned","Назначен ассистанс","Assistans tayinlandi","Assistance company assigned","src/shared/domain/labels.ts"
"labels.audit.authority_changed","Полномочия сотрудника изменены","Xodim vakolatlari oʻzgartirildi","Employee authority limits changed","src/shared/domain/labels.ts"
"labels.audit.authority_proposed","Предложено изменение полномочий","Vakolatlarni oʻzgartirish taklif qilindi","Authority limits change proposed","src/shared/domain/labels.ts"
"labels.audit.authority_rejected","Изменение полномочий отклонено","Vakolatlarni oʻzgartirish rad etildi","Authority limits change rejected","src/shared/domain/labels.ts"
"labels.audit.case_created","Ассистанс: обращение","Assistans: murojaat","Assistance: case","src/shared/domain/labels.ts"
"labels.audit.census_uploaded","Загружены данные для оценки","Baholash uchun maʼlumotlar yuklandi","Census data uploaded","src/shared/domain/labels.ts"
"labels.audit.change_request_created","Заявка на изменение","Oʻzgartirish arizasi","Change request","src/shared/domain/labels.ts"
"labels.audit.claim_appeal_resolved","Апелляция рассмотрена","Eʼtiroz koʻrib chiqildi","Appeal resolved","src/shared/domain/labels.ts"
"labels.audit.claim_appealed","Апелляция по убытку","Zarar boʻyicha eʼtiroz","Claim appeal","src/shared/domain/labels.ts"
"labels.audit.claim_created","Создан убыток","Zarar roʻyxatga olindi","Claim registered","src/shared/domain/labels.ts"
"labels.audit.claim_decided","Решение по убытку","Zarar boʻyicha qaror","Claim decision","src/shared/domain/labels.ts"
"labels.audit.claim_decision_escalated","Решение передано на согласование","Qaror kelishishga yuborildi","Decision escalated for approval","src/shared/domain/labels.ts"
"labels.audit.claim_decision_rejected","Согласование решения отклонено","Qarorni kelishish rad etildi","Decision approval rejected","src/shared/domain/labels.ts"
"labels.audit.claim_flag_dismissed","Снят флаг мошенничества","Firibgarlik belgisi olib tashlandi","Fraud flag dismissed","src/shared/domain/labels.ts"
"labels.audit.claim_opinion_given","Заключение врача","Shifokor xulosasi","Doctor's opinion","src/shared/domain/labels.ts"
"labels.audit.claim_opinion_requested","Запрошено заключение врача","Shifokor xulosasi soʻraldi","Doctor's opinion requested","src/shared/domain/labels.ts"
"labels.audit.claim_reserve_changed","Изменён резерв","Zaxira oʻzgartirildi","Reserve changed","src/shared/domain/labels.ts"
"labels.audit.claim_transition","Смена статуса убытка","Zarar holati oʻzgardi","Claim status changed","src/shared/domain/labels.ts"
"labels.audit.clinic_check_failed","Клиника: неудачная проверка","Klinika: muvaffaqiyatsiz tekshiruv","Clinic: failed check","src/shared/domain/labels.ts"
"labels.audit.clinic_check_patient","Клиника: проверка пациента","Klinika: bemorni tekshirish","Clinic: patient check","src/shared/domain/labels.ts"
"labels.audit.clinic_payment_recorded","Ассистанс: оплата клинике","Assistans: klinikaga toʻlov","Assistance: clinic payment","src/shared/domain/labels.ts"
"labels.audit.complaint_resolved","Жалоба закрыта МИГ","Shikoyat MIG tomonidan yopildi","Complaint closed by MIG","src/shared/domain/labels.ts"
"labels.audit.contract_activated","Договор вступил в силу","Shartnoma kuchga kirdi","Contract took effect","src/shared/domain/labels.ts"
"labels.audit.contract_created","Договор создан","Shartnoma yaratildi","Contract created","src/shared/domain/labels.ts"
"labels.audit.contract_finance_approved","Финансовые условия утверждены","Moliyaviy shartlar tasdiqlandi","Financial terms approved","src/shared/domain/labels.ts"
"labels.audit.contract_legal_approved","Юрист согласовал","Yurist kelishdi","Approved by lawyer","src/shared/domain/labels.ts"
"labels.audit.contract_legal_returned","Юрист вернул на доработку","Yurist qayta ishlashga qaytardi","Returned by lawyer for revision","src/shared/domain/labels.ts"
"labels.audit.contract_legal_submitted","Договор на согласовании юриста","Shartnoma yurist kelishuvida","Contract under legal approval","src/shared/domain/labels.ts"
"labels.audit.contract_original","Отметка об оригинале","Asl nusxa belgisi","Original marked","src/shared/domain/labels.ts"
"labels.audit.contract_scan_uploaded","Загружен скан","Skan yuklandi","Scan uploaded","src/shared/domain/labels.ts"
"labels.audit.contract_scan_verified","Скан проверен","Skan tekshirildi","Scan verified","src/shared/domain/labels.ts"
"labels.audit.contract_sent","Документ отправлен клиенту","Hujjat mijozga yuborildi","Document sent to client","src/shared/domain/labels.ts"
"labels.audit.contract_signed","Подпись стороны","Tomon imzosi","Party signature","src/shared/domain/labels.ts"
"labels.audit.contract_terminated","Договор расторгнут","Shartnoma bekor qilindi","Contract terminated","src/shared/domain/labels.ts"
"labels.audit.contract_updated","Договор изменён","Shartnoma oʻzgartirildi","Contract updated","src/shared/domain/labels.ts"
"labels.audit.deal_lost","Сделка проиграна","Bitim yutqazildi","Deal lost","src/shared/domain/labels.ts"
"labels.audit.deal_stage_changed","Этап сделки","Bitim bosqichi","Deal stage","src/shared/domain/labels.ts"
"labels.audit.dms_param_changed","Параметр ДМС изменён","ITS parametri oʻzgartirildi","VHI parameter changed","src/shared/domain/labels.ts"
"labels.audit.dms_param_proposed","Предложено изменение параметра ДМС","ITS parametrini oʻzgartirish taklif qilindi","VHI parameter change proposed","src/shared/domain/labels.ts"
"labels.audit.dms_param_rejected","Изменение параметра ДМС отклонено","ITS parametrini oʻzgartirish rad etildi","VHI parameter change rejected","src/shared/domain/labels.ts"
"labels.audit.endorsement_created","Сформировано доп. соглашение","Qoʻshimcha kelishuv tuzildi","Endorsement generated","src/shared/domain/labels.ts"
"labels.audit.endorsement_signed","Доп. соглашение подписано","Qoʻshimcha kelishuv imzolandi","Endorsement signed","src/shared/domain/labels.ts"
"labels.audit.export","Выгрузка","Eksport","Export","src/shared/domain/labels.ts"
"labels.audit.guarantee_decided","Решение по гарантийному письму","Kafolat xati boʻyicha qaror","Guarantee letter decision","src/shared/domain/labels.ts"
"labels.audit.guarantee_escalated","Ассистанс: эскалация ГП","Assistans: kafolat xati eskalatsiyasi","Assistance: guarantee letter escalated","src/shared/domain/labels.ts"
"labels.audit.guarantee_requested","Запрошено гарантийное письмо","Kafolat xati soʻraldi","Guarantee letter requested","src/shared/domain/labels.ts"
"labels.audit.hr_add_employee","HR: добавлен сотрудник","HR: xodim qoʻshildi","HR: employee added","src/shared/domain/labels.ts"
"labels.audit.hr_exclude_employee","HR: исключён сотрудник","HR: xodim chiqarildi","HR: employee excluded","src/shared/domain/labels.ts"
"labels.audit.hr_import","HR: импорт списка","HR: roʻyxat import qilindi","HR: list imported","src/shared/domain/labels.ts"
"labels.audit.integration_key_created","Создан ключ API клиники","Klinika API kaliti yaratildi","Clinic API key created","src/shared/domain/labels.ts"
"labels.audit.integration_key_revoked","Отозван ключ API клиники","Klinika API kaliti bekor qilindi","Clinic API key revoked","src/shared/domain/labels.ts"
"labels.audit.kp_accepted","КП принято клиентом","TT mijoz tomonidan qabul qilindi","Commercial proposal accepted by client","src/shared/domain/labels.ts"
"labels.audit.kp_created","КП создано","TT yaratildi","Commercial proposal created","src/shared/domain/labels.ts"
"labels.audit.kp_declined","КП отклонено клиентом","TT mijoz tomonidan rad etildi","Commercial proposal declined by client","src/shared/domain/labels.ts"
"labels.audit.kp_downloaded","КП скачано","TT yuklab olindi","Commercial proposal downloaded","src/shared/domain/labels.ts"
"labels.audit.kp_revoked","КП отозвано","TT qaytarib olindi","Commercial proposal revoked","src/shared/domain/labels.ts"
"labels.audit.kp_sent","КП отправлено клиенту","TT mijozga yuborildi","Commercial proposal sent to client","src/shared/domain/labels.ts"
"labels.audit.lead_created","Создан лид","Lid yaratildi","Lead created","src/shared/domain/labels.ts"
"labels.audit.limit_change_approve","Подтверждение лимита","Limit tasdiqlandi","Limit change approved","src/shared/domain/labels.ts"
"labels.audit.limit_change_reject","Отклонение лимита","Limit rad etildi","Limit change rejected","src/shared/domain/labels.ts"
"labels.audit.limit_change_request","Запрос изменения лимита","Limitni oʻzgartirish soʻrovi","Limit change requested","src/shared/domain/labels.ts"
"labels.audit.login","Вход","Kirish","Sign-in","src/shared/domain/labels.ts"
"labels.audit.login_failed","Неудачный вход","Muvaffaqiyatsiz kirish","Failed sign-in","src/shared/domain/labels.ts"
"labels.audit.logout","Выход","Chiqish","Sign-out","src/shared/domain/labels.ts"
"labels.audit.migration_applied","Перенос: пакет применён","Koʻchirish: paket qoʻllandi","Transfer: batch applied","src/shared/domain/labels.ts"
"labels.audit.migration_rejected","Перенос: пакет отклонён","Koʻchirish: paket rad etildi","Transfer: batch rejected","src/shared/domain/labels.ts"
"labels.audit.migration_rolled_back","Перенос: пакет откачен","Koʻchirish: paket bekor qilindi","Transfer: batch rolled back","src/shared/domain/labels.ts"
"labels.audit.migration_scan_attached","Перенос: приложен скан договора","Koʻchirish: shartnoma skani biriktirildi","Transfer: contract scan attached","src/shared/domain/labels.ts"
"labels.audit.migration_submitted","Перенос: пакет отправлен на подтверждение","Koʻchirish: paket tasdiqlashga yuborildi","Transfer: batch sent for approval","src/shared/domain/labels.ts"
"labels.audit.migration_validated","Перенос: файл проверен","Koʻchirish: fayl tekshirildi","Transfer: file checked","src/shared/domain/labels.ts"
"labels.audit.open_medical","Доступ к медкарте","Tibbiy kartaga kirish","Medical record accessed","src/shared/domain/labels.ts"
"labels.audit.payment_allocated","Платёж разнесён вручную","Toʻlov qoʻlda taqsimlandi","Payment matched manually","src/shared/domain/labels.ts"
"labels.audit.payment_recorded","Оплата отмечена","Toʻlov belgilandi","Payment recorded","src/shared/domain/labels.ts"
"labels.audit.payments_imported","Выписка из 1С загружена","1C koʻchirmasi yuklandi","1C statement imported","src/shared/domain/labels.ts"
"labels.audit.policy_change_decided","Решение по изменению состава","Tarkib oʻzgarishi boʻyicha qaror","Membership change decision","src/shared/domain/labels.ts"
"labels.audit.policy_change_requested","HR: заявка на изменение состава","HR: tarkibni oʻzgartirish arizasi","HR: membership change request","src/shared/domain/labels.ts"
"labels.audit.policy_issued","Оформлен полис","Polis rasmiylashtirildi","Policy issued","src/shared/domain/labels.ts"
"labels.audit.qa_reviewed","Контроль качества","Sifat nazorati","Quality control","src/shared/domain/labels.ts"
"labels.audit.quote_approved","Котировка утверждена","Kotirovka tasdiqlandi","Quote approved","src/shared/domain/labels.ts"
"labels.audit.quote_rejected","Котировка отклонена","Kotirovka rad etildi","Quote rejected","src/shared/domain/labels.ts"
"labels.audit.quote_saved","Котировка сохранена","Kotirovka saqlandi","Quote saved","src/shared/domain/labels.ts"
"labels.audit.quote_submitted","Котировка на утверждение","Kotirovka tasdiqlashga yuborildi","Quote submitted for approval","src/shared/domain/labels.ts"
"labels.audit.rebill_line_decided","Решение по строке счёта ассистанса","Assistans hisobi qatori boʻyicha qaror","Assistance invoice line decision","src/shared/domain/labels.ts"
"labels.audit.rebill_paid","Счёт ассистанса оплачен","Assistans hisobi toʻlandi","Assistance invoice paid","src/shared/domain/labels.ts"
"labels.audit.rebill_submitted","Ассистанс: счёт МИГ отправлен","Assistans: MIGga hisob yuborildi","Assistance: invoice to MIG sent","src/shared/domain/labels.ts"
"labels.audit.registry_line_decided","Решение по строке реестра","Reyestr qatori boʻyicha qaror","Register line decision","src/shared/domain/labels.ts"
"labels.audit.registry_paid","Реестр оплачен","Reyestr toʻlandi","Register paid","src/shared/domain/labels.ts"
"labels.audit.registry_submitted","Отправлен реестр клиники","Klinika reyestri yuborildi","Clinic register submitted","src/shared/domain/labels.ts"
"labels.audit.reveal_pii","Просмотр ПДн","Shaxsga doir maʼlumotlarni koʻrish","Personal data viewed","src/shared/domain/labels.ts"
"labels.audit.role_change","Смена роли","Rol oʻzgardi","Role changed","src/shared/domain/labels.ts"
"labels.audit.task_created","Поставлена задача","Vazifa qoʻyildi","Task set","src/shared/domain/labels.ts"
"labels.audit.task_done","Задача выполнена","Vazifa bajarildi","Task done","src/shared/domain/labels.ts"
"labels.audit.user_deactivate","Деактивация пользователя","Foydalanuvchi oʻchirildi","User deactivated","src/shared/domain/labels.ts"
"labels.audit.webhook_created","Создан вебхук клиники","Klinika vebxuki yaratildi","Clinic webhook created","src/shared/domain/labels.ts"
"labels.caseChannel.app","Приложение","Ilova","App","src/shared/domain/assistance.ts"
"labels.caseChannel.chat","Чат","Chat","Chat","src/shared/domain/assistance.ts"
"labels.caseChannel.clinic","Клиника","Klinika","Clinic","src/shared/domain/assistance.ts"
"labels.caseChannel.phone","Звонок","Qoʻngʻiroq","Call","src/shared/domain/assistance.ts"
"labels.caseStatus.in_progress","В работе","Ishda","In progress","src/shared/domain/assistance.ts"
"labels.caseStatus.open","Новое","Yangi","New","src/shared/domain/assistance.ts"
"labels.caseStatus.resolved","Решено","Hal qilindi","Resolved","src/shared/domain/assistance.ts"
"labels.caseStatus.waiting","Ожидает","Kutilmoqda","Waiting","src/shared/domain/assistance.ts"
"labels.caseType.appointment","Запись к врачу","Shifokor qabuliga yozilish","Appointment","src/shared/domain/assistance.ts"
"labels.caseType.complaint","Жалоба","Shikoyat","Complaint","src/shared/domain/assistance.ts"
"labels.caseType.consultation","Консультация","Maslahat","Consultation","src/shared/domain/assistance.ts"
"labels.caseType.emergency","Экстренный случай","Shoshilinch holat","Emergency","src/shared/domain/assistance.ts"
"labels.caseType.guarantee","Гарантийное письмо","Kafolat xati","Guarantee letter","src/shared/domain/assistance.ts"
"labels.censusRelation.child","Ребёнок","Farzand","Child","src/features/documents/builders.ts; src/mocks/handlers/policies.ts; src/mocks/handlers/staff-misc.ts; src/shared/domain/family.ts"
"labels.censusRelation.employee","Сотрудник","Xodim","Employee","src/features/documents/builders.ts; src/mocks/handlers/policies.ts; src/mocks/handlers/staff-misc.ts; src/shared/domain/family.ts"
"labels.censusRelation.other","Другой член семьи","Boshqa oila aʼzosi","Other family member","src/features/documents/builders.ts; src/mocks/handlers/policies.ts; src/mocks/handlers/staff-misc.ts; src/shared/domain/family.ts"
"labels.censusRelation.parent","Родитель","Ota-ona","Parent","src/features/documents/builders.ts; src/mocks/handlers/policies.ts; src/mocks/handlers/staff-misc.ts; src/shared/domain/family.ts"
"labels.censusRelation.spouse","Супруг(а)","Turmush oʻrtogʻi","Spouse","src/features/documents/builders.ts; src/mocks/handlers/policies.ts; src/mocks/handlers/staff-misc.ts; src/shared/domain/family.ts"
"labels.changeType.add_insured","Включение","Qoʻshish","Inclusion","src/shared/domain/endorsements.ts"
"labels.changeType.change_program","Смена программы","Dasturni almashtirish","Plan change","src/shared/domain/endorsements.ts"
"labels.changeType.exclude_insured","Исключение","Chiqarish","Exclusion","src/shared/domain/endorsements.ts"
"labels.changeType.other","Прочие условия","Boshqa shartlar","Other terms","src/shared/domain/endorsements.ts"
"labels.claimCategory.dental","Стоматология","Stomatologiya","Dentistry","src/shared/domain/claims.ts"
"labels.claimCategory.diagnostics","Анализы и диагностика","Tahlillar va diagnostika","Tests and diagnostics","src/shared/domain/claims.ts"
"labels.claimCategory.doctor_visit","Приём врача","Shifokor qabuli","Doctor visit","src/shared/domain/claims.ts"
"labels.claimCategory.inpatient","Стационар","Statsionar","Inpatient care","src/shared/domain/claims.ts"
"labels.claimCategory.medicines","Лекарства","Dori-darmonlar","Medicines","src/shared/domain/claims.ts"
"labels.claimIntake.email","Эл. почта","Elektron pochta","Email","src/shared/domain/claims.ts"
"labels.claimIntake.hr_letter","Письмо HR","HR xati","HR letter","src/shared/domain/claims.ts"
"labels.claimIntake.other","Другое","Boshqa","Other","src/shared/domain/claims.ts"
"labels.claimIntake.phone","Звонок","Qoʻngʻiroq","Phone call","src/shared/domain/claims.ts"
"labels.claimStatus.approved","Одобрен","Tasdiqlangan","Approved","src/shared/domain/claims.ts"
"labels.claimStatus.medical_review","Медэкспертиза","Tibbiy ekspertiza","Medical review","src/shared/domain/claims.ts"
"labels.claimStatus.new","Новый","Yangi","New","src/shared/domain/claims.ts"
"labels.claimStatus.paid","Оплачен","Toʻlangan","Paid","src/shared/domain/claims.ts"
"labels.claimStatus.rejected","Отклонён","Rad etilgan","Rejected","src/shared/domain/claims.ts"
"labels.claimStatus.review","На проверке","Tekshiruvda","Under review","src/shared/domain/claims.ts"
"labels.claimStatus.to_pay","К оплате","Toʻlovga","To pay","src/shared/domain/claims.ts"
"labels.claimTransition.approved","Одобрить","Tasdiqlash","Approve","src/shared/domain/claims.ts"
"labels.claimTransition.medical_review","Передать на медэкспертизу","Tibbiy ekspertizaga yuborish","Send to medical review","src/shared/domain/claims.ts"
"labels.claimTransition.new","Вернуть в новые","Yangilarga qaytarish","Return to new","src/shared/domain/claims.ts"
"labels.claimTransition.paid","Отметить оплату","Toʻlovni belgilash","Mark as paid","src/shared/domain/claims.ts"
"labels.claimTransition.rejected","Отклонить","Rad etish","Reject","src/shared/domain/claims.ts"
"labels.claimTransition.review","Взять в работу","Ishga olish","Take into work","src/shared/domain/claims.ts"
"labels.claimTransition.to_pay","Передать к оплате","Toʻlovga yuborish","Send to payment","src/shared/domain/claims.ts"
"labels.claimTransitionToast.approved","Убыток одобрен","Zarar tasdiqlandi","Claim approved","src/shared/domain/claims.ts"
"labels.claimTransitionToast.medical_review","Убыток передан на медэкспертизу","Zarar tibbiy ekspertizaga yuborildi","Claim sent to medical review","src/shared/domain/claims.ts"
"labels.claimTransitionToast.new","Убыток возвращён","Zarar qaytarildi","Claim returned","src/shared/domain/claims.ts"
"labels.claimTransitionToast.paid","Оплата отмечена","Toʻlov belgilandi","Payment recorded","src/shared/domain/claims.ts"
"labels.claimTransitionToast.rejected","Убыток отклонён","Zarar rad etildi","Claim rejected","src/shared/domain/claims.ts"
"labels.claimTransitionToast.review","Убыток взят в работу","Zarar ishga olindi","Claim taken into work","src/shared/domain/claims.ts"
"labels.claimTransitionToast.to_pay","Убыток передан к оплате","Zarar toʻlovga yuborildi","Claim sent to payment","src/shared/domain/claims.ts"
"labels.clientStatus.active","Активен","Faol","Active","src/shared/domain/labels.ts"
"labels.clientStatus.draft","Черновик","Qoralama","Draft","src/shared/domain/labels.ts"
"labels.clientStatus.expired","Истёк","Muddati tugagan","Expired","src/shared/domain/labels.ts"
"labels.clientStatus.lead","Лид","Lid","Lead","src/shared/domain/labels.ts"
"labels.clientStatus.negotiation","Переговоры","Muzokaralar","Negotiation","src/shared/domain/labels.ts"
"labels.clientStatus.renewal","Продление","Uzaytirish","Renewal","src/shared/domain/labels.ts"
"labels.contractStatus.active","Действует","Amalda","Active","src/shared/domain/contracts.ts"
"labels.contractStatus.approved","Согласован","Kelishilgan","Approved","src/shared/domain/contracts.ts"
"labels.contractStatus.draft","Черновик","Qoralama","Draft","src/shared/domain/contracts.ts"
"labels.contractStatus.expired","Истёк","Muddati tugagan","Expired","src/shared/domain/contracts.ts"
"labels.contractStatus.legal_review","У юриста","Yuristda","With the lawyer","src/shared/domain/contracts.ts"
"labels.contractStatus.sent","Отправлен клиенту","Mijozga yuborilgan","Sent to client","src/shared/domain/contracts.ts"
"labels.contractStatus.signed","Подписан","Imzolangan","Signed","src/shared/domain/contracts.ts"
"labels.contractStatus.signing","Подписание","Imzolash","Signing","src/shared/domain/contracts.ts"
"labels.contractStatus.terminated","Расторгнут","Bekor qilingan","Terminated","src/shared/domain/contracts.ts"
"labels.coverage.covered","Покрывается","Qoplanadi","Covered","src/shared/domain/clinics.ts"
"labels.coverage.needs_guarantee","Нужно гарантийное письмо","Kafolat xati kerak","Guarantee letter required","src/shared/domain/clinics.ts"
"labels.coverage.not_covered","Не покрывается","Qoplanmaydi","Not covered","src/shared/domain/clinics.ts"
"labels.dealStage.active","Действует","Amalda","Active","src/shared/domain/contracts.ts"
"labels.dealStage.awaiting_payment","Ожидает оплаты","Toʻlov kutilmoqda","Awaiting payment","src/shared/domain/contracts.ts"
"labels.dealStage.census","Данные для оценки","Baholash uchun maʼlumotlar","Census","src/shared/domain/contracts.ts"
"labels.dealStage.contract_draft","Договор: черновик","Shartnoma: qoralama","Contract: draft","src/shared/domain/contracts.ts"
"labels.dealStage.contract_review","Договор: согласование","Shartnoma: kelishish","Contract: approval","src/shared/domain/contracts.ts"
"labels.dealStage.contract_sent","Договор отправлен","Shartnoma yuborildi","Contract sent","src/shared/domain/contracts.ts"
"labels.dealStage.kp_accepted","КП принято","TT qabul qilindi","Proposal accepted","src/shared/domain/contracts.ts"
"labels.dealStage.kp_sent","КП отправлено","TT yuborildi","Proposal sent","src/shared/domain/contracts.ts"
"labels.dealStage.lead","Лид","Lid","Lead","src/shared/domain/contracts.ts"
"labels.dealStage.lost","Проиграна","Yutqazildi","Lost","src/shared/domain/contracts.ts"
"labels.dealStage.quote","Котировка","Kotirovka","Quote","src/shared/domain/contracts.ts"
"labels.dealStage.signing","Подписание","Imzolash","Signing","src/shared/domain/contracts.ts"
"labels.decisionKind.approve","Одобрено полностью","Toʻliq tasdiqlangan","Approved in full","src/shared/domain/settlement.ts"
"labels.decisionKind.partial","Одобрено частично","Qisman tasdiqlangan","Partially approved","src/shared/domain/settlement.ts"
"labels.decisionKind.reject","Отказано","Rad etilgan","Denied","src/shared/domain/settlement.ts"
"labels.endorsementStatus.approved","Согласовано","Kelishilgan","Approved","src/shared/domain/contracts.ts"
"labels.endorsementStatus.draft","Черновик","Qoralama","Draft","src/shared/domain/contracts.ts"
"labels.endorsementStatus.legal_review","У юриста","Yuristda","With the lawyer","src/shared/domain/contracts.ts"
"labels.endorsementStatus.sent","Отправлено клиенту","Mijozga yuborilgan","Sent to client","src/shared/domain/contracts.ts"
"labels.endorsementStatus.signed","Подписано","Imzolangan","Signed","src/shared/domain/contracts.ts"
"labels.endorsementStatus.signing","Подписание","Imzolash","Signing","src/shared/domain/contracts.ts"
"labels.feeModel.pepm","За застрахованного в месяц","Bir sugʻurtalangan shaxs uchun oyiga","Per insured person per month","src/shared/domain/assistance.ts"
"labels.feeModel.per_case","За обращение","Har bir murojaat uchun","Per case","src/shared/domain/assistance.ts"
"labels.feeModel.percent_of_claims","Процент от выплат","Toʻlovlardan foiz","Percentage of claims paid","src/shared/domain/assistance.ts"
"labels.fraudFlag.above_price","Сумма выше прайса","Summa narxdan yuqori","Amount above price list","src/shared/domain/settlement.ts"
"labels.fraudFlag.before_exclusion","Перед исключением","Chiqarishdan oldin","Before exclusion","src/shared/domain/settlement.ts"
"labels.fraudFlag.duplicate_receipt","Повтор чека","Takroriy chek","Duplicate receipt","src/shared/domain/settlement.ts"
"labels.fraudFlag.frequent_claims","Частые обращения","Tez-tez murojaatlar","Frequent claims","src/shared/domain/settlement.ts"
"labels.fraudFlag.outside_coverage","Вне периода покрытия","Qoplama davridan tashqarida","Outside coverage period","src/shared/domain/settlement.ts"
"labels.guaranteeStatus.approved","Одобрено","Tasdiqlangan","Approved","src/shared/domain/clinics.ts"
"labels.guaranteeStatus.expired","Истекло","Muddati tugagan","Expired","src/shared/domain/clinics.ts"
"labels.guaranteeStatus.info_requested","Нужны документы","Hujjatlar kerak","Documents needed","src/shared/domain/clinics.ts"
"labels.guaranteeStatus.rejected","Отклонено","Rad etilgan","Rejected","src/shared/domain/clinics.ts"
"labels.guaranteeStatus.requested","Запрошено","Soʻralgan","Requested","src/shared/domain/clinics.ts"
"labels.guaranteeStatus.used","Использовано","Foydalanilgan","Used","src/shared/domain/clinics.ts"
"labels.integrationMode.api","API","API","API","src/shared/domain/clinics.ts"
"labels.integrationMode.hybrid","API и кабинет","API va kabinet","API and portal","src/shared/domain/clinics.ts"
"labels.integrationMode.portal","Только кабинет","Faqat kabinet","Portal only","src/shared/domain/clinics.ts"
"labels.invoiceStatus.overdue","Просрочен","Muddati oʻtgan","Overdue","src/shared/domain/contracts.ts"
"labels.invoiceStatus.paid","Оплачен","Toʻlangan","Paid","src/shared/domain/contracts.ts"
"labels.invoiceStatus.unpaid","Ожидает оплаты","Toʻlov kutilmoqda","Awaiting payment","src/shared/domain/contracts.ts"
"labels.kpStatus.accepted","Принято клиентом","Mijoz qabul qildi","Accepted by client","src/shared/domain/kp.ts"
"labels.kpStatus.declined","Отклонено клиентом","Mijoz rad etdi","Declined by client","src/shared/domain/kp.ts"
"labels.kpStatus.draft","Черновик","Qoralama","Draft","src/shared/domain/kp.ts"
"labels.kpStatus.revoked","Отозвано","Qaytarib olingan","Revoked","src/shared/domain/kp.ts"
"labels.kpStatus.sent","Отправлено","Yuborilgan","Sent","src/shared/domain/kp.ts"
"labels.limitCategory.dental","Стоматология","Stomatologiya","Dentistry","src/features/documents/builders.ts; src/shared/domain/labels.ts"
"labels.limitCategory.inpatient","Стационар","Statsionar","Inpatient","src/features/documents/builders.ts; src/shared/domain/labels.ts"
"labels.limitCategory.medicines","Лекарства","Dori-darmonlar","Medicines","src/features/documents/builders.ts; src/shared/domain/labels.ts"
"labels.limitCategory.outpatient","Амбулаторно","Ambulator","Outpatient","src/features/documents/builders.ts; src/shared/domain/labels.ts"
"labels.limitState.available","Доступен","Mavjud","Available","src/shared/domain/clinics.ts"
"labels.limitState.exhausted","Исчерпан","Tugagan","Exhausted","src/shared/domain/clinics.ts"
"labels.limitState.low","На исходе","Tugayapti","Running low","src/shared/domain/clinics.ts"
"labels.paymentCandidateWhy.amount","сумма","summa","amount","src/shared/domain/payments.ts"
"labels.paymentCandidateWhy.inn","ИНН плательщика","toʻlovchi STIRi","payer TIN","src/shared/domain/payments.ts"
"labels.paymentCandidateWhy.inn_amount","ИНН и сумма","STIR va summa","TIN and amount","src/shared/domain/payments.ts"
"labels.paymentCandidateWhy.number","номер в назначении","toʻlov maqsadidagi raqam","number in the purpose","src/shared/domain/payments.ts"
"labels.paymentFrequency.monthly","Помесячно","Har oy","Monthly","src/shared/domain/contracts.ts"
"labels.paymentFrequency.quarterly","Поквартально","Har chorakda","Quarterly","src/shared/domain/contracts.ts"
"labels.paymentFrequency.single","Единовременно","Bir martalik","Single payment","src/shared/domain/contracts.ts"
"labels.paymentQueueReason.ambiguous","Несколько счетов плательщика с такой суммой","Toʻlovchining shunday summali bir nechta hisobi bor","Several payer invoices with this amount","src/shared/domain/payments.ts"
"labels.paymentQueueReason.amount_mismatch","Сумма не совпадает ни с одним счётом плательщика","Summa toʻlovchining birorta hisobiga mos kelmaydi","Amount does not match any payer invoice","src/shared/domain/payments.ts"
"labels.paymentQueueReason.no_invoices","У плательщика нет неоплаченных счетов","Toʻlovchida toʻlanmagan hisoblar yoʻq","The payer has no unpaid invoices","src/shared/domain/payments.ts"
"labels.paymentQueueReason.over_remaining","Сумма больше остатка по указанному счёту","Summa koʻrsatilgan hisob qoldigʻidan katta","Amount exceeds the balance of the given invoice","src/shared/domain/payments.ts"
"labels.paymentQueueReason.several_numbers","В назначении несколько счетов","Toʻlov maqsadida bir nechta hisob","Several invoices in the payment purpose","src/shared/domain/payments.ts"
"labels.paymentQueueReason.third_party","Счёт указан, но плательщик — другой ИНН","Hisob koʻrsatilgan, lekin toʻlovchi — boshqa STIR","Invoice given, but the payer has a different TIN","src/shared/domain/payments.ts"
"labels.paymentQueueReason.unknown_payer","Плательщик с таким ИНН не найден","Bunday STIRli toʻlovchi topilmadi","No payer with this TIN found","src/shared/domain/payments.ts"
"labels.policyChangeKind.add","Прикрепление","Biriktirish","Inclusion","src/shared/domain/policies.ts"
"labels.policyChangeKind.exclude","Исключение","Chiqarish","Exclusion","src/shared/domain/policies.ts"
"labels.policyChangeStatus.approved","Подтверждено","Tasdiqlangan","Approved","src/shared/domain/policies.ts"
"labels.policyChangeStatus.pending","Ждёт решения","Qaror kutilmoqda","Awaiting decision","src/shared/domain/policies.ts"
"labels.policyChangeStatus.rejected","Отклонено","Rad etilgan","Rejected","src/shared/domain/policies.ts"
"labels.policyStatus.active","Действует","Amalda","Active","src/shared/domain/labels.ts"
"labels.policyStatus.cancelled","Расторгнут","Bekor qilingan","Terminated","src/shared/domain/labels.ts"
"labels.policyStatus.draft","Черновик","Qoralama","Draft","src/shared/domain/labels.ts"
"labels.policyStatus.expired","Истёк","Muddati tugagan","Expired","src/shared/domain/labels.ts"
"labels.pricingBasis.age_banded","По возрастной группе","Yosh guruhi boʻyicha","By age band","src/features/documents/builders.ts; src/shared/domain/pricing.ts"
"labels.pricingBasis.flat_by_type","По типу (сотрудник / член семьи)","Turi boʻyicha (xodim / oila aʼzosi)","By type (employee / family member)","src/features/documents/builders.ts; src/shared/domain/pricing.ts"
"labels.program.basic","Базовая","Bazaviy","Basic","src/features/documents/builders.ts; src/shared/domain/labels.ts"
"labels.program.premium","Премиум","Premium","Premium","src/features/documents/builders.ts; src/shared/domain/labels.ts"
"labels.program.standard","Стандарт","Standart","Standard","src/features/documents/builders.ts; src/shared/domain/labels.ts"
"labels.program.standard_plus","Стандарт+","Standart+","Standard+","src/features/documents/builders.ts; src/shared/domain/labels.ts"
"labels.queue.age_limit","Предельный возраст","Yosh chegarasi","Age limit","src/shared/domain/queue.ts"
"labels.queue.ai_change","Настройки ИИ","SI sozlamalari","AI settings","src/shared/domain/queue.ts"
"labels.queue.appeal","Апелляция","Eʼtiroz","Appeal","src/shared/domain/queue.ts"
"labels.queue.appointment","Запись","Qabul","Appointment","src/shared/domain/queue.ts"
"labels.queue.assistance_sla","SLA ассистанса нарушен","Assistans SLA buzildi","Assistance SLA breached","src/shared/domain/queue.ts"
"labels.queue.authority_change","Полномочия","Vakolatlar","Authority limits","src/shared/domain/queue.ts"
"labels.queue.bank_payment","Ручная разноска","Qoʻlda taqsimlash","Manual payment matching","src/shared/domain/queue.ts"
"labels.queue.claim","Убыток","Zarar","Claim","src/shared/domain/queue.ts"
"labels.queue.clinic_no_response","Клиника не ответила","Klinika javob bermadi","Clinic did not respond","src/shared/domain/queue.ts"
"labels.queue.complaint","Жалоба","Shikoyat","Complaint","src/shared/domain/queue.ts"
"labels.queue.contract","Договор","Shartnoma","Contract","src/shared/domain/queue.ts"
"labels.queue.deal","Сделка","Bitim","Deal","src/shared/domain/queue.ts"
"labels.queue.endorsement","Доп. соглашение","Qoʻshimcha kelishuv","Endorsement","src/shared/domain/queue.ts"
"labels.queue.escalation","Эскалация ГП","Kafolat xati eskalatsiyasi","Guarantee letter escalation","src/shared/domain/queue.ts"
"labels.queue.fraud_flag","Флаг проверки","Tekshiruv belgisi","Review flag","src/shared/domain/queue.ts"
"labels.queue.guarantee","ГП","Kafolat xati","Guarantee letter","src/shared/domain/queue.ts"
"labels.queue.integration_error","Ошибка интеграции","Integratsiya xatosi","Integration error","src/shared/domain/queue.ts"
"labels.queue.invoice","Взнос","Badal","Instalment","src/shared/domain/queue.ts"
"labels.queue.kp","КП без ответа","Javobsiz TT","Unanswered commercial proposal","src/shared/domain/queue.ts"
"labels.queue.lead","Лид","Lid","Lead","src/shared/domain/queue.ts"
"labels.queue.limit_request","Изменение лимита","Limitni oʻzgartirish","Limit change","src/shared/domain/queue.ts"
"labels.queue.loss_ratio","Убыточность","Zararlilik darajasi","Loss ratio","src/shared/domain/queue.ts"
"labels.queue.opinion","Заключение","Xulosa","Opinion","src/shared/domain/queue.ts"
"labels.queue.param_change","Параметр ДМС","ITS parametri","VHI parameter","src/shared/domain/queue.ts"
"labels.queue.payout","Выплата","Toʻlov","Payout","src/shared/domain/queue.ts"
"labels.queue.policy_change","Состав полиса","Polis tarkibi","Policy membership","src/shared/domain/queue.ts"
"labels.queue.qa_sample","Контрольная выборка","Nazorat tanlovi","QC sample","src/shared/domain/queue.ts"
"labels.queue.quote","Котировка","Kotirovka","Quote","src/shared/domain/queue.ts"
"labels.queue.rebill","Счёт ассистанса","Assistans hisobi","Assistance invoice","src/shared/domain/queue.ts"
"labels.queue.registry","Реестр","Reyestr","Register","src/shared/domain/queue.ts"
"labels.queue.renewal","Продление","Uzaytirish","Renewal","src/shared/domain/queue.ts"
"labels.queue.request","Задача","Vazifa","Task","src/shared/domain/queue.ts"
"labels.queue.scan","Скан на проверке","Tekshiruvdagi skan","Scan under review","src/shared/domain/queue.ts"
"labels.queueTab.age_limit","Возраст детей","Bolalar yoshi","Children's age","src/shared/domain/queue.ts"
"labels.queueTab.ai_change","ИИ","SI","AI","src/shared/domain/queue.ts"
"labels.queueTab.appeal","Апелляции","Eʼtirozlar","Appeals","src/shared/domain/queue.ts"
"labels.queueTab.appointment","Записи","Qabullar","Appointments","src/shared/domain/queue.ts"
"labels.queueTab.assistance_sla","SLA ассистансов","Assistans SLA","Assistance SLA","src/shared/domain/queue.ts"
"labels.queueTab.authority_change","Полномочия","Vakolatlar","Authority limits","src/shared/domain/queue.ts"
"labels.queueTab.bank_payment","Разноска","Taqsimlash","Matching","src/shared/domain/queue.ts"
"labels.queueTab.claim","Убытки","Zararlar","Claims","src/shared/domain/queue.ts"
"labels.queueTab.clinic_no_response","Клиника не ответила","Klinika javob bermadi","Clinic did not respond","src/shared/domain/queue.ts"
"labels.queueTab.complaint","Жалобы","Shikoyatlar","Complaints","src/shared/domain/queue.ts"
"labels.queueTab.contract","Договоры","Shartnomalar","Contracts","src/shared/domain/queue.ts"
"labels.queueTab.deal","Сделки","Bitimlar","Deals","src/shared/domain/queue.ts"
"labels.queueTab.endorsement","Доп. соглашения","Qoʻshimcha kelishuvlar","Endorsements","src/shared/domain/queue.ts"
"labels.queueTab.escalation","Эскалации ГП","Kafolat xati eskalatsiyalari","Escalations","src/shared/domain/queue.ts"
"labels.queueTab.fraud_flag","Флаги","Belgilar","Flags","src/shared/domain/queue.ts"
"labels.queueTab.guarantee","ГП","Kafolat xatlari","Guarantee letters","src/shared/domain/queue.ts"
"labels.queueTab.integration_error","Интеграции","Integratsiyalar","Integrations","src/shared/domain/queue.ts"
"labels.queueTab.invoice","Взносы","Badallar","Instalments","src/shared/domain/queue.ts"
"labels.queueTab.kp","КП","TT","Proposals","src/shared/domain/queue.ts"
"labels.queueTab.lead","Лиды","Lidlar","Leads","src/shared/domain/queue.ts"
"labels.queueTab.limit_request","Лимиты","Limitlar","Limits","src/shared/domain/queue.ts"
"labels.queueTab.loss_ratio","Убыточность","Zararlilik darajasi","Loss ratio","src/shared/domain/queue.ts"
"labels.queueTab.opinion","Заключения","Xulosalar","Opinions","src/shared/domain/queue.ts"
"labels.queueTab.param_change","Параметры","Parametrlar","Parameters","src/shared/domain/queue.ts"
"labels.queueTab.payout","Выплаты","Toʻlovlar","Payouts","src/shared/domain/queue.ts"
"labels.queueTab.policy_change","Состав","Tarkib","Membership","src/shared/domain/queue.ts"
"labels.queueTab.qa_sample","Выборка","Tanlov","Sample","src/shared/domain/queue.ts"
"labels.queueTab.quote","Котировки","Kotirovkalar","Quotes","src/shared/domain/queue.ts"
"labels.queueTab.rebill","Счета ассистансов","Assistans hisoblari","Assistance invoices","src/shared/domain/queue.ts"
"labels.queueTab.registry","Реестры","Reyestrlar","Registers","src/shared/domain/queue.ts"
"labels.queueTab.renewal","Продления","Uzaytirishlar","Renewals","src/shared/domain/queue.ts"
"labels.queueTab.request","Задачи от коллег","Hamkasblardan vazifalar","Tasks from colleagues","src/shared/domain/queue.ts"
"labels.queueTab.scan","Сканы","Skanlar","Scans","src/shared/domain/queue.ts"
"labels.rebillCheck.ai_disagrees","ИИ: спорный вердикт","SI: bahsli xulosa","AI: disputed verdict","src/shared/domain/assistance.ts"
"labels.rebillCheck.duplicate","Дубль","Dublikat","Duplicate","src/shared/domain/assistance.ts"
"labels.rebillCheck.no_guarantee","Нет одобренного ГП","Tasdiqlangan kafolat xati yoʻq","No approved guarantee letter","src/shared/domain/assistance.ts"
"labels.rebillCheck.not_assigned","Не закреплён за ассистансом","Assistansga biriktirilmagan","Not assigned to the assistance company","src/shared/domain/assistance.ts"
"labels.rebillCheck.not_paid_to_clinic","Не оплачено клинике","Klinikaga toʻlanmagan","Not paid to clinic","src/shared/domain/assistance.ts"
"labels.rebillCheck.over_limit","Сверх лимита","Limitdan ortiq","Over the limit","src/shared/domain/assistance.ts"
"labels.rebillCheck.policy_inactive","Полис не действует","Polis amalda emas","Policy not active","src/shared/domain/assistance.ts"
"labels.rebillCheck.price_mismatch","Цена не по прайсу","Narx narxlar roʻyxatiga mos emas","Price not as per price list","src/shared/domain/assistance.ts"
"labels.rebillStatus.accepted","Принят","Qabul qilingan","Accepted","src/shared/domain/assistance.ts"
"labels.rebillStatus.draft","Черновик","Qoralama","Draft","src/shared/domain/assistance.ts"
"labels.rebillStatus.in_review","На проверке","Tekshiruvda","Under review","src/shared/domain/assistance.ts"
"labels.rebillStatus.paid","Оплачен","Toʻlangan","Paid","src/shared/domain/assistance.ts"
"labels.rebillStatus.partially_accepted","Принят частично","Qisman qabul qilingan","Partially accepted","src/shared/domain/assistance.ts"
"labels.rebillStatus.submitted","Отправлен","Yuborilgan","Submitted","src/shared/domain/assistance.ts"
"labels.registryLineStatus.accepted","Принята","Qabul qilingan","Accepted","src/shared/domain/clinics.ts"
"labels.registryLineStatus.disputed","Оспорена","Eʼtiroz bildirilgan","Disputed","src/shared/domain/clinics.ts"
"labels.registryLineStatus.pending","Ожидает проверки","Tekshiruv kutilmoqda","Awaiting review","src/shared/domain/clinics.ts"
"labels.registryLineStatus.rejected","Отклонена","Rad etilgan","Rejected","src/shared/domain/clinics.ts"
"labels.registryStatus.accepted","Принят","Qabul qilingan","Accepted","src/shared/domain/clinics.ts"
"labels.registryStatus.draft","Черновик","Qoralama","Draft","src/shared/domain/clinics.ts"
"labels.registryStatus.in_review","На проверке","Tekshiruvda","Under review","src/shared/domain/clinics.ts"
"labels.registryStatus.paid","Оплачен","Toʻlangan","Paid","src/shared/domain/clinics.ts"
"labels.registryStatus.partially_accepted","Принят частично","Qisman qabul qilingan","Partially accepted","src/shared/domain/clinics.ts"
"labels.registryStatus.submitted","Отправлен","Yuborilgan","Submitted","src/shared/domain/clinics.ts"
"labels.role.accountant","Бухгалтер","Buxgalter","Accountant","src/features/documents/builders.ts; src/shared/domain/labels.ts"
"labels.role.admin","Администратор","Administrator","Administrator","src/features/documents/builders.ts; src/shared/domain/labels.ts"
"labels.role.asst_admin","Администратор ассистанса","Assistans administratori","Assistance administrator","src/features/documents/builders.ts; src/shared/domain/labels.ts"
"labels.role.asst_billing","Финансист ассистанса","Assistans moliyachisi","Assistance finance officer","src/features/documents/builders.ts; src/shared/domain/labels.ts"
"labels.role.asst_doctor","Врач ассистанса","Assistans shifokori","Assistance doctor","src/features/documents/builders.ts; src/shared/domain/labels.ts"
"labels.role.asst_operator","Оператор ассистанса","Assistans operatori","Assistance operator","src/features/documents/builders.ts; src/shared/domain/labels.ts"
"labels.role.claims_officer","Специалист по убыткам","Zararlar boʻyicha mutaxassis","Claims officer","src/features/documents/builders.ts; src/shared/domain/labels.ts"
"labels.role.clinic_admin","Администратор клиники","Klinika administratori","Clinic administrator","src/features/documents/builders.ts; src/shared/domain/labels.ts"
"labels.role.clinic_registrar","Регистратор клиники","Klinika registratori","Clinic registrar","src/features/documents/builders.ts; src/shared/domain/labels.ts"
"labels.role.doctor_expert","Врач-эксперт","Ekspert shifokor","Medical expert","src/features/documents/builders.ts; src/shared/domain/labels.ts"
"labels.role.hr","HR клиента","Mijoz HR xodimi","Client HR","src/features/documents/builders.ts; src/shared/domain/labels.ts"
"labels.role.insured","Застрахованный","Sugʻurtalangan shaxs","Insured person","src/features/documents/builders.ts; src/shared/domain/labels.ts"
"labels.role.legal","Юрист","Yurist","Lawyer","src/features/documents/builders.ts; src/shared/domain/labels.ts"
"labels.role.operator","Куратор ДМС","ITS kuratori","VHI coordinator","src/features/documents/builders.ts; src/shared/domain/labels.ts"
"labels.role.sales_manager","Менеджер по продажам","Sotuv menejeri","Sales manager","src/features/documents/builders.ts; src/shared/domain/labels.ts"
"labels.role.underwriter","Андеррайтер","Anderrayter","Underwriter","src/features/documents/builders.ts; src/shared/domain/labels.ts"
"labels.scope.appointments:read","Записи: чтение","Qabullar: oʻqish","Appointments: read","src/shared/domain/clinics.ts"
"labels.scope.appointments:write","Записи: ответы","Qabullar: javoblar","Appointments: replies","src/shared/domain/clinics.ts"
"labels.scope.cases:write","Обращения","Murojaatlar","Cases","src/shared/domain/clinics.ts"
"labels.scope.coverage:check","Проверка покрытия","Qoplamani tekshirish","Coverage check","src/shared/domain/clinics.ts"
"labels.scope.guarantees:decide","ГП: решения","Kafolat xatlari: qarorlar","Guarantee letters: decisions","src/shared/domain/clinics.ts"
"labels.scope.guarantees:read","ГП: чтение","Kafolat xatlari: oʻqish","Guarantee letters: read","src/shared/domain/clinics.ts"
"labels.scope.guarantees:write","ГП: запросы","Kafolat xatlari: soʻrovlar","Guarantee letters: requests","src/shared/domain/clinics.ts"
"labels.scope.payments:read","Оплаты","Toʻlovlar","Payments","src/shared/domain/clinics.ts"
"labels.scope.payments:write","Оплаты клиникам","Klinikalarga toʻlovlar","Payments to clinics","src/shared/domain/clinics.ts"
"labels.scope.rebills:write","Счета МИГ","MIG hisoblari","Invoices to MIG","src/shared/domain/clinics.ts"
"labels.scope.registries:read","Реестры: чтение","Reyestrlar: oʻqish","Registers: read","src/shared/domain/clinics.ts"
"labels.scope.registries:review","Реестры: проверка","Reyestrlar: tekshirish","Registers: review","src/shared/domain/clinics.ts"
"labels.scope.registries:write","Реестры: отправка","Reyestrlar: yuborish","Registers: submit","src/shared/domain/clinics.ts"
"labels.scope.roster:read","Список застрахованных","Sugʻurtalanganlar roʻyxati","Member list","src/shared/domain/clinics.ts"
"labels.scope.slots:write","Расписание","Jadval","Schedule","src/shared/domain/clinics.ts"
"labels.serviceCategory.dental","Стоматология","Stomatologiya","Dentistry","src/shared/domain/clinics.ts"
"labels.serviceCategory.diagnostics_advanced","Сложная диагностика (МРТ, КТ)","Murakkab diagnostika (MRT, KT)","Advanced diagnostics (MRI, CT)","src/shared/domain/clinics.ts"
"labels.serviceCategory.inpatient","Стационар","Statsionar","Inpatient","src/shared/domain/clinics.ts"
"labels.serviceCategory.medicines","Лекарства","Dori-darmonlar","Medicines","src/shared/domain/clinics.ts"
"labels.serviceCategory.outpatient","Амбулаторно","Ambulator","Outpatient","src/shared/domain/clinics.ts"
"labels.signMethod.edo","ЭДО","EHA","E-documents","src/shared/domain/contracts.ts"
"labels.signMethod.eimzo","ЭЦП (E-IMZO)","EIM (E-IMZO)","E-signature (E-IMZO)","src/shared/domain/contracts.ts"
"labels.signMethod.paper","Бумага","Qogʻoz","Paper","src/shared/domain/contracts.ts"
"labels.signMethod.scan","Скан","Skan","Scan","src/shared/domain/contracts.ts"
"labels.specialty.cardiologist","Кардиолог","Kardiolog","Cardiologist","src/shared/domain/labels.ts"
"labels.specialty.dentist","Стоматолог","Stomatolog","Dentist","src/shared/domain/labels.ts"
"labels.specialty.ent","ЛОР","LOR","ENT","src/shared/domain/labels.ts"
"labels.specialty.gynecologist","Гинеколог","Ginekolog","Gynecologist","src/shared/domain/labels.ts"
"labels.specialty.neurologist","Невролог","Nevrolog","Neurologist","src/shared/domain/labels.ts"
"labels.specialty.ophthalmologist","Офтальмолог","Oftalmolog","Ophthalmologist","src/shared/domain/labels.ts"
"labels.specialty.pediatrician","Педиатр","Pediatr","Pediatrician","src/shared/domain/labels.ts"
"labels.specialty.therapist","Терапевт","Terapevt","General practitioner","src/shared/domain/labels.ts"
"labels.webhookEvent.appointment.cancelled","Запись отменена","Qabul bekor qilindi","Appointment cancelled","src/shared/domain/clinics.ts"
"labels.webhookEvent.appointment.requested","Новая заявка на запись","Yangi qabul soʻrovi","New appointment request","src/shared/domain/clinics.ts"
"labels.webhookEvent.guarantee.decided","Решение по ГП","Kafolat xati boʻyicha qaror","Guarantee letter decision","src/shared/domain/clinics.ts"
"labels.webhookEvent.guarantee.documents_requested","По ГП нужны документы","Kafolat xati boʻyicha hujjatlar kerak","Documents needed for guarantee letter","src/shared/domain/clinics.ts"
"labels.webhookEvent.guarantee.requested","Запрос ГП","Kafolat xati soʻrovi","Guarantee letter request","src/shared/domain/clinics.ts"
"labels.webhookEvent.insured.added","Застрахованный добавлен","Sugʻurtalangan shaxs qoʻshildi","Insured person added","src/shared/domain/clinics.ts"
"labels.webhookEvent.insured.excluded","Застрахованный исключён","Sugʻurtalangan shaxs chiqarildi","Insured person excluded","src/shared/domain/clinics.ts"
"labels.webhookEvent.policy.assigned","Полис закреплён","Polis biriktirildi","Policy assigned","src/shared/domain/clinics.ts"
"labels.webhookEvent.policy.unassigned","Полис откреплён","Polis ajratildi","Policy unassigned","src/shared/domain/clinics.ts"
"labels.webhookEvent.qa.disagreement","Расхождение контроля качества","Sifat nazorati tafovuti","Quality control disagreement","src/shared/domain/clinics.ts"
"labels.webhookEvent.rebill.paid","Счёт МИГ оплачен","MIG hisobi toʻlandi","MIG invoice paid","src/shared/domain/clinics.ts"
"labels.webhookEvent.rebill.reviewed","Счёт МИГ проверен","MIG hisobi tekshirildi","MIG invoice reviewed","src/shared/domain/clinics.ts"
"labels.webhookEvent.registry.paid","Реестр оплачен","Reyestr toʻlandi","Register paid","src/shared/domain/clinics.ts"
"labels.webhookEvent.registry.received","Получен реестр клиники","Klinika reyestri olindi","Clinic register received","src/shared/domain/clinics.ts"
"labels.webhookEvent.registry.reviewed","Реестр проверен","Reyestr tekshirildi","Register reviewed","src/shared/domain/clinics.ts"
"migration.applied","Пакет применён","Paket qoʻllandi","Batch applied","src/features/staff/admin/migration/MigrationBatchPage.tsx"
"migration.appliedInfo","Применён {at}, подтвердил {name}","{at} qoʻllandi, tasdiqladi {name}","Applied {at}, approved by {name}","src/features/staff/admin/migration/MigrationBatchPage.tsx"
"migration.approve","Применить пакет","Paketni qoʻllash","Apply batch","src/features/staff/admin/migration/MigrationBatchPage.tsx; src/mocks/handlers/migration.ts; src/mocks/migration-core.ts; src/shared/auth/permissions.ts"
"migration.approveConfirm","Записать пакет в систему? Договоры станут действующими, застрахованные смогут войти в приложение.","Paket tizimga yozilsinmi? Shartnomalar amalda boʻladi, sugʻurtalanganlar ilovaga kira oladi.","Write the batch to the system? Contracts become in force, insured persons can sign in to the app.","src/features/staff/admin/migration/MigrationBatchPage.tsx"
"migration.batchSubtitle","Дата переноса {date} · подготовил {name}, {at}","Koʻchirish sanasi {date} · tayyorladi {name}, {at}","Transfer date {date} · prepared by {name}, {at}","src/features/staff/admin/migration/MigrationBatchPage.tsx"
"migration.batchTitle","Пакет № {n}","№ {n} paket","Batch No. {n}","src/features/staff/admin/migration/MigrationBatchPage.tsx"
"migration.batches","Пакеты","Paketlar","Batches","src/features/staff/admin/migration/MigrationPage.tsx"
"migration.blocker.appointment","Запись к врачу","Shifokor qabuliga yozilish","Doctor appointment","src/features/staff/admin/migration/labels.ts"
"migration.blocker.audit","Действие в журнале","Jurnaldagi harakat","Audit event","src/features/staff/admin/migration/labels.ts"
"migration.blocker.case","Обращение в ассистанс","Assistansga murojaat","Assistance case","src/features/staff/admin/migration/labels.ts"
"migration.blocker.change_request","Заявка на изменение","Oʻzgartirish arizasi","Change request","src/features/staff/admin/migration/labels.ts"
"migration.blocker.chat","Сообщение в чате","Chatdagi xabar","Chat message","src/features/staff/admin/migration/labels.ts"
"migration.blocker.claim","Новый убыток","Yangi zarar","New claim","src/features/staff/admin/migration/labels.ts"
"migration.blocker.consent","Согласие в приложении","Ilovadagi rozilik","Consent in the app","src/features/staff/admin/migration/labels.ts"
"migration.blocker.contract","Новый договор клиента","Mijozning yangi shartnomasi","New contract of the client","src/features/staff/admin/migration/labels.ts"
"migration.blocker.deal","Новая сделка клиента","Mijozning yangi bitimi","New deal of the client","src/features/staff/admin/migration/labels.ts"
"migration.blocker.endorsement","Доп. соглашение","Qoʻshimcha kelishuv","Endorsement","src/features/staff/admin/migration/labels.ts"
"migration.blocker.file","Загруженный файл","Yuklangan fayl","Uploaded file","src/features/staff/admin/migration/labels.ts"
"migration.blocker.guarantee","Гарантийное письмо","Kafolat xati","Guarantee letter","src/features/staff/admin/migration/labels.ts"
"migration.blocker.insured","Новый застрахованный","Yangi sugʻurtalangan","New insured person","src/features/staff/admin/migration/labels.ts"
"migration.blocker.invoice","Новый счёт","Yangi hisob","New invoice","src/features/staff/admin/migration/labels.ts"
"migration.blocker.kp","Коммерческое предложение","Tijorat taklifi","Commercial offer","src/features/staff/admin/migration/labels.ts"
"migration.blocker.limit_request","Заявка на изменение лимита","Limitni oʻzgartirish arizasi","Limit change request","src/features/staff/admin/migration/labels.ts"
"migration.blocker.payment","Платёж","Toʻlov","Payment","src/features/staff/admin/migration/labels.ts"
"migration.blocker.policy_change","Изменение состава","Tarkib oʻzgarishi","Insured list change","src/features/staff/admin/migration/labels.ts"
"migration.blocker.visit","Визит в клинику","Klinikaga tashrif","Clinic visit","src/features/staff/admin/migration/labels.ts"
"migration.blockersCaption","Почему откат невозможен","Nega bekor qilib boʻlmaydi","Why rollback is not possible","src/features/staff/admin/migration/MigrationBatchPage.tsx"
"migration.col.author","Подготовил","Tayyorladi","Prepared by","src/features/staff/admin/migration/MigrationPage.tsx"
"migration.col.client","Клиент","Mijoz","Client","src/features/staff/admin/migration/MigrationBatchPage.tsx"
"migration.col.contractPremium","Премия договора","Shartnoma mukofoti","Contract premium","src/features/staff/admin/migration/MigrationBatchPage.tsx"
"migration.col.date","Дата переноса","Koʻchirish sanasi","Transfer date","src/features/staff/admin/migration/MigrationPage.tsx"
"migration.col.decided","Подтвердил","Tasdiqladi","Approved by","src/features/staff/admin/migration/MigrationPage.tsx"
"migration.col.diff","Расхождение","Farq","Difference","src/features/staff/admin/migration/MigrationBatchPage.tsx"
"migration.col.excluded","Исключено (ошибки)","Chiqarilgan (xatolar)","Excluded (errors)","src/features/staff/admin/migration/MigrationBatchPage.tsx"
"migration.col.field","Колонка","Ustun","Column","src/features/staff/admin/migration/MigrationBatchPage.tsx"
"migration.col.file","По файлам","Fayllar boʻyicha","Files","src/features/staff/admin/migration/MigrationBatchPage.tsx"
"migration.col.individual","С индивидуальной премией","Individual mukofot bilan","With an individual premium","src/features/staff/admin/migration/MigrationBatchPage.tsx"
"migration.col.insuredCount","Застрахованных","Sugʻurtalanuvchilar","Insured persons","src/features/staff/admin/migration/MigrationBatchPage.tsx"
"migration.col.insuredSum","Сумма премий застрахованных","Sugʻurtalanuvchilar mukofotlari yigʻindisi","Sum of insured premiums","src/features/staff/admin/migration/MigrationBatchPage.tsx"
"migration.col.kind","Тип","Turi","Type","src/features/staff/admin/migration/MigrationPage.tsx"
"migration.col.level","Уровень","Daraja","Level","src/features/staff/admin/migration/MigrationBatchPage.tsx"
"migration.col.loaded","В системе","Tizimda","In the system","src/features/staff/admin/migration/MigrationBatchPage.tsx"
"migration.col.message","Что не так","Muammo","Problem","src/features/staff/admin/migration/MigrationBatchPage.tsx"
"migration.col.metric","Показатель","Koʻrsatkich","Figure","src/features/staff/admin/migration/MigrationBatchPage.tsx"
"migration.col.newNumber","Новый номер","Yangi raqam","New number","src/features/staff/admin/migration/MigrationBatchPage.tsx"
"migration.col.oldNumber","Старый номер","Eski raqam","Old number","src/features/staff/admin/migration/MigrationBatchPage.tsx"
"migration.col.planned","Будет загружено","Yuklanadi","To be loaded","src/features/staff/admin/migration/MigrationBatchPage.tsx"
"migration.col.record","Запись","Yozuv","Record","src/features/staff/admin/migration/MigrationBatchPage.tsx"
"migration.col.row","Строка","Qator","Row","src/features/staff/admin/migration/MigrationBatchPage.tsx"
"migration.col.rows","Строк","Qatorlar","Rows","src/features/staff/admin/migration/MigrationPage.tsx"
"migration.col.seq","№","№","No.","src/features/staff/admin/migration/MigrationPage.tsx"
"migration.col.what","Что произошло","Nima boʻldi","What happened","src/features/staff/admin/migration/MigrationBatchPage.tsx"
"migration.col.when","Когда","Qachon","When","src/features/staff/admin/migration/MigrationBatchPage.tsx"
"migration.col.who","Кто","Kim","Who","src/features/staff/admin/migration/MigrationBatchPage.tsx"
"migration.confirmStep","Подтвердить шаг","Qadamni tasdiqlash","Confirm step","src/features/staff/admin/migration/MigrationBatchPage.tsx"
"migration.contracts","Перенесённые договоры","Koʻchirilgan shartnomalar","Transferred contracts","src/features/staff/admin/migration/MigrationBatchPage.tsx"
"migration.contractsSearch","Номер договора, старый номер МИГ или клиент","Shartnoma raqami, eski MIG raqami yoki mijoz","Contract number, old MIG number or client","src/features/staff/lifecycle/ContractsPage.tsx"
"migration.create","Создать пакет","Paket yaratish","Create batch","src/features/staff/admin/migration/dialogs.tsx"
"migration.created","Пакет создан","Paket yaratildi","Batch created","src/features/staff/admin/migration/dialogs.tsx"
"migration.discard","Удалить черновик","Qoralamani oʻchirish","Delete draft","src/features/staff/admin/migration/MigrationBatchPage.tsx"
"migration.discardConfirm","Удалить черновик пакета? Загруженные файлы будут удалены.","Paket qoralamasini oʻchirasizmi? Yuklangan fayllar oʻchiriladi.","Delete the draft batch? The uploaded files will be removed.","src/features/staff/admin/migration/MigrationBatchPage.tsx"
"migration.discarded","Черновик удалён","Qoralama oʻchirildi","Draft deleted","src/features/staff/admin/migration/MigrationBatchPage.tsx"
"migration.dryRun","Пробная проверка: в систему ничего не записано","Sinov tekshiruvi: tizimga hech narsa yozilmadi","Dry run: nothing was written to the system","src/features/staff/admin/migration/MigrationBatchPage.tsx"
"migration.excludeErrors","Исключить строки с ошибками ({n}) — они не будут записаны","Xatoli qatorlarni chiqarib tashlash ({n}) — ular yozilmaydi","Exclude rows with errors ({n}) — they will not be written","src/features/staff/admin/migration/MigrationBatchPage.tsx"
"migration.field.ageBands","Ставки по возрастным группам (age_bands)","Yosh guruhlari stavkalari (age_bands)","Age-band rates (age_bands)","src/features/staff/admin/migration/dialogs.tsx"
"migration.field.ageBandsHint","0-17:900000; 18-29:1200000; 30-39:1400000; 40-49:1700000; 50-59:2100000; 60+:2600000","0-17:900000; 18-29:1200000; 30-39:1400000; 40-49:1700000; 50-59:2100000; 60+:2600000","0-17:900000; 18-29:1200000; 30-39:1400000; 40-49:1700000; 50-59:2100000; 60+:2600000","src/features/staff/admin/migration/dialogs.tsx"
"migration.field.assistance","Ассистанс","Assistans","Assistance","src/features/staff/admin/migration/dialogs.tsx"
"migration.field.clientStir","ИНН клиента","Mijoz STIR","Client TIN","src/features/staff/admin/migration/dialogs.tsx"
"migration.field.endDate","Окончание","Tugashi","End","src/features/staff/admin/migration/dialogs.tsx"
"migration.field.oldNumber","Старый номер МИГ","Eski MIG raqami","Old MIG number","src/features/staff/admin/migration/dialogs.tsx"
"migration.field.paymentFrequency","График платежей","Toʻlov jadvali","Payment schedule","src/features/staff/admin/migration/dialogs.tsx"
"migration.field.premium","Премия, сум","Mukofot, soʻm","Premium, UZS","src/features/staff/admin/migration/dialogs.tsx"
"migration.field.premiumEmployee","Премия за сотрудника, сум","Xodim uchun mukofot, soʻm","Premium per employee, UZS","src/features/staff/admin/migration/dialogs.tsx"
"migration.field.premiumFamily","Премия за члена семьи, сум","Oila aʼzosi uchun mukofot, soʻm","Premium per family member, UZS","src/features/staff/admin/migration/dialogs.tsx"
"migration.field.pricingBasis","Премия включаемых в течение срока","Muddat davomida kiritilganlar mukofoti","Premium of persons included during the term","src/features/staff/admin/migration/dialogs.tsx"
"migration.field.program","Программа","Dastur","Plan","src/features/staff/admin/migration/dialogs.tsx"
"migration.field.startDate","Начало","Boshlanishi","Start","src/features/staff/admin/migration/dialogs.tsx"
"migration.frequency.monthly","Ежемесячно","Har oyda","Monthly","src/features/staff/admin/migration/labels.ts"
"migration.frequency.quarterly","Поквартально","Har chorakda","Quarterly","src/features/staff/admin/migration/labels.ts"
"migration.frequency.single","Единовременно","Bir martalik","Single payment","src/features/staff/admin/migration/labels.ts"
"migration.issuesCaption","Ошибки и предупреждения: {step}","Xatolar va ogohlantirishlar: {step}","Errors and warnings: {step}","src/features/staff/admin/migration/MigrationBatchPage.tsx"
"migration.issuesCut","Показаны первые {n}","Dastlabki {n} tasi koʻrsatilgan","First {n} shown","src/features/staff/admin/migration/MigrationBatchPage.tsx"
"migration.kind.csv","Файлы","Fayllar","Files","src/features/staff/admin/migration/labels.ts"
"migration.kind.manual","Вручную","Qoʻlda","Manual","src/features/staff/admin/migration/labels.ts"
"migration.level.error","Ошибка","Xato","Error","src/features/staff/admin/migration/labels.ts"
"migration.level.warning","Предупреждение","Ogohlantirish","Warning","src/features/staff/admin/migration/labels.ts"
"migration.manual","Ввести договор вручную","Shartnomani qoʻlda kiritish","Enter a contract manually","src/features/staff/admin/migration/MigrationPage.tsx"
"migration.manualDesc","Те же поля и проверки, что и у строки файла договоров. Договор станет пакетом из одной строки и будет записан после подтверждения второго администратора.","Shartnomalar fayli qatoridagi kabi maydonlar va tekshiruvlar. Shartnoma bir qatorli paketga aylanadi va ikkinchi administrator tasdiqlagandan keyin yoziladi.","The same fields and checks as a row of the contracts file. The contract becomes a one-row batch and is written after a second administrator approves it.","src/features/staff/admin/migration/dialogs.tsx"
"migration.manualSent","Договор отправлен второму администратору","Shartnoma ikkinchi administratorga yuborildi","Contract sent to a second administrator","src/features/staff/admin/migration/dialogs.tsx"
"migration.manualTitle","Договор вручную","Shartnoma qoʻlda","Contract entered manually","src/features/staff/admin/migration/dialogs.tsx"
"migration.mark","Перенесено из старой системы","Eski tizimdan koʻchirilgan","Transferred from the previous system","src/features/staff/components/MigratedBadge.tsx; src/features/staff/lifecycle/InvoicesPage.tsx"
"migration.markDetail","Перенесено из старой системы {date}, {name}","Eski tizimdan {date} koʻchirilgan, {name}","Transferred from the previous system {date}, {name}","src/features/staff/components/MigratedBadge.tsx; src/features/staff/lifecycle/InvoicesPage.tsx"
"migration.metric.claims","Открытые убытки","Ochiq zararlar","Open claims","src/features/staff/admin/migration/labels.ts"
"migration.metric.clients","Клиенты","Mijozlar","Clients","src/features/staff/admin/migration/labels.ts"
"migration.metric.contracts","Договоры","Shartnomalar","Contracts","src/features/staff/admin/migration/labels.ts"
"migration.metric.insured","Застрахованные","Sugʻurtalanganlar","Insured persons","src/features/staff/admin/migration/labels.ts"
"migration.metric.invoices","Неоплаченные счета","Toʻlanmagan hisoblar","Unpaid invoices","src/features/staff/admin/migration/labels.ts"
"migration.metric.invoicesOutstanding","Задолженность по счетам","Hisoblar boʻyicha qarz","Invoice debt","src/features/staff/admin/migration/labels.ts"
"migration.metric.limitsUsed","Использованные лимиты","Foydalanilgan limitlar","Used limits","src/features/staff/admin/migration/labels.ts"
"migration.metric.premium","Сумма премий","Mukofotlar summasi","Total premium","src/features/staff/admin/migration/labels.ts"
"migration.metric.reserves","Сумма резервов","Zaxiralar summasi","Total reserves","src/features/staff/admin/migration/labels.ts"
"migration.migrationDate","Дата переноса","Koʻchirish sanasi","Transfer date","src/features/staff/admin/migration/dialogs.tsx"
"migration.migrationDateHint","На эту дату в файлах указаны использованные лимиты, резервы и задолженность","Fayllardagi foydalanilgan limitlar, zaxiralar va qarzlar shu sanaga koʻrsatilgan","Used limits, reserves and debts in the files are as of this date","src/features/staff/admin/migration/dialogs.tsx"
"migration.needExclude","Исправьте файл или явно исключите строки с ошибками","Faylni tuzating yoki xatoli qatorlarni aniq chiqarib tashlang","Fix the file or explicitly exclude the rows with errors","src/features/staff/admin/migration/MigrationBatchPage.tsx"
"migration.newBatch","Новый пакет","Yangi paket","New batch","src/features/staff/admin/migration/MigrationPage.tsx; src/features/staff/admin/migration/dialogs.tsx"
"migration.noAssistance","Без ассистанса (МИГ)","Assistanssiz (MIG)","No assistance (MIG)","src/features/staff/admin/migration/dialogs.tsx"
"migration.noIssues","Ошибок и предупреждений нет","Xato va ogohlantirishlar yoʻq","No errors or warnings","src/features/staff/admin/migration/MigrationBatchPage.tsx"
"migration.oldCertificate","Старый сертификат {number}","Eski sertifikat {number}","Old certificate {number}","src/features/staff/components/MigratedBadge.tsx"
"migration.oldNumberChip","Старый № {number}","Eski № {number}","Old No. {number}","src/features/staff/components/MigratedBadge.tsx; src/features/staff/lifecycle/ContractsPage.tsx; src/features/staff/lifecycle/InvoicesPage.tsx"
"migration.pendingOwn","Нужен второй администратор: автор пакета не может его применить","Ikkinchi administrator kerak: paket muallifi uni qoʻllay olmaydi","A second administrator is needed: the author cannot apply the batch","src/features/staff/admin/migration/MigrationBatchPage.tsx"
"migration.pendingTitle","Пакет ждёт подтверждения второго администратора","Paket ikkinchi administrator tasdigʻini kutmoqda","The batch awaits approval by a second administrator","src/features/staff/admin/migration/MigrationBatchPage.tsx"
"migration.premiums","Премии по договорам","Shartnomalar boʻyicha mukofotlar","Premiums by contract","src/features/staff/admin/migration/MigrationBatchPage.tsx"
"migration.premiumsCaption","Сверка премий по договорам","Shartnomalar boʻyicha mukofotlar solishtiruvi","Premium check by contract","src/features/staff/admin/migration/MigrationBatchPage.tsx"
"migration.premiumsHint","Сумма премий застрахованных договора должна совпадать с премией договора (допуск ±1 сум); расхождения выделены","Shartnoma sugʻurtalanuvchilari mukofotlari yigʻindisi shartnoma mukofotiga teng boʻlishi kerak (±1 soʻm); tafovutlar ajratib koʻrsatilgan","The sum of the insured persons’ premiums of a contract must equal the contract premium (±1 UZS); mismatches are highlighted","src/features/staff/admin/migration/MigrationBatchPage.tsx"
"migration.reason","Причина","Sabab","Reason","src/features/staff/admin/migration/dialogs.tsx"
"migration.recon","Сверка","Solishtirish","Reconciliation","src/features/staff/admin/migration/MigrationBatchPage.tsx"
"migration.reconCaption","Сверка итогов","Jamilarni solishtirish","Reconciliation of totals","src/features/staff/admin/migration/MigrationBatchPage.tsx"
"migration.reconHintLoaded","Итоги по файлам и по данным пакета в системе сейчас; расхождения выделены","Fayllar va hozir tizimdagi paket maʼlumotlari boʻyicha jami; farqlar ajratib koʻrsatilgan","Totals of the files and of the batch data in the system now; mismatches are highlighted","src/features/staff/admin/migration/MigrationBatchPage.tsx"
"migration.reconHintPlanned","Итоги по файлам и по строкам, которые будут записаны","Fayllar va yoziladigan qatorlar boʻyicha jami","Totals of the files and of the rows to be written","src/features/staff/admin/migration/MigrationBatchPage.tsx"
"migration.reconMismatch","Расхождение","Farq bor","Mismatch","src/features/staff/admin/migration/MigrationBatchPage.tsx"
"migration.reconOk","Сходится","Mos","Matches","src/features/staff/admin/migration/MigrationBatchPage.tsx"
"migration.reject","Отклонить","Rad etish","Reject","src/features/staff/admin/migration/MigrationBatchPage.tsx"
"migration.rejectTitle","Отклонить пакет","Paketni rad etish","Reject batch","src/features/staff/admin/migration/MigrationBatchPage.tsx"
"migration.rejected","Пакет отклонён","Paket rad etildi","Batch rejected","src/features/staff/admin/migration/MigrationBatchPage.tsx"
"migration.rejectedInfo","Отклонён {at}, {name}: {reason}","{at} rad etildi, {name}: {reason}","Rejected {at}, {name}: {reason}","src/features/staff/admin/migration/MigrationBatchPage.tsx"
"migration.reupload","Загрузить заново","Qayta yuklash","Upload again","src/features/staff/admin/migration/MigrationBatchPage.tsx"
"migration.rollback","Откат пакета","Paketni bekor qilish","Batch rollback","src/features/staff/admin/migration/MigrationBatchPage.tsx"
"migration.rollbackBlocked","Откат невозможен: с перенесёнными данными уже работали","Bekor qilib boʻlmaydi: koʻchirilgan maʼlumotlar bilan allaqachon ishlangan","Rollback is not possible: the transferred data is already in use","src/features/staff/admin/migration/MigrationBatchPage.tsx"
"migration.rollbackBlockedHint","Новые действия после применения: события журнала по перенесённым записям (убытки, изменения, платежи, правки), новые записи на перенесённых клиентах, договорах и застрахованных, согласие застрахованного в приложении.","Qoʻllangandan keyingi yangi harakatlar: koʻchirilgan yozuvlar boʻyicha audit jurnali hodisalari (zararlar, oʻzgarishlar, toʻlovlar, tahrirlar), koʻchirilgan mijozlar, shartnomalar va sugʻurtalanganlardagi yangi yozuvlar, sugʻurtalanganning ilovadagi roziligi.","New actions after the batch was applied: audit events on transferred records (claims, changes, payments, edits), new records on transferred clients, contracts and insured persons, consent of an insured person in the app.","src/features/staff/admin/migration/MigrationBatchPage.tsx"
"migration.rollbackDesc","Все клиенты, договоры, полисы, застрахованные, лимиты, убытки и счета пакета будут удалены.","Paketdagi barcha mijozlar, shartnomalar, polislar, sugʻurtalanganlar, limitlar, zararlar va hisoblar oʻchiriladi.","All clients, contracts, policies, insured persons, limits, claims and invoices of the batch will be deleted.","src/features/staff/admin/migration/MigrationBatchPage.tsx"
"migration.rollbackDo","Откатить пакет","Paketni bekor qilish","Roll back batch","src/features/staff/admin/migration/MigrationBatchPage.tsx"
"migration.rollbackHint","Пакет можно откатить целиком, пока с перенесёнными данными ничего не делали.","Koʻchirilgan maʼlumotlar bilan hech narsa qilinmagan ekan, paketni toʻliq bekor qilish mumkin.","The batch can be rolled back as a whole while nobody has worked with the transferred data.","src/features/staff/admin/migration/MigrationBatchPage.tsx"
"migration.rollbackTitle","Откатить пакет целиком","Paketni toʻliq bekor qilish","Roll back the whole batch","src/features/staff/admin/migration/MigrationBatchPage.tsx"
"migration.rolledBack","Пакет откачен","Paket bekor qilindi","Batch rolled back","src/features/staff/admin/migration/MigrationBatchPage.tsx"
"migration.rolledBackInfo","Откачен {at}, {name}: {reason}","{at} bekor qilindi, {name}: {reason}","Rolled back {at}, {name}: {reason}","src/features/staff/admin/migration/MigrationBatchPage.tsx"
"migration.scan","Скан подписанного договора","Imzolangan shartnoma skani","Scan of the signed contract","src/features/staff/admin/migration/MigratedScanCard.tsx"
"migration.scanAttach","Приложить скан","Skan biriktirish","Attach scan","src/features/staff/admin/migration/MigratedScanCard.tsx"
"migration.scanAttached","Скан приложен","Skan biriktirildi","Scan attached","src/features/staff/admin/migration/MigratedScanCard.tsx; src/mocks/handlers/migration.ts"
"migration.scanHint","PDF, JPEG или PNG до 20 МБ","20 MB gacha PDF, JPEG yoki PNG","PDF, JPEG or PNG up to 20 MB","src/features/staff/admin/migration/MigratedScanCard.tsx"
"migration.scanInfo","Приложен {at}, {name}","{at} biriktirildi, {name}","Attached {at}, {name}","src/features/staff/admin/migration/MigratedScanCard.tsx"
"migration.scanNone","Скан ещё не приложен","Skan hali biriktirilmagan","No scan attached yet","src/features/staff/admin/migration/MigratedScanCard.tsx"
"migration.scanReplace","Заменить скан","Skanni almashtirish","Replace scan","src/features/staff/admin/migration/MigratedScanCard.tsx"
"migration.skip","Пропустить шаг","Qadamni oʻtkazib yuborish","Skip step","src/features/staff/admin/migration/MigrationBatchPage.tsx"
"migration.status.applied","Применён","Qoʻllandi","Applied","src/features/staff/admin/migration/labels.ts"
"migration.status.discarded","Удалён","Oʻchirildi","Deleted","src/features/staff/admin/migration/labels.ts"
"migration.status.draft","Черновик","Qoralama","Draft","src/features/staff/admin/migration/labels.ts"
"migration.status.pending_approval","Ждёт подтверждения","Tasdiqlash kutilmoqda","Awaiting approval","src/features/staff/admin/migration/labels.ts"
"migration.status.rejected","Отклонён","Rad etildi","Rejected","src/features/staff/admin/migration/labels.ts"
"migration.status.rolled_back","Откачен","Bekor qilindi","Rolled back","src/features/staff/admin/migration/labels.ts"
"migration.step.claims","Открытые убытки","Ochiq zararlar","Open claims","src/features/staff/admin/migration/labels.ts"
"migration.step.clients","Клиенты","Mijozlar","Clients","src/features/staff/admin/migration/labels.ts"
"migration.step.contracts","Договоры","Shartnomalar","Contracts","src/features/staff/admin/migration/labels.ts"
"migration.step.insured","Застрахованные","Sugʻurtalanganlar","Insured persons","src/features/staff/admin/migration/labels.ts"
"migration.step.invoices","Неоплаченные счета","Toʻlanmagan hisoblar","Unpaid invoices","src/features/staff/admin/migration/labels.ts"
"migration.step.limits","Использованные лимиты","Foydalanilgan limitlar","Used limits","src/features/staff/admin/migration/labels.ts"
"migration.stepConfirmed","Шаг подтверждён","Qadam tasdiqlandi","Step confirmed","src/features/staff/admin/migration/MigrationBatchPage.tsx"
"migration.stepHint.claims","Только открытые убытки (new, review, medical_review) с резервами.","Faqat zaxirali ochiq zararlar (new, review, medical_review).","Open claims only (new, review, medical_review) with reserves.","src/features/staff/admin/migration/labels.ts"
"migration.stepHint.clients","Название латиницей без правовой формы, код правовой формы, ИНН, реквизиты, руководитель и контакт HR.","Shaklsiz lotincha nom, tashkiliy-huquqiy shakl kodi, STIR, rekvizitlar, rahbar va HR aloqasi.","Latin name without the legal form, legal form code, TIN, bank details, director and HR contact.","src/features/staff/admin/migration/labels.ts"
"migration.stepHint.contracts","Старый номер МИГ, ИНН клиента, срок, программа, общая премия договора (premium), премии за сотрудника и за члена семьи (premium_employee, premium_family — можно не указывать, если у каждого застрахованного договора своя премия), график платежей, ассистанс, pricing_basis — как считается премия включаемых в течение срока (flat_by_type — по типу, по умолчанию; age_banded — по возрастной группе, тогда age_bands — таблица ставок «0-17:900000; 18-29:1200000; …; 60+:2900000»). Договоры создаются сразу действующими, номер выдаётся по шаблону нумерации.","Eski MIG raqami, mijoz STIR, muddat, dastur, shartnomaning umumiy mukofoti (premium), xodim va oila aʼzosi uchun mukofot (premium_employee, premium_family — har bir sugʻurtalanuvchining oʻz mukofoti boʻlsa, koʻrsatilmasligi mumkin), toʻlov jadvali, assistans, pricing_basis — muddat davomida kiritilganlar mukofoti qanday hisoblanadi (flat_by_type — turi boʻyicha, sukut boʻyicha; age_banded — yosh guruhi boʻyicha, unda age_bands — stavkalar jadvali «0-17:900000; 18-29:1200000; …; 60+:2900000»). Shartnomalar darhol amalda boʻladi, raqam raqamlash shabloni boʻyicha beriladi.","Old MIG number, client TIN, term, plan, total contract premium (premium), premiums per employee and per family member (premium_employee, premium_family — may be left empty when every insured person of the contract has an individual premium), payment schedule, assistance, pricing_basis — how the premium of persons included during the term is set (flat_by_type — by type, the default; age_banded — by age band, then age_bands is the rate table «0-17:900000; 18-29:1200000; …; 60+:2900000»). Contracts are created in force; the number is issued by the numbering template.","src/features/staff/admin/migration/labels.ts"
"migration.stepHint.insured","Строка на каждого застрахованного: ФИО латиницей, дата рождения, ПИНФЛ, телефон для входа в приложение (у ребёнка можно не указывать), старый номер сертификата, дата включения, старый номер договора, relation (employee — сотрудник, spouse, child, parent, other — член семьи), principal_pinfl — ПИНФЛ сотрудника для члена семьи, и индивидуальная премия (premium). Премия строки: индивидуальная, иначе по договору — premium_employee для сотрудника или premium_family для члена семьи.","Har bir sugʻurtalangan uchun alohida qator: lotin harflarida F.I.Sh., tugʻilgan sana, JShShIR, ilovaga kirish uchun telefon (bola uchun koʻrsatmasa ham boʻladi), sertifikatning eski raqami, kiritilgan sana, shartnomaning eski raqami, relation (employee — xodim, spouse, child, parent, other — oila aʼzosi), principal_pinfl — oila aʼzosi uchun xodimning JShShIRi va individual mukofot (premium). Qator mukofoti: individual, aks holda shartnoma boʻyicha — xodim uchun premium_employee yoki oila aʼzosi uchun premium_family.","A row per insured person: full name in Latin script, date of birth, PINFL, phone to sign in to the app (optional for a child), old certificate number, inclusion date, old contract number, relation (employee, or spouse, child, parent, other for a family member), principal_pinfl — the employee's PINFL for a family member, and the individual premium (premium). The row's premium: individual, else by the contract — premium_employee for an employee or premium_family for a family member.","src/features/staff/admin/migration/labels.ts"
"migration.stepHint.invoices","Неоплаченные и частично оплаченные счета по перенесённым договорам.","Koʻchirilgan shartnomalar boʻyicha toʻlanmagan va qisman toʻlangan hisoblar.","Unpaid and partly paid invoices of transferred contracts.","src/features/staff/admin/migration/labels.ts"
"migration.stepHint.limits","Использовано по категориям на дату переноса: ПИНФЛ или старый номер сертификата, категория, сумма.","Koʻchirish sanasiga toifalar boʻyicha foydalanilgan: JShShIR yoki eski sertifikat raqami, toifa, summa.","Used by category on the transfer date: PINFL or old certificate number, category, amount.","src/features/staff/admin/migration/labels.ts"
"migration.stepStatus.confirmed","Подтверждён","Tasdiqlandi","Confirmed","src/features/staff/admin/migration/labels.ts"
"migration.stepStatus.empty","Нет файла","Fayl yoʻq","No file","src/features/staff/admin/migration/labels.ts"
"migration.stepStatus.skipped","Пропущен","Oʻtkazib yuborildi","Skipped","src/features/staff/admin/migration/labels.ts"
"migration.stepStatus.validated","Проверен","Tekshirildi","Checked","src/features/staff/admin/migration/labels.ts"
"migration.stepTitle","{n}. {step}","{n}. {step}","{n}. {step}","src/features/staff/admin/migration/MigrationBatchPage.tsx"
"migration.submit","Отправить на подтверждение","Tasdiqlashga yuborish","Send for approval","src/features/staff/admin/migration/MigrationBatchPage.tsx; src/features/staff/admin/migration/dialogs.tsx"
"migration.submitHint","Пакет применит второй администратор. До этого данные в систему не записываются.","Paketni ikkinchi administrator qoʻllaydi. Ungacha tizimga hech narsa yozilmaydi.","A second administrator applies the batch. Until then nothing is written to the system.","src/features/staff/admin/migration/MigrationBatchPage.tsx"
"migration.submitted","Пакет отправлен второму администратору","Paket ikkinchi administratorga yuborildi","Batch sent to a second administrator","src/features/staff/admin/migration/MigrationBatchPage.tsx"
"migration.subtitle","Клиенты, действующие договоры, застрахованные, использованные лимиты, открытые убытки и неоплаченные счета из старой системы МИГ","MIG eski tizimidagi mijozlar, amaldagi shartnomalar, sugʻurtalangan shaxslar, foydalanilgan limitlar, ochiq zararlar va toʻlanmagan hisoblar","Clients, contracts in force, insured persons, used limits, open claims and unpaid invoices from the previous MIG system","src/features/staff/admin/migration/MigrationPage.tsx"
"migration.summary","Строк {total} · без ошибок {valid} · с ошибками {errors} · с предупреждениями {warnings}","Qatorlar {total} · xatosiz {valid} · xatoli {errors} · ogohlantirishli {warnings}","Rows {total} · without errors {valid} · with errors {errors} · with warnings {warnings}","src/features/staff/admin/migration/MigrationBatchPage.tsx"
"migration.templateDownloaded","Шаблон скачан","Shablon yuklab olindi","Template downloaded","src/features/staff/admin/migration/MigrationBatchPage.tsx; src/features/staff/admin/migration/MigrationPage.tsx"
"migration.templateFor","Шаблон: {step}","Shablon: {step}","Template: {step}","src/features/staff/admin/migration/MigrationBatchPage.tsx; src/features/staff/admin/migration/MigrationPage.tsx"
"migration.templates","Шаблоны файлов","Fayl shablonlari","File templates","src/features/staff/admin/migration/MigrationPage.tsx"
"migration.templatesHint","CSV в UTF-8 с заголовком. Порядок загрузки: клиенты → договоры → застрахованные → лимиты → убытки → счета; строки ссылаются на строки предыдущих файлов пакета или на записи, уже перенесённые в систему.","Sarlavhali UTF-8 CSV. Yuklash tartibi: mijozlar → shartnomalar → sugʻurtalanganlar → limitlar → zararlar → hisoblar; qatorlar paketning oldingi fayllaridagi qatorlarga yoki tizimga allaqachon koʻchirilgan yozuvlarga havola qiladi.","UTF-8 CSV with a header. Load order: clients → contracts → insured → limits → claims → invoices; rows refer to rows of the earlier files of the batch or to records already transferred to the system.","src/features/staff/admin/migration/MigrationPage.tsx"
"migration.title","Перенос действующего портфеля","Amaldagi portfelni koʻchirish","Transfer of the existing portfolio","src/features/staff/admin/migration/MigrationBatchPage.tsx; src/features/staff/admin/migration/MigrationPage.tsx"
"migration.upload","Загрузить CSV","CSV yuklash","Upload CSV","src/features/staff/admin/migration/MigrationBatchPage.tsx"
"migration.uploadAria","Файл: {step}","Fayl: {step}","File: {step}","src/features/staff/admin/migration/MigrationBatchPage.tsx"
"migration.v.ageBandsFormat","Таблица ставок: «0-17:900000; 18-29:1200000; …; 60+:2900000»","Stavkalar jadvali: «0-17:900000; 18-29:1200000; …; 60+:2900000»","Rate table: «0-17:900000; 18-29:1200000; …; 60+:2900000»","src/shared/schemas/migration.ts"
"migration.v.assistanceNotFound","Ассистанс с таким названием не найден","Bunday nomli assistans topilmadi","No assistance company with this name","src/shared/domain/migration.ts"
"migration.v.certificateExists","Сертификат с этим старым номером уже перенесён","Bu eski raqamli sertifikat allaqachon koʻchirilgan","A certificate with this old number has already been transferred","src/shared/domain/migration.ts"
"migration.v.claimCategory","Категория: medicines, doctor_visit, diagnostics, dental или inpatient","Toifa: medicines, doctor_visit, diagnostics, dental yoki inpatient","Category: medicines, doctor_visit, diagnostics, dental or inpatient","src/shared/schemas/migration.ts"
"migration.v.claimExists","Убыток с этим старым номером уже перенесён","Bu eski raqamli zarar allaqachon koʻchirilgan","A claim with this old number has already been transferred","src/shared/domain/migration.ts"
"migration.v.clientExists","Клиент с этим ИНН уже есть в системе: договор может сослаться на него без строки в файле клиентов","Bu STIR bilan mijoz tizimda allaqachon bor: shartnoma mijozlar faylidagi qatorsiz unga havola qilishi mumkin","A client with this TIN is already in the system: a contract can refer to it without a row in the clients file","src/shared/domain/migration.ts"
"migration.v.clientHasPolicy","У клиента уже есть действующий полис в новой системе","Mijozning yangi tizimda amaldagi polisi bor","The client already has a policy in force in the new system","src/shared/domain/migration.ts"
"migration.v.clientNotFound","Клиент с этим ИНН не найден ни в файле клиентов, ни в системе","Bu STIR bilan mijoz na mijozlar faylida, na tizimda topilmadi","No client with this TIN in the clients file or in the system","src/shared/domain/migration.ts"
"migration.v.contractExists","Договор с этим старым номером уже перенесён","Bu eski raqamli shartnoma allaqachon koʻchirilgan","A contract with this old number has already been transferred","src/shared/domain/migration.ts"
"migration.v.contractExpired","Договор закончился до даты переноса","Shartnoma koʻchirish sanasidan oldin tugagan","The contract ended before the transfer date","src/shared/domain/migration.ts"
"migration.v.contractNotFound","Договор с этим старым номером не найден ни в файле договоров, ни среди перенесённых","Bu eski raqamli shartnoma na shartnomalar faylida, na koʻchirilganlar orasida topilmadi","No contract with this old number in the contracts file or among transferred ones","src/shared/domain/migration.ts"
"migration.v.count","Целое число от {min} до {max}","{min} dan {max} gacha butun son","Whole number from {min} to {max}",""
"migration.v.dueBeforeIssued","Срок оплаты раньше даты счёта","Toʻlov muddati hisob sanasidan oldin","Due date is before the invoice date","src/shared/schemas/migration.ts"
"migration.v.emptyFile","В файле нет строк","Faylda qatorlar yoʻq","The file has no rows","src/shared/domain/migration.ts"
"migration.v.fileTooLarge","Файл больше 900 КБ: разделите его на части","Fayl 900 KB dan katta: uni qismlarga boʻling","The file is over 900 KB: split it into parts","src/shared/schemas/migration.ts"
"migration.v.frequency","График: single, quarterly или monthly","Jadval: single, quarterly yoki monthly","Schedule: single, quarterly or monthly","src/shared/schemas/migration.ts"
"migration.v.includedAfterMigration","Дата включения позже даты переноса","Kiritilgan sana koʻchirish sanasidan keyin","Inclusion date is after the transfer date","src/shared/domain/migration.ts"
"migration.v.insuredMismatch","ПИНФЛ и старый сертификат указывают на разных людей","JShShIR va eski sertifikat turli odamlarga ishora qiladi","The PINFL and the old certificate point to different people","src/shared/domain/migration.ts"
"migration.v.insuredNotFound","Застрахованный не найден ни в файле застрахованных, ни в системе","Sugʻurtalangan na sugʻurtalanganlar faylida, na tizimda topilmadi","Insured person not found in the insured file or in the system","src/shared/domain/migration.ts"
"migration.v.insuredRefRequired","Укажите ПИНФЛ или старый номер сертификата","JShShIR yoki eski sertifikat raqamini koʻrsating","Give the PINFL or the old certificate number","src/shared/schemas/migration.ts"
"migration.v.invoiceExists","Счёт с этим старым номером уже перенесён","Bu eski raqamli hisob allaqachon koʻchirilgan","An invoice with this old number has already been transferred","src/shared/domain/migration.ts"
"migration.v.invoicePaid","Счёт оплачен полностью — не переносится","Hisob toʻliq toʻlangan — koʻchirilmaydi","The invoice is fully paid — not transferred","src/shared/schemas/migration.ts"
"migration.v.latin","Название латиницей, без кириллицы","Nom lotin yozuvida, kirillsiz","Name in Latin script, no Cyrillic","src/shared/schemas/migration.ts"
"migration.v.latinPerson","ФИО латиницей: фамилия, имя, отчество","Lotincha F.I.Sh.: familiya, ism, otasining ismi","Full name in Latin: surname, given name, patronymic","src/shared/schemas/migration.ts"
"migration.v.legalForm","Неизвестный код правовой формы","Nomaʼlum tashkiliy-huquqiy shakl kodi","Unknown legal form code","src/shared/schemas/migration.ts"
"migration.v.limitCategory","Категория: outpatient, dental, medicines или inpatient","Toifa: outpatient, dental, medicines yoki inpatient","Category: outpatient, dental, medicines or inpatient","src/shared/schemas/migration.ts"
"migration.v.limitExhausted","Лимит категории исчерпан полностью","Toifa limiti toʻliq tugagan","The category limit is used up completely","src/shared/domain/migration.ts"
"migration.v.limitExists","Лимит этой категории уже перенесён","Bu toifa limiti allaqachon koʻchirilgan","The limit of this category has already been transferred","src/shared/domain/migration.ts"
"migration.v.migrationDate","Дата переноса не может быть в будущем","Koʻchirish sanasi kelajakda boʻlishi mumkin emas","The transfer date cannot be in the future","src/shared/schemas/migration.ts"
"migration.v.missingColumns","В файле нет колонок: {columns}","Faylda ustunlar yoʻq: {columns}","Missing columns: {columns}","src/shared/domain/migration.ts"
"migration.v.money","Сумма целым числом в сумах, без знака","Summa soʻmda butun son, belgisiz","Whole amount in UZS, no sign","src/shared/schemas/migration.ts"
"migration.v.nameHasForm","Похоже, в названии есть правовая форма: её указывают кодом в колонке legalForm","Nomda tashkiliy-huquqiy shakl borga oʻxshaydi: u legalForm ustunida kod bilan koʻrsatiladi","The name seems to contain the legal form: give it as a code in the legalForm column","src/shared/domain/migration.ts"
"migration.v.noPhone","Без телефона застрахованный не сможет войти в приложение","Telefonsiz sugʻurtalangan ilovaga kira olmaydi","Without a phone the insured person cannot sign in to the app","src/shared/domain/migration.ts"
"migration.v.noPremium","Нет премии: укажите premium в строке или в договоре premium_employee для сотрудника и premium_family для члена семьи","Mukofot yoʻq: qatorda premium yoki shartnomada xodim uchun premium_employee va oila aʼzosi uchun premium_family koʻrsating","No premium: fill premium in the row, or premium_employee for an employee and premium_family for a family member in the contract","src/shared/domain/migration.ts"
"migration.v.oldNumber","Номер: латинские буквы, цифры, «/», «.», «_», «-»","Raqam: lotin harflari, raqamlar, «/», «.», «_», «-»","Number: Latin letters, digits, “/”, “.”, “_”, “-”","src/shared/schemas/migration.ts"
"migration.v.openStatus","Переносятся только открытые убытки: new, review, medical_review","Faqat ochiq zararlar koʻchiriladi: new, review, medical_review","Only open claims are transferred: new, review, medical_review","src/shared/schemas/migration.ts"
"migration.v.outsideTerm","Дата включения вне срока договора","Kiritilgan sana shartnoma muddatidan tashqarida","Inclusion date is outside the contract term","src/shared/domain/migration.ts"
"migration.v.overLimit","Больше лимита программы ({limit})","Dastur limitidan koʻp ({limit})","Above the plan limit ({limit})","src/shared/domain/migration.ts"
"migration.v.overdue","Счёт уже просрочен","Hisob muddati allaqachon oʻtgan","The invoice is already overdue","src/shared/domain/migration.ts"
"migration.v.phoneTaken","Этот телефон уже у другого застрахованного: вход в приложение по нему невозможен","Bu telefon boshqa sugʻurtalanganga tegishli: u bilan ilovaga kirib boʻlmaydi","This phone belongs to another insured person: app sign-in with it is impossible","src/shared/domain/migration.ts"
"migration.v.pinflBirthDate","ПИНФЛ не соответствует дате рождения","JShShIR tugʻilgan sanaga mos emas","The PINFL does not match the birth date","src/shared/domain/migration.ts"
"migration.v.pinflInsured","Человек с этим ПИНФЛ уже застрахован в новой системе","Bu JShShIR egasi yangi tizimda allaqachon sugʻurtalangan","A person with this PINFL is already insured in the new system","src/shared/domain/migration.ts"
"migration.v.premiumMismatch","Договор {contract}: сумма премий застрахованных {sum} не равна премии договора {total}","Shartnoma {contract}: sugʻurtalanuvchilar mukofotlari yigʻindisi {sum} shartnoma mukofotiga {total} teng emas","Contract {contract}: the insured premiums sum to {sum}, not the contract premium {total}","src/shared/domain/migration.ts"
"migration.v.pricingBasis","Основа расчёта: flat_by_type или age_banded","Hisoblash asosi: flat_by_type yoki age_banded","Pricing basis: flat_by_type or age_banded","src/shared/schemas/migration.ts"
"migration.v.principalNotFound","Сотрудник с этим ПИНФЛ не найден ни в файле, ни среди застрахованных","Bu JShShIR bilan xodim na faylda, na sugʻurtalanganlar orasida topilmadi","No employee with this PINFL in the file or among the insured persons","src/shared/domain/migration.ts"
"migration.v.principalOtherContract","Сотрудник застрахован по другому договору: член семьи переносится по договору сотрудника","Xodim boshqa shartnoma boʻyicha sugʻurtalangan: oila aʼzosi xodimning shartnomasi boʻyicha koʻchiriladi","The employee is insured under another contract: a family member is transferred under the employee's contract","src/shared/domain/migration.ts"
"migration.v.program","Программа: basic, standard, standard_plus или premium","Dastur: basic, standard, standard_plus yoki premium","Plan: basic, standard, standard_plus or premium","src/shared/schemas/migration.ts"
"migration.v.repeatedInFile","Повтор: то же значение в строке {row}","Takror: xuddi shu qiymat {row}-qatorda","Repeated: the same value in row {row}","src/shared/domain/migration.ts"
"migration.v.reserveOverClaimed","Резерв больше заявленной суммы","Zaxira daʼvo qilingan summadan koʻp","Reserve is above the claimed amount","src/shared/domain/migration.ts"
"migration.v.serviceAfterMigration","Дата услуги позже даты переноса","Xizmat sanasi koʻchirish sanasidan keyin","Service date is after the transfer date","src/shared/domain/migration.ts"
"migration.v.serviceBeforeCover","Услуга раньше начала договора","Xizmat shartnoma boshlanishidan oldin","Service before the contract start","src/shared/domain/migration.ts"
"migration.v.startsAfterMigration","Договор начинается после даты переноса","Shartnoma koʻchirish sanasidan keyin boshlanadi","The contract starts after the transfer date","src/shared/domain/migration.ts"
"migration.v.tooManyRows","Не больше {max} строк в файле","Faylda {max} tadan koʻp qator boʻlmasin","At most {max} rows per file","src/shared/domain/migration.ts"
"migration.validatedToast","Файл проверен, в систему ничего не записано","Fayl tekshirildi, tizimga hech narsa yozilmadi","File checked, nothing was written to the system","src/features/staff/admin/migration/MigrationBatchPage.tsx"
"migration.waitEarlier","Сначала подтвердите предыдущие шаги","Avval oldingi qadamlarni tasdiqlang","Confirm the earlier steps first","src/features/staff/admin/migration/MigrationBatchPage.tsx"
"migration.withdraw","Отозвать","Qaytarib olish","Withdraw","src/features/staff/admin/migration/MigrationBatchPage.tsx"
"next.action.census_upload","Загрузить данные для оценки","Baholash uchun maʼlumotlarni yuklash","Upload the assessment data","src/features/staff/pages/ClientCardPage.tsx"
"next.action.contract_draft","Подготовить договор","Shartnomani tayyorlash","Prepare the contract","src/features/next/NextActions.tsx"
"next.action.contract_requisites","Заполнить в договоре","Shartnomada toʻldirish","Fill in the contract","src/features/next/NextActions.tsx"
"next.action.insured_list","Загрузить список застрахованных (приложение 2)","Sugʻurtalanganlar roʻyxatini yuklash (2-ilova)","Upload the list of insured persons (appendix 2)","src/features/staff/pages/ClientCardPage.tsx"
"next.action.invoice_pay","Открыть счета","Hisoblarni ochish","Open the invoices","src/features/next/NextActions.tsx"
"next.action.kp_respond","Открыть КП","TTni ochish","Open the commercial proposal","src/features/next/NextActions.tsx"
"next.action.kp_send","Отправить КП","TTni yuborish","Send the commercial proposal","src/features/next/NextActions.tsx"
"next.action.legal_review","Открыть договор","Shartnomani ochish","Open the contract","src/features/next/NextActions.tsx"
"next.action.openContract","Открыть договор","Shartnomani ochish","Open the contract","src/features/staff/pages/ClientCardPage.tsx"
"next.action.openDeal","Открыть сделку","Bitimni ochish","Open the deal","src/features/staff/pages/ClientCardPage.tsx"
"next.action.openDeals","Открыть сделки","Bitimlarni ochish","Open the deals","src/features/staff/pages/ClientCardPage.tsx"
"next.action.openInvoice","Открыть счёт {number}","{number} hisobini ochish","Open invoice {number}","src/features/staff/pages/ClientCardPage.tsx"
"next.action.other","Открыть","Ochish","Open","src/features/next/NextActions.tsx"
"next.action.quote_approve","Открыть котировку","Kotirovkani ochish","Open the quote","src/features/next/NextActions.tsx"
"next.action.quote_calculate","Рассчитать котировку","Kotirovkani hisoblash","Calculate the quote","src/features/next/NextActions.tsx"
"next.action.sign_client","Открыть договор","Shartnomani ochish","Open the contract","src/features/next/NextActions.tsx"
"next.action.sign_mig","Подписать","Imzolash","Sign","src/features/next/NextActions.tsx"
"next.annex2.focus","Выберите файл приложения 2","2-ilova faylini tanlang","Choose the appendix 2 file","src/features/next/HrTasks.tsx"
"next.annex2.next","Список загружает {role} или присылает HR клиента — файл CSV по шаблону.","Roʻyxatni {role} yuklaydi yoki mijoz HR xodimi yuboradi — shablon boʻyicha CSV fayl.","The list is uploaded by the {role} or sent by the client’s HR — a CSV file from the template.","src/features/staff/lifecycle/ContractPage.tsx"
"next.annex2.title","Приложение 2 не загружено","2-ilova yuklanmagan","Appendix 2 is not uploaded","src/features/staff/lifecycle/ContractPage.tsx"
"next.annex2.why","Без списка застрахованных договор нельзя отправить на согласование и подписание.","Sugʻurtalanganlar roʻyxatisiz shartnomani kelishuv va imzolashga yuborib boʻlmaydi.","Without the list of insured persons the contract cannot be sent for approval and signing.","src/features/staff/lifecycle/ContractPage.tsx"
"next.ask.accountant","Попросить бухгалтера","Buxgalterdan soʻrash","Ask the accountant","src/features/next/NextActions.tsx"
"next.ask.admin","Попросить администратора","Administratordan soʻrash","Ask the administrator","src/features/next/NextActions.tsx"
"next.ask.claims_officer","Попросить урегулировщика","Zararlar mutaxassisidan soʻrash","Ask the claims officer","src/features/next/NextActions.tsx"
"next.ask.comment","Комментарий","Izoh","Comment","src/features/next/NextActions.tsx"
"next.ask.commentHint","Что именно нужно и к какому сроку. Без персональных данных.","Aynan nima kerak va qaysi muddatgacha. Shaxsiy maʼlumotlarsiz.","What exactly is needed and by when. No personal data.","src/features/next/NextActions.tsx"
"next.ask.doctor_expert","Попросить врача-эксперта","Ekspert shifokordan soʻrash","Ask the medical expert","src/features/next/NextActions.tsx"
"next.ask.legal","Попросить юриста","Yuristdan soʻrash","Ask the lawyer","src/features/next/NextActions.tsx"
"next.ask.operator","Попросить куратора","Kuratordan soʻrash","Ask the coordinator","src/features/next/NextActions.tsx"
"next.ask.sales_manager","Попросить менеджера","Menejerdan soʻrash","Ask the manager","src/features/next/NextActions.tsx"
"next.ask.send","Отправить задачу","Vazifani yuborish","Send the task","src/features/next/NextActions.tsx"
"next.ask.sent","Задача поставлена. Вы получите уведомление, когда её выполнят.","Vazifa qoʻyildi. U bajarilganda bildirishnoma olasiz.","The task is set. You will be notified when it is done.","src/features/next/NextActions.tsx"
"next.ask.underwriter","Попросить андеррайтера","Anderrayterdan soʻrash","Ask the underwriter","src/features/next/NextActions.tsx"
"next.ask.what","Задача: {title}","Vazifa: {title}","Task: {title}","src/features/next/NextActions.tsx"
"next.bell.empty","Уведомлений нет","Bildirishnomalar yoʻq","No notifications","src/features/next/NotificationsBell.tsx"
"next.bell.label","Уведомления","Bildirishnomalar","Notifications","src/features/next/NotificationsBell.tsx"
"next.bell.readAll","Отметить прочитанными","Oʻqilgan deb belgilash","Mark as read",""
"next.bell.unread","Непрочитанных: {n}","Oʻqilmagan: {n}","Unread: {n}","src/features/next/NotificationsBell.tsx"
"next.census.focus","Выберите файл с данными для оценки","Baholash maʼlumotlari faylini tanlang","Choose the file with the assessment data",""
"next.census.next","Файл CSV по шаблону загружает {role}. ФИО и ПИНФЛ на этом этапе не нужны — такие столбцы отбрасываются.","Shablon boʻyicha CSV faylni {role} yuklaydi. Bu bosqichda F.I.Sh. va JShShIR kerak emas — bunday ustunlar tashlab yuboriladi.","A CSV file from the template is uploaded by the {role}. Names and PINFL are not needed at this stage — such columns are dropped.","src/features/staff/lifecycle/CensusPage.tsx"
"next.census.title","Данные для оценки ещё не загружены","Baholash uchun maʼlumotlar hali yuklanmagan","The assessment data is not uploaded yet","src/features/staff/lifecycle/CensusPage.tsx"
"next.census.why","Котировку считают по обезличенным данным: дата рождения, пол, сотрудник или член семьи. Без них расчёт недоступен.","Kotirovka shaxsiylashtirilmagan maʼlumotlar boʻyicha hisoblanadi: tugʻilgan sana, jins, xodim yoki oila aʼzosi. Ularsiz hisob mavjud emas.","A quote is calculated from anonymised data: date of birth, gender, employee or family member. Without it the calculation is unavailable.","src/features/staff/lifecycle/CensusPage.tsx"
"next.check.annex2","Приложение 2 — список застрахованных","2-ilova — sugʻurtalanganlar roʻyxati","Appendix 2 — list of insured persons","src/shared/domain/nextStep.ts"
"next.check.census","Данные для оценки","Baholash uchun maʼlumotlar","Assessment data","src/shared/domain/nextStep.ts"
"next.check.contractDraft","Проект договора","Shartnoma loyihasi","Draft contract","src/shared/domain/nextStep.ts"
"next.check.financeApproval","Утверждение андеррайтера","Anderrayter tasdigʻi","Underwriter approval","src/shared/domain/nextStep.ts"
"next.check.kpAnswer","Ответ клиента на КП","Mijozning TTga javobi","Client’s reply to the commercial proposal","src/shared/domain/nextStep.ts"
"next.check.legal","Согласование юриста","Yurist kelishuvi","Lawyer approval","src/shared/domain/nextStep.ts"
"next.check.payment","Оплата первого взноса","Birinchi badal toʻlovi","Payment of the first installment","src/shared/domain/nextStep.ts"
"next.check.quoteApproved","Утверждение котировки","Kotirovka tasdigʻi","Quote approval","src/shared/domain/nextStep.ts"
"next.check.quoteCalculated","Расчёт котировки","Kotirovka hisobi","Quote calculation","src/shared/domain/nextStep.ts"
"next.check.requisites","Реквизиты клиента (STIR, основание полномочий)","Mijoz rekvizitlari (STIR, vakolat asosi)","Client details (TIN, basis of authority)","src/shared/domain/nextStep.ts"
"next.check.signClient","Подпись клиента","Mijoz imzosi","Client signature","src/shared/domain/nextStep.ts"
"next.check.signMig","Подпись МИГ","MIG imzosi","MIG signature","src/shared/domain/nextStep.ts"
"next.check.signatories","Подписанты обеих сторон","Ikki tomonning imzolovchilari","Signatories of both parties","src/shared/domain/nextStep.ts"
"next.checklist.caption","Пункты этапа «{stage}»","«{stage}» bosqichi bandlari","Items of the “{stage}” stage","src/features/next/DealChecklist.tsx"
"next.checklist.done","Готово","Tayyor","Done","src/features/next/DealChecklist.tsx"
"next.checklist.missing","Не хватает: {items}","Yetishmaydi: {items}","Missing: {items}","src/features/next/DealChecklist.tsx"
"next.checklist.notDone","Не готово","Tayyor emas","Not done","src/features/next/DealChecklist.tsx"
"next.checklist.nothing","На этом этапе ничего не требуется.","Bu bosqichda hech narsa talab qilinmaydi.","Nothing is required at this stage.","src/features/next/DealChecklist.tsx"
"next.checklist.optional","Не требуется","Talab qilinmaydi","Not needed","src/features/next/DealChecklist.tsx"
"next.checklist.title","Что нужно для следующего этапа","Keyingi bosqich uchun nima kerak","What the next stage needs","src/features/next/DealChecklist.tsx"
"next.help","Подробнее в справке","Batafsil maʼlumotnomada","More in the help","src/features/next/NextActions.tsx"
"next.hint.clausesChanged","изменено пунктов: {n} — после отправки на согласование","oʻzgartirilgan bandlar: {n} — kelishuvga yuborilgandan keyin","clauses changed: {n} — after sending for approval","src/shared/domain/nextStep.ts"
"next.hint.financeDiffers","условия отличаются от котировки","shartlar kotirovkadan farq qiladi","the terms differ from the quote","src/shared/domain/nextStep.ts"
"next.hint.financeSame","условия как в котировке — не требуется","shartlar kotirovkadagidek — talab qilinmaydi","terms as in the quote — not needed","src/shared/domain/nextStep.ts"
"next.hint.noClauseChanges","пункты не менялись — не требуется","bandlar oʻzgarmagan — talab qilinmaydi","no clauses changed — not needed","src/shared/domain/nextStep.ts"
"next.hr.doneToast","Задача выполнена. Менеджер МИГ получит уведомление.","Vazifa bajarildi. MIG menejeri bildirishnoma oladi.","The task is done. The MIG manager will be notified.","src/features/next/HrTasks.tsx"
"next.hr.due","до {date}","{date} gacha","by {date}","src/features/next/HrTasks.tsx"
"next.hr.empty","Задач от МИГ нет.","MIGdan vazifalar yoʻq.","No tasks from MIG.",""
"next.hr.from","От: {name}","Kimdan: {name}","From: {name}","src/features/next/HrTasks.tsx"
"next.hr.markDone","Выполнено","Bajarildi","Done","src/features/next/HrTasks.tsx"
"next.hr.open","Открыть","Ochish","Open","src/features/next/HrTasks.tsx"
"next.hr.title","Задачи от МИГ","MIGdan vazifalar","Tasks from MIG","src/features/next/HrTasks.tsx"
"next.hr.upload","Загрузить список","Roʻyxatni yuklash","Upload the list","src/features/next/HrTasks.tsx"
"next.hr.uploaded","Список загружен. Менеджер МИГ получит уведомление.","Roʻyxat yuklandi. MIG menejeri bildirishnoma oladi.","The list is uploaded. The MIG manager will be notified.","src/features/next/HrTasks.tsx"
"next.insured.contractNext","Нужно загрузить приложение 2 — список застрахованных. Отвечает {role}; список может прислать HR клиента.","2-ilova — sugʻurtalanganlar roʻyxatini yuklash kerak. Masʼul: {role}; roʻyxatni mijoz HR xodimi yuborishi mumkin.","Appendix 2 — the list of insured persons — must be uploaded. Responsible: {role}; the client’s HR can send the list.","src/features/staff/pages/ClientCardPage.tsx"
"next.insured.contractTitle","Список застрахованных собирается в договоре","Sugʻurtalanganlar roʻyxati shartnomada yigʻiladi","The list of insured persons is collected in the contract","src/features/staff/pages/ClientCardPage.tsx"
"next.insured.contractWhy","Договор {contract} в работе: «{status}». Застрахованные появятся после подписания и оплаты.","{contract} shartnomasi ishlanmoqda: «{status}». Sugʻurtalanganlar imzolash va toʻlovdan keyin paydo boʻladi.","Contract {contract} is in progress: “{status}”. Insured persons appear after signing and payment.","src/features/staff/pages/ClientCardPage.tsx"
"next.insured.noAccessTitle","Поимённый список недоступен вашей роли","Ismli roʻyxat rolingiz uchun mavjud emas","The list of names is not available to your role","src/features/staff/pages/ClientCardPage.tsx"
"next.insured.noAccessWhy","Список застрахованных с персональными данными видят куратор ДМС и андеррайтер.","Shaxsiy maʼlumotli sugʻurtalanganlar roʻyxatini ITS kuratori va anderrayter koʻradi.","The list of insured persons with personal data is seen by the VHI coordinator and the underwriter.","src/features/staff/pages/ClientCardPage.tsx"
"next.insured.noDealNext","Чтобы застраховать сотрудников, нужна сделка: её ведёт {role}.","Xodimlarni sugʻurtalash uchun bitim kerak: uni {role} olib boradi.","Insuring employees needs a deal: it is run by the {role}.","src/features/staff/pages/ClientCardPage.tsx"
"next.insured.noDealTitle","Застрахованных нет","Sugʻurtalanganlar yoʻq","No insured persons","src/features/staff/pages/ClientCardPage.tsx"
"next.insured.noDealWhy","У клиента нет действующего полиса и открытой сделки.","Mijozda amaldagi polis va ochiq bitim yoʻq.","The client has no policy in force and no open deal.","src/features/staff/pages/ClientCardPage.tsx"
"next.insured.payTitle","Ждём оплату","Toʻlov kutilmoqda","Waiting for payment","src/features/staff/pages/ClientCardPage.tsx"
"next.insured.payWhy","Договор {contract} подписан. Застрахованные будут созданы автоматически после оплаты.","{contract} shartnomasi imzolangan. Sugʻurtalanganlar toʻlovdan keyin avtomatik yaratiladi.","Contract {contract} is signed. Insured persons will be created automatically after payment.","src/features/staff/pages/ClientCardPage.tsx"
"next.insured.preNext","Поимённый список нужен только для договора (приложение 2). Для расчёта достаточно обезличенных данных для оценки в сделке — их загружает {role}.","Ismli roʻyxat faqat shartnoma uchun kerak (2-ilova). Hisob uchun bitimdagi shaxsiylashtirilmagan baholash maʼlumotlari yetarli — ularni {role} yuklaydi.","A list of names is needed only for the contract (appendix 2). The calculation uses anonymised assessment data in the deal — uploaded by the {role}.","src/features/staff/pages/ClientCardPage.tsx"
"next.insured.preTitle","Поимённого списка пока нет","Ismli roʻyxat hali yoʻq","No list of names yet","src/features/staff/pages/ClientCardPage.tsx"
"next.insured.preWhy","Застрахованные появятся после вступления договора в силу. Сейчас сделка {deal} на этапе «{stage}».","Sugʻurtalanganlar shartnoma kuchga kirgandan keyin paydo boʻladi. Hozir {deal} bitimi «{stage}» bosqichida.","Insured persons appear once the contract is in force. Deal {deal} is now at the “{stage}” stage.","src/features/staff/pages/ClientCardPage.tsx"
"next.letter.body","Здравствуйте!

Для расчёта программы ДМС для «{client}» пришлите, пожалуйста, обезличенные данные о сотрудниках по приложенному шаблону: дата рождения, пол, сотрудник или член семьи. ФИО и ПИНФЛ на этом этапе не нужны.

С уважением,
{name}
Mosaic Insurance Group","Assalomu alaykum!

«{client}» uchun ITS dasturini hisoblash maqsadida ilova qilingan shablon boʻyicha xodimlar haqidagi shaxsiylashtirilmagan maʼlumotlarni yuboring: tugʻilgan sana, jins, xodim yoki oila aʼzosi. Bu bosqichda F.I.Sh. va JShShIR kerak emas.

Hurmat bilan,
{name}
Mosaic Insurance Group","Hello,

To calculate a VHI programme for “{client}”, please send anonymised data about your employees using the attached template: date of birth, gender, employee or family member. Names and PINFL are not needed at this stage.

Kind regards,
{name}
Mosaic Insurance Group","src/features/next/NextActions.tsx"
"next.letter.copied","Текст письма скопирован","Xat matni nusxalandi","Letter text copied","src/features/next/NextActions.tsx"
"next.letter.copy","Скопировать текст","Matnni nusxalash","Copy the text","src/features/next/NextActions.tsx"
"next.letter.mail","Открыть в почте","Pochtada ochish","Open in mail","src/features/next/NextActions.tsx"
"next.letter.subject","Данные для расчёта ДМС","ITS hisobi uchun maʼlumotlar","Data for the VHI calculation","src/features/next/NextActions.tsx"
"next.letter.templateCsv","Скачать шаблон CSV","CSV shablonini yuklab olish","Download the CSV template","src/features/next/NextActions.tsx"
"next.letter.text","У клиента ещё нет кабинета HR (он открывается с отправкой КП). Отправьте письмо со своей почты и приложите шаблон — клиент вернёт заполненный файл, и вы загрузите его сами.","Mijozda hali HR kabineti yoʻq (u TT yuborilganda ochiladi). Oʻz pochtangizdan shablon ilova qilingan xat yuboring — mijoz toʻldirilgan faylni qaytaradi va siz uni oʻzingiz yuklaysiz.","The client has no HR cabinet yet (it opens when the commercial proposal is sent). Send a letter from your mailbox with the template attached — the client returns the filled file and you upload it yourself.","src/features/next/NextActions.tsx"
"next.letter.title","Письмо клиенту","Mijozga xat","Letter to the client","src/features/next/NextActions.tsx"
"next.notify.done","{who} выполнил(а) вашу задачу · {client}","{who} vazifangizni bajardi · {client}","{who} completed your task · {client}","src/mocks/tasks-core.ts"
"next.requestHr","Запросить у HR","HRdan soʻrash","Request from HR","src/features/next/NextActions.tsx"
"next.requestHr.sent","Задача отправлена в кабинет HR.","Vazifa HR kabinetiga yuborildi.","The task is sent to the HR cabinet.","src/features/next/NextActions.tsx"
"next.requestHr.text","Задача появится в кабинете HR компании «{client}» в блоке «Задачи от МИГ». Когда HR выполнит её, вы получите уведомление.","Vazifa «{client}» kompaniyasi HR kabinetida «MIGdan vazifalar» blokida paydo boʻladi. HR uni bajarganda bildirishnoma olasiz.","The task will appear in the HR cabinet of “{client}” under “Tasks from MIG”. You will be notified when HR completes it.","src/features/next/NextActions.tsx"
"next.requestHr.title","Запросить у HR клиента","Mijoz HR xodimidan soʻrash","Request from the client’s HR","src/features/next/NextActions.tsx"
"next.responsible","Отвечает: {role}","Masʼul: {role}","Responsible: {role}","src/features/next/DealChecklist.tsx"
"next.task.census_upload","Загрузить данные для оценки: {what}","Baholash uchun maʼlumotlarni yuklash: {what}","Upload the assessment data: {what}","src/shared/domain/nextStep.ts"
"next.task.contract_draft","Подготовить договор: {what}","Shartnomani tayyorlash: {what}","Prepare the contract: {what}","src/shared/domain/nextStep.ts"
"next.task.contract_requisites","Заполнить реквизиты и подписантов: {what}","Rekvizitlar va imzolovchilarni toʻldirish: {what}","Fill in the details and signatories: {what}","src/shared/domain/nextStep.ts"
"next.task.insured_list","Загрузите список сотрудников для договора {what}","{what} shartnomasi uchun xodimlar roʻyxatini yuklang","Upload the list of employees for contract {what}","src/shared/domain/nextStep.ts"
"next.task.invoice_pay","Оплатите счёт по договору {what}","{what} shartnomasi boʻyicha hisobni toʻlang","Pay the invoice under contract {what}","src/shared/domain/nextStep.ts"
"next.task.kp_respond","Ответить на коммерческое предложение: {what}","Tijorat taklifiga javob bering: {what}","Reply to the commercial proposal: {what}","src/shared/domain/nextStep.ts"
"next.task.kp_send","Отправить КП клиенту: {what}","Mijozga tijorat taklifini yuborish: {what}","Send the commercial proposal to the client: {what}","src/shared/domain/nextStep.ts"
"next.task.legal_review","Согласовать договор: {what}","Shartnomani kelishish: {what}","Review the contract: {what}","src/shared/domain/nextStep.ts"
"next.task.other","Посмотреть: {what}","Koʻrib chiqish: {what}","Have a look: {what}","src/shared/domain/nextStep.ts"
"next.task.quote_approve","Утвердить условия: {what}","Shartlarni tasdiqlash: {what}","Approve the terms: {what}","src/shared/domain/nextStep.ts"
"next.task.quote_calculate","Рассчитать котировку: {what}","Kotirovkani hisoblash: {what}","Calculate the quote: {what}","src/shared/domain/nextStep.ts"
"next.task.sign_client","Подпишите договор {what}","{what} shartnomasini imzolang","Sign contract {what}","src/shared/domain/nextStep.ts"
"next.task.sign_mig","Подписать договор со стороны МИГ: {what}","Shartnomani MIG tomonidan imzolash: {what}","Sign the contract for MIG: {what}","src/shared/domain/nextStep.ts"
"next.template","Скачать шаблон","Shablonni yuklab olish","Download the template","src/features/next/HrTasks.tsx; src/shared/ui/states.tsx"
"params.assistanceGuaranteeAuthority.description","Письма до этой суммы ассистанс одобряет сам, выше — эскалирует в МИГ. Действует, если в договоре ассистанса нет индивидуального значения.","Shu summagacha boʻlgan xatlarni assistans oʻzi tasdiqlaydi, undan yuqorisini MIGga eskalatsiya qiladi. Assistans shartnomasida individual qiymat boʻlmasa amal qiladi.","Letters up to this amount are approved by the assistance company itself; above it they are escalated to MIG. Applies unless the assistance contract sets an individual value.","src/shared/config/dmsParameters.ts"
"params.assistanceGuaranteeAuthority.label","Полномочия ассистанса по ГП","Assistansning kafolat xatlari boʻyicha vakolatlari","Assistance authority limit for guarantee letters","src/shared/config/dmsParameters.ts"
"params.clinicResponseMinutes.description","За сколько минут клиника должна ответить на заявку; дальше заявка эскалируется ассистансу или МИГ. Действует, если у клиники нет индивидуального норматива.","Klinika soʻrovga necha daqiqada javob berishi kerak; keyin soʻrov assistans yoki MIGga eskalatsiya qilinadi. Klinikada individual meʼyor boʻlmasa amal qiladi.","How many minutes the clinic has to answer a request; after that the request is escalated to the assistance company or MIG. Applies unless the clinic has an individual standard.","src/shared/config/dmsParameters.ts"
"params.clinicResponseMinutes.label","Срок ответа клиники на запись","Klinikaning qabul soʻroviga javob muddati","Clinic response time for appointments","src/shared/config/dmsParameters.ts"
"params.coverageStartRule.description","С какой даты покрытие начинает действовать для нового застрахованного.","Yangi sugʻurtalangan shaxs uchun qoplama qaysi sanadan amal qila boshlaydi.","From which date coverage starts for a new insured person.","src/shared/config/dmsParameters.ts"
"params.coverageStartRule.label","Начало покрытия нового сотрудника","Yangi xodim qoplamasining boshlanishi","Coverage start for a new employee","src/shared/config/dmsParameters.ts"
"params.coverageStartRule.option0","С даты заявки HR","HR arizasi sanasidan","From the HR request date","src/shared/config/dmsParameters.ts"
"params.coverageStartRule.option1","С подписания доп. соглашения","Qoʻshimcha kelishuv imzolangandan","From signing of the endorsement","src/shared/config/dmsParameters.ts"
"params.endorsementPeriodicity.description","Одно доп. соглашение по итогам месяца или отдельное на каждое изменение.","Oy yakuni boʻyicha bitta qoʻshimcha kelishuv yoki har bir oʻzgarish uchun alohida.","One endorsement per month or a separate one for each change.","src/shared/config/dmsParameters.ts"
"params.endorsementPeriodicity.label","Периодичность доп. соглашений","Qoʻshimcha kelishuvlar davriyligi","Endorsement frequency","src/shared/config/dmsParameters.ts"
"params.endorsementPeriodicity.option0","Ежемесячно","Har oy","Monthly","src/shared/config/dmsParameters.ts"
"params.endorsementPeriodicity.option1","На каждое изменение","Har bir oʻzgarish uchun","For each change","src/shared/config/dmsParameters.ts"
"params.error.integer","Нужно целое число","Butun son kerak","A whole number is required","src/shared/config/dmsParameters.ts"
"params.error.range","Допустимо от {min} до {max}","{min} dan {max} gacha ruxsat etiladi","Allowed from {min} to {max}","src/shared/config/dmsParameters.ts"
"params.fraudDaysBeforeExclusion.description","Обращения за столько дней до исключения застрахованного получают флаг.","Sugʻurtalangan shaxs chiqarilishidan shuncha kun oldingi murojaatlar belgi oladi.","Claims made within this many days before the insured person's exclusion are flagged.","src/shared/config/dmsParameters.ts"
"params.fraudDaysBeforeExclusion.label","Окно перед исключением","Chiqarishdan oldingi oyna","Window before exclusion","src/shared/config/dmsParameters.ts"
"params.fraudMaxClaimsPerMonth.description","Сколько обращений одного застрахованного в месяц допускается без флага «Частые обращения».","Bitta sugʻurtalangan shaxsning oyiga nechta murojaatiga «Tez-tez murojaatlar» belgisisiz ruxsat beriladi.","How many claims per month one insured person may have without the “Frequent claims” flag.","src/shared/config/dmsParameters.ts"
"params.fraudMaxClaimsPerMonth.label","Обращений в месяц до флага","Belgigacha oyiga murojaatlar","Claims per month before flag","src/shared/config/dmsParameters.ts"
"params.fraudPriceExcessShare.description","На сколько сумма чека или строки может превышать прайс без флага «Сумма выше прайса».","Chek yoki qator summasi «Summa narxdan yuqori» belgisisiz narxlar roʻyxatidan qanchaga oshishi mumkin.","How much a receipt or line amount may exceed the price list without the “Amount above price list” flag.","src/shared/config/dmsParameters.ts"
"params.fraudPriceExcessShare.label","Превышение прайса для флага","Belgi uchun narxlar roʻyxatidan oshish","Price list excess for flag","src/shared/config/dmsParameters.ts"
"params.group.assistance","Ассистанс","Assistans","Assistance","src/shared/config/dmsParameters.ts"
"params.group.claims","Убытки","Zararlar","Claims","src/shared/config/dmsParameters.ts"
"params.group.clinics","Клиники","Klinikalar","Clinics","src/shared/config/dmsParameters.ts"
"params.group.contracts","Договоры","Shartnomalar","Contracts","src/shared/config/dmsParameters.ts"
"params.group.family","Члены семьи","Oila aʼzolari","Family members","src/shared/config/dmsParameters.ts"
"params.group.guarantee","Гарантийные письма","Kafolat xatlari","Guarantee letters","src/shared/config/dmsParameters.ts"
"params.group.kp","КП","TT","Commercial proposals","src/shared/config/dmsParameters.ts"
"params.group.limits","Лимиты и убыточность","Limitlar va zararlilik darajasi","Limits and loss ratio","src/shared/config/dmsParameters.ts"
"params.group.security","Безопасность","Xavfsizlik","Security","src/shared/config/dmsParameters.ts"
"params.group.tariff","Тариф","Tarif","Rates","src/shared/config/dmsParameters.ts"
"params.groupDiscountFrom.description","С какого числа застрахованных в котировке действует скидка за размер группы.","Kotirovkada nechta sugʻurtalangan shaxsdan boshlab guruh hajmi uchun chegirma amal qiladi.","From how many insured persons in a quote the group size discount applies.","src/shared/config/dmsParameters.ts"
"params.groupDiscountFrom.label","Скидка за размер группы: от","Guruh hajmi uchun chegirma: dan","Group size discount: from","src/shared/config/dmsParameters.ts"
"params.groupDiscountShare.description","Скидка от тарифа для групп не меньше указанного размера.","Koʻrsatilgan hajmdan kam boʻlmagan guruhlar uchun tarifdan chegirma.","Discount off the rate for groups of at least the given size.","src/shared/config/dmsParameters.ts"
"params.groupDiscountShare.label","Скидка за размер группы","Guruh hajmi uchun chegirma","Group size discount","src/shared/config/dmsParameters.ts"
"params.guaranteeDualApprovalThreshold.description","Гарантийное письмо на сумму выше порога одобряют два разных врача-эксперта МИГ.","Chegaradan yuqori summadagi kafolat xatini MIGning ikki xil ekspert shifokori tasdiqlaydi.","A guarantee letter above the threshold is approved by two different MIG medical experts.","src/shared/config/dmsParameters.ts"
"params.guaranteeDualApprovalThreshold.label","Порог двух подписей на ГП","Kafolat xatida ikki imzo chegarasi","Two-signature threshold for guarantee letters","src/shared/config/dmsParameters.ts"
"params.guaranteeValidityDays.description","Подставляется в поле «Действует до» при одобрении письма; врач может изменить дату.","Xat tasdiqlanganda «Amal qiladi» maydoniga qoʻyiladi; shifokor sanani oʻzgartirishi mumkin.","Pre-filled into the “Valid until” field when a letter is approved; the doctor can change the date.","src/shared/config/dmsParameters.ts"
"params.guaranteeValidityDays.label","Срок действия ГП по умолчанию","Kafolat xatining standart amal qilish muddati","Default guarantee letter validity","src/shared/config/dmsParameters.ts"
"params.kpNoAnswerDays.description","Через сколько дней после отправки КП без ответа клиента менеджер получает задачу напомнить.","TT yuborilgandan keyin mijozdan javob boʻlmasa, necha kundan soʻng menejer eslatish vazifasini oladi.","How many days after a commercial proposal is sent without a client reply the manager gets a reminder task.","src/shared/config/dmsParameters.ts"
"params.kpNoAnswerDays.label","КП без ответа","Javobsiz TT","Unanswered commercial proposal","src/shared/config/dmsParameters.ts"
"params.kpValidityDays.description","Подставляется в поле «Предложение действительно до» новой версии КП.","TTning yangi versiyasida «Taklif amal qiladi» maydoniga qoʻyiladi.","Pre-filled into the “Offer valid until” field of a new commercial proposal version.","src/shared/config/dmsParameters.ts"
"params.kpValidityDays.label","Срок действия КП по умолчанию","TTning standart amal qilish muddati","Default commercial proposal validity","src/shared/config/dmsParameters.ts"
"params.leadIdleDays.description","Через сколько дней без событий лид попадает в очередь менеджера по продажам.","Necha kun hodisasiz qolgan lid sotuv menejeri navbatiga tushadi.","After how many days without events a lead goes to the sales manager's queue.","src/shared/config/dmsParameters.ts"
"params.leadIdleDays.label","Лид без активности","Faolliksiz lid","Idle lead","src/shared/config/dmsParameters.ts"
"params.limitLowShare.description","Лимит считается на исходе, когда остаток не больше этой доли. Предупреждения в приложении, у клиники, в HR-кабинете и у сотрудников МИГ.","Qoldiq shu ulushdan oshmasa, limit tugayapti deb hisoblanadi. Ilovada, klinikada, HR kabinetida va MIG xodimlarida ogohlantirishlar.","A limit is running low when the remainder is no more than this share. Warnings in the app, for clinics, in the HR portal and for MIG staff.","src/shared/config/dmsParameters.ts"
"params.limitLowShare.label","Порог «лимит на исходе»","«Limit tugayapti» chegarasi","“Limit running low” threshold","src/shared/config/dmsParameters.ts"
"params.limitMode.description","Свои лимиты у каждого застрахованного или один лимит на семью по каждой категории: его расходуют все члены семьи. Демо-значение.","Har bir sugʻurtalanganning oʻz limitlari yoki har bir toifa boʻyicha oilaga bitta limit: uni barcha oila aʼzolari sarflaydi. Demo qiymat.","Own limits for each insured person, or one limit per family in each category used by all family members. Demo value.","src/shared/config/dmsParameters.ts"
"params.limitMode.label","Лимиты семьи","Oila limitlari","Family limits","src/shared/config/dmsParameters.ts"
"params.limitMode.option0","Индивидуальные","Individual","Individual","src/shared/config/dmsParameters.ts"
"params.limitMode.option1","Общий лимит семьи","Oilaning umumiy limiti","Shared family limit","src/shared/config/dmsParameters.ts"
"params.loginLockMinutes.description","На сколько минут блокируется вход после превышения числа попыток.","Urinishlar soni oshib ketgandan keyin kirish necha daqiqaga bloklanadi.","How many minutes sign-in is locked after too many attempts.","src/shared/config/dmsParameters.ts"
"params.loginLockMinutes.label","Блокировка входа","Kirishni bloklash","Sign-in lockout","src/shared/config/dmsParameters.ts"
"params.loginMaxAttempts.description","Сколько неудачных попыток входа за окно подсчёта допускается до временной блокировки.","Hisoblash oynasida vaqtincha bloklashgacha nechta muvaffaqiyatsiz kirish urinishiga ruxsat beriladi.","How many failed sign-in attempts within the counting window are allowed before a temporary lockout.","src/shared/config/dmsParameters.ts"
"params.loginMaxAttempts.label","Попыток входа до блокировки","Bloklashgacha kirish urinishlari","Sign-in attempts before lockout","src/shared/config/dmsParameters.ts"
"params.loginWindowMinutes.description","За какой период считаются неудачные попытки входа.","Muvaffaqiyatsiz kirish urinishlari qaysi davr uchun hisoblanadi.","The period over which failed sign-in attempts are counted.","src/shared/config/dmsParameters.ts"
"params.loginWindowMinutes.label","Окно подсчёта попыток входа","Kirish urinishlarini hisoblash oynasi","Sign-in attempt counting window","src/shared/config/dmsParameters.ts"
"params.lossRatioWarn.description","Клиенты и ассистансы с убыточностью от этого значения отмечаются на рабочем столе, в списках и отчётах.","Zararlilik darajasi shu qiymatdan yuqori boʻlgan mijozlar va assistanslar ish stolida, roʻyxatlarda va hisobotlarda belgilanadi.","Clients and assistance companies with a loss ratio at or above this value are flagged on the dashboard, in lists and in reports.","src/shared/config/dmsParameters.ts"
"params.lossRatioWarn.label","Порог высокой убыточности","Yuqori zararlilik darajasi chegarasi","High loss ratio threshold","src/shared/config/dmsParameters.ts"
"params.maxChildAge.description","С этого возраста ребёнок уже не входит в приложение родителя: у менеджера МИГ появляется задача в очереди, автоматического исключения нет. Демо-значение.","Shu yoshdan bola ota-onaning ilovasiga kirmaydi: MIG menejeri navbatida vazifa paydo boʻladi, avtomatik chiqarish yoʻq. Demo qiymat.","From this age a child is no longer in the parent's app: MIG's manager gets a task in the queue, there is no automatic exclusion. Demo value.","src/shared/config/dmsParameters.ts"
"params.maxChildAge.label","Предельный возраст ребёнка","Bolaning chegaraviy yoshi","Child age limit","src/shared/config/dmsParameters.ts"
"params.numbering.assistContract","Договор с ассистансом","Assistans bilan shartnoma","Assistance contract","src/shared/config/dmsParameters.ts"
"params.numbering.assistInvoice","Счёт ассистанса","Assistans hisobi","Assistance invoice","src/shared/config/dmsParameters.ts"
"params.numbering.case","Обращение в ассистанс","Assistansga murojaat","Assistance case","src/shared/config/dmsParameters.ts"
"params.numbering.certificate","Сертификат застрахованного","Sugʻurtalangan shaxs sertifikati","Insured person certificate","src/shared/config/dmsParameters.ts"
"params.numbering.claim","Убыток","Zarar","Claim","src/shared/config/dmsParameters.ts"
"params.numbering.clinicContract","Договор с клиникой","Klinika bilan shartnoma","Clinic contract","src/shared/config/dmsParameters.ts"
"params.numbering.colExample","Пример номера","Raqam namunasi","Sample number","src/features/staff/pages/ParametersPage.tsx"
"params.numbering.colKind","Документ","Hujjat","Document","src/features/staff/pages/ParametersPage.tsx"
"params.numbering.colTemplate","Шаблон","Shablon","Template","src/features/staff/pages/ParametersPage.tsx"
"params.numbering.contract","Договор страхования","Sugʻurta shartnomasi","Insurance contract","src/shared/config/dmsParameters.ts"
"params.numbering.deal","Сделка","Bitim","Deal","src/shared/config/dmsParameters.ts"
"params.numbering.editTitle","Изменить шаблон номера","Raqam shablonini oʻzgartirish","Change number template","src/features/staff/pages/ParametersPage.tsx"
"params.numbering.endorsement","Дополнительное соглашение","Qoʻshimcha kelishuv","Endorsement","src/shared/config/dmsParameters.ts"
"params.numbering.example","Пример: {number}","Namuna: {number}","Sample: {number}","src/features/staff/pages/ParametersPage.tsx"
"params.numbering.guarantee","Гарантийное письмо","Kafolat xati","Guarantee letter","src/shared/config/dmsParameters.ts"
"params.numbering.intro","Номера документов — только латиница, цифры, «-» и «/», одинаковые на всех языках. Шаблоны меняются так же, как параметры: предлагает администратор, подтверждает второй сотрудник. Новые номера выдаются по новому шаблону, старые не меняются.","Hujjat raqamlari faqat lotin harflari, raqamlar, «-» va «/» dan iborat va barcha tillarda bir xil. Shablonlar parametrlar kabi oʻzgartiriladi: administrator taklif qiladi, ikkinchi xodim tasdiqlaydi. Yangi raqamlar yangi shablon boʻyicha beriladi, eskilari oʻzgarmaydi.","Document numbers use Latin letters, digits, “-” and “/” only and are the same in every language. Templates change like the parameters: an admin proposes, a second employee confirms. New numbers follow the new template; existing ones stay as they are.","src/features/staff/pages/ParametersPage.tsx"
"params.numbering.invoice","Счёт клиенту","Mijozga hisob","Client invoice","src/shared/config/dmsParameters.ts"
"params.numbering.kp","Коммерческое предложение","Tijorat taklifi","Commercial proposal","src/shared/config/dmsParameters.ts"
"params.numbering.newTemplate","Новый шаблон","Yangi shablon","New template","src/features/staff/pages/ParametersPage.tsx"
"params.numbering.paymentOrder","Платёжное поручение","Toʻlov topshiriqnomasi","Payment order","src/shared/config/dmsParameters.ts"
"params.numbering.placeholders","Подстановки: {YYYY} — год, {PERIOD} — год и месяц, {N} — порядковый номер ({N:6} — шесть цифр с нулями), {M} — номер внутри документа, {REF} — номер основного документа, {CODE} — код контрагента.","Oʻrinbosarlar: {YYYY} — yil, {PERIOD} — yil va oy, {N} — tartib raqami ({N:6} — nollar bilan olti raqam), {M} — hujjat ichidagi raqam, {REF} — asosiy hujjat raqami, {CODE} — kontragent kodi.","Placeholders: {YYYY} — year, {PERIOD} — year and month, {N} — sequence number ({N:6} — six digits with leading zeros), {M} — number within the document, {REF} — number of the parent document, {CODE} — counterparty code.","src/features/staff/pages/ParametersPage.tsx"
"params.numbering.policy","Полис","Polis","Policy","src/shared/config/dmsParameters.ts"
"params.numbering.refund","Документ на возврат премии","Sugʻurta mukofotini qaytarish hujjati","Premium refund document","src/shared/config/dmsParameters.ts"
"params.numbering.required","Обязательные подстановки: {required}","Majburiy oʻrinbosarlar: {required}","Required placeholders: {required}","src/features/staff/pages/ParametersPage.tsx"
"params.numbering.title","Нумерация документов","Hujjatlarni raqamlash","Document numbering","src/features/staff/pages/ParametersPage.tsx"
"params.overdueBlocksService.description","Блокировать обслуживание застрахованных, пока взнос по договору просрочен.","Shartnoma boʻyicha badal kechiktirilgan ekan, sugʻurtalanganlarga xizmat koʻrsatishni bloklash.","Block service for insured persons while an instalment under the contract is overdue.","src/shared/config/dmsParameters.ts"
"params.overdueBlocksService.label","Блокировка при просрочке взноса","Badal kechiktirilganda bloklash","Block service on overdue instalment","src/shared/config/dmsParameters.ts"
"params.overdueBlocksService.option0","Выключено","Oʻchirilgan","Off","src/shared/config/dmsParameters.ts"
"params.overdueBlocksService.option1","Включено","Yoqilgan","On","src/shared/config/dmsParameters.ts"
"params.paperOriginalReminderDays.description","Через сколько дней после подписания бумагой или сканом менеджер получает напоминание, если оригинал клиента не получен.","Qogʻozda yoki skan orqali imzolangandan keyin necha kundan soʻng mijozning asl nusxasi olinmagan boʻlsa, menejer eslatma oladi.","How many days after signing on paper or by scan the manager gets a reminder if the client's original has not been received.","src/shared/config/dmsParameters.ts"
"params.paperOriginalReminderDays.label","Напоминание об оригинале","Asl nusxa haqida eslatma","Original copy reminder","src/shared/config/dmsParameters.ts"
"params.pinflChecksPerHour.description","Сколько проверок пациента по ПИНФЛ один пользователь клиники может сделать за час.","Klinikaning bitta foydalanuvchisi soatiga JShShIR boʻyicha nechta bemor tekshiruvini bajarishi mumkin.","How many patient checks by PINFL one clinic user can make per hour.","src/shared/config/dmsParameters.ts"
"params.pinflChecksPerHour.label","Проверок по ПИНФЛ в час","Soatiga JShShIR boʻyicha tekshiruvlar","PINFL checks per hour","src/shared/config/dmsParameters.ts"
"params.pinflFailsBeforeLock.description","Сколько неудачных проверок подряд допускается до временной блокировки проверок у пользователя клиники.","Klinika foydalanuvchisida tekshiruvlar vaqtincha bloklanishidan oldin ketma-ket nechta muvaffaqiyatsiz tekshiruvga ruxsat beriladi.","How many failed checks in a row are allowed before a clinic user's checks are temporarily locked.","src/shared/config/dmsParameters.ts"
"params.pinflFailsBeforeLock.label","Неудачных проверок по ПИНФЛ до блокировки","Bloklashgacha JShShIR boʻyicha muvaffaqiyatsiz tekshiruvlar","Failed PINFL checks before lockout","src/shared/config/dmsParameters.ts"
"params.pinflLockMinutes.description","На сколько минут блокируются проверки после серии неудачных.","Bir qator muvaffaqiyatsiz tekshiruvlardan keyin tekshiruvlar necha daqiqaga bloklanadi.","How many minutes checks are locked after a series of failures.","src/shared/config/dmsParameters.ts"
"params.pinflLockMinutes.label","Блокировка проверок по ПИНФЛ","JShShIR boʻyicha tekshiruvlarni bloklash","PINFL check lockout","src/shared/config/dmsParameters.ts"
"params.qaSampleShare.description","Доля решений ассистанса (ГП и принятые строки реестров), которые каждый месяц попадают на проверку врачу-эксперту МИГ.","Assistans qarorlarining (kafolat xatlari va qabul qilingan reyestr qatorlari) har oy MIG ekspert shifokori tekshiruviga tushadigan ulushi.","Share of assistance decisions (guarantee letters and accepted register lines) sent each month for review by a MIG medical expert.","src/shared/config/dmsParameters.ts"
"params.qaSampleShare.label","Доля контрольной выборки","Nazorat tanlovi ulushi","Quality control sample share","src/shared/config/dmsParameters.ts"
"params.rebillReviewWorkdays.description","Сколько рабочих дней у куратора МИГ на проверку счёта ассистанса после отправки.","Yuborilgandan keyin MIG kuratorida assistans hisobini tekshirish uchun necha ish kuni bor.","How many working days the MIG coordinator has to review an assistance invoice after it is sent.","src/shared/config/dmsParameters.ts"
"params.rebillReviewWorkdays.label","Срок проверки счёта ассистанса","Assistans hisobini tekshirish muddati","Assistance invoice review period","src/shared/config/dmsParameters.ts"
"params.refundRule.description","Сколько премии возвращается при исключении застрахованного.","Sugʻurtalangan shaxs chiqarilganda sugʻurta mukofotining qancha qismi qaytariladi.","How much of the premium is refunded when an insured person is excluded.","src/shared/config/dmsParameters.ts"
"params.refundRule.label","Правило возврата при исключении","Chiqarishda qaytarish qoidasi","Refund rule on exclusion","src/shared/config/dmsParameters.ts"
"params.refundRule.option0","Пропорционально сроку","Muddatga mutanosib","Pro rata to the term","src/shared/config/dmsParameters.ts"
"params.refundRule.option1","Пропорционально за вычетом выплат","Toʻlovlarni chegirgan holda mutanosib","Pro rata minus payouts","src/shared/config/dmsParameters.ts"
"params.refundRule.option2","Без возврата","Qaytarilmaydi","No refund","src/shared/config/dmsParameters.ts"
"params.renewalLeadDays.description","За сколько дней до окончания договора создаётся сделка на продление.","Shartnoma tugashidan necha kun oldin uzaytirish bitimi yaratiladi.","How many days before the contract ends a renewal deal is created.","src/shared/config/dmsParameters.ts"
"params.renewalLeadDays.label","Сделка на продление","Uzaytirish bitimi","Renewal deal","src/shared/config/dmsParameters.ts"
"params.studentMaxAge.description","Для ребёнка — студента очной формы обучения вместо предельного возраста ребёнка. Демо-значение.","Kunduzgi taʼlim talabasi boʻlgan bola uchun bolaning chegaraviy yoshi oʻrniga. Demo qiymat.","For a child who is a full-time student, instead of the child age limit. Demo value.","src/shared/config/dmsParameters.ts"
"params.studentMaxAge.label","Предельный возраст студента","Talabaning chegaraviy yoshi","Student age limit","src/shared/config/dmsParameters.ts"
"params.subRegistryReviewDays.description","Сколько календарных дней у ассистанса на проверку своих строк реестра клиники после отправки.","Yuborilgandan keyin assistansda klinika reyestridagi oʻz qatorlarini tekshirish uchun necha kalendar kuni bor.","How many calendar days the assistance company has to review its lines of a clinic register after it is sent.","src/shared/config/dmsParameters.ts"
"params.subRegistryReviewDays.label","Срок проверки подреестра","Quyi reyestrni tekshirish muddati","Sub-register review period","src/shared/config/dmsParameters.ts"
"params.tariffBaseBasic.description","Годовая ставка на одного застрахованного до возрастных коэффициентов и скидок, программа «Базовая».","Yosh koeffitsiyentlari va chegirmalargacha bitta sugʻurtalangan shaxs uchun yillik stavka, «Bazaviy» dasturi.","Annual rate per insured person before age coefficients and discounts, “Basic” plan.","src/shared/config/dmsParameters.ts"
"params.tariffBaseBasic.label","Базовая ставка: Базовая","Bazaviy stavka: Bazaviy","Base rate: Basic","src/shared/config/dmsParameters.ts"
"params.tariffBasePremium.description","Годовая ставка на одного застрахованного, программа «Премиум».","Bitta sugʻurtalangan shaxs uchun yillik stavka, «Premium» dasturi.","Annual rate per insured person, “Premium” plan.","src/shared/config/dmsParameters.ts"
"params.tariffBasePremium.label","Базовая ставка: Премиум","Bazaviy stavka: Premium","Base rate: Premium","src/shared/config/dmsParameters.ts"
"params.tariffBaseStandard.description","Годовая ставка на одного застрахованного, программа «Стандарт».","Bitta sugʻurtalangan shaxs uchun yillik stavka, «Standart» dasturi.","Annual rate per insured person, “Standard” plan.","src/shared/config/dmsParameters.ts"
"params.tariffBaseStandard.label","Базовая ставка: Стандарт","Bazaviy stavka: Standart","Base rate: Standard","src/shared/config/dmsParameters.ts"
"params.tariffBaseStandardPlus.description","Годовая ставка на одного застрахованного, программа «Стандарт+».","Bitta sugʻurtalangan shaxs uchun yillik stavka, «Standart+» dasturi.","Annual rate per insured person, “Standard+” plan.","src/shared/config/dmsParameters.ts"
"params.tariffBaseStandardPlus.label","Базовая ставка: Стандарт+","Bazaviy stavka: Standart+","Base rate: Standard+","src/shared/config/dmsParameters.ts"
"params.tariffCoef0to17.description","Множитель базовой ставки для возрастной группы 0–17 лет.","0–17 yosh guruhi uchun bazaviy stavka koeffitsiyenti.","Base rate multiplier for the 0–17 age group.","src/shared/config/dmsParameters.ts"
"params.tariffCoef0to17.label","Коэффициент 0–17 лет","0–17 yosh koeffitsiyenti","Coefficient, age 0–17","src/shared/config/dmsParameters.ts"
"params.tariffCoef18to29.description","Множитель базовой ставки для возрастной группы 18–29 лет.","18–29 yosh guruhi uchun bazaviy stavka koeffitsiyenti.","Base rate multiplier for the 18–29 age group.","src/shared/config/dmsParameters.ts"
"params.tariffCoef18to29.label","Коэффициент 18–29 лет","18–29 yosh koeffitsiyenti","Coefficient, age 18–29","src/shared/config/dmsParameters.ts"
"params.tariffCoef30to39.description","Множитель базовой ставки для возрастной группы 30–39 лет.","30–39 yosh guruhi uchun bazaviy stavka koeffitsiyenti.","Base rate multiplier for the 30–39 age group.","src/shared/config/dmsParameters.ts"
"params.tariffCoef30to39.label","Коэффициент 30–39 лет","30–39 yosh koeffitsiyenti","Coefficient, age 30–39","src/shared/config/dmsParameters.ts"
"params.tariffCoef40to49.description","Множитель базовой ставки для возрастной группы 40–49 лет.","40–49 yosh guruhi uchun bazaviy stavka koeffitsiyenti.","Base rate multiplier for the 40–49 age group.","src/shared/config/dmsParameters.ts"
"params.tariffCoef40to49.label","Коэффициент 40–49 лет","40–49 yosh koeffitsiyenti","Coefficient, age 40–49","src/shared/config/dmsParameters.ts"
"params.tariffCoef50to59.description","Множитель базовой ставки для возрастной группы 50–59 лет.","50–59 yosh guruhi uchun bazaviy stavka koeffitsiyenti.","Base rate multiplier for the 50–59 age group.","src/shared/config/dmsParameters.ts"
"params.tariffCoef50to59.label","Коэффициент 50–59 лет","50–59 yosh koeffitsiyenti","Coefficient, age 50–59","src/shared/config/dmsParameters.ts"
"params.tariffCoef60plus.description","Множитель базовой ставки для возрастной группы 60 лет и старше.","60 yosh va undan katta guruh uchun bazaviy stavka koeffitsiyenti.","Base rate multiplier for the age group 60 and over.","src/shared/config/dmsParameters.ts"
"params.tariffCoef60plus.label","Коэффициент 60+ лет","60+ yosh koeffitsiyenti","Coefficient, age 60+","src/shared/config/dmsParameters.ts"
"params.unit.days","дн.","kun","days","src/shared/config/dmsParameters.ts"
"params.unit.minutes","мин","daq.","min","src/shared/config/dmsParameters.ts"
"params.unit.workdays","раб. дн.","ish kuni","working days","src/shared/config/dmsParameters.ts"
"params.unit.years","лет","yosh","years","src/shared/config/dmsParameters.ts"
"shell.breadcrumbs","Хлебные крошки","Navigatsiya zanjiri","Breadcrumbs","src/shared/ui/page.tsx"
"shell.crash.reload","Обновить страницу","Sahifani yangilash","Reload page","src/app/pages.tsx"
"shell.crash.text","Произошла ошибка в интерфейсе. Обновите страницу — данные не потеряются.","Interfeysda xato yuz berdi. Sahifani yangilang — maʼlumotlar yoʻqolmaydi.","An interface error occurred. Reload the page; your data will not be lost.","src/app/pages.tsx"
"shell.crash.title","Что-то пошло не так","Nimadir notoʻgʻri ketdi","Something went wrong","src/app/pages.tsx"
"shell.filter.reset","Сбросить фильтр «{label}»","«{label}» filtrini tozalash","Clear the “{label}” filter","src/shared/ui/filter-chip.tsx"
"shell.forbidden.text","У вашей роли нет прав на этот раздел. Если доступ нужен для работы, обратитесь к администратору.","Rolingizda bu boʻlimga huquq yoʻq. Agar ish uchun ruxsat kerak boʻlsa, administratorga murojaat qiling.","Your role has no rights to this section. If you need access for your work, contact the administrator.","src/app/pages.tsx"
"shell.forbidden.title","Нет доступа","Ruxsat yoʻq","No access","src/app/pages.tsx"
"shell.home","На главную","Bosh sahifaga","Go to home page","src/app/pages.tsx"
"shell.lang.button","Язык: {lang}","Til: {lang}","Language: {lang}","src/shared/ui/language-switch.tsx"
"shell.lang.label","Язык","Til","Language","src/shared/ui/language-switch.tsx"
"shell.legalForm.aria","Организационно-правовая форма: {form}","Tashkiliy-huquqiy shakl: {form}","Legal form: {form}","src/shared/ui/legal-form.tsx"
"shell.legalForm.column","Форма","Shakl","Form","src/features/staff/assistance/AssistancesPage.tsx; src/features/staff/pages/ClinicsPage.tsx; src/shared/ui/legal-form.tsx"
"shell.loadFailed","Не удалось загрузить данные","Maʼlumotlarni yuklab boʻlmadi","Could not load data","src/shared/ui/states.tsx"
"shell.mask.date","ДД.ММ.ГГГГ","KK.OO.YYYY","DD.MM.YYYY","src/shared/ui/masked-input.tsx"
"shell.mask.pinfl","14 цифр","14 ta raqam","14 digits","src/shared/ui/masked-input.tsx"
"shell.notFound.text","Возможно, ссылка устарела или в адресе опечатка.","Ehtimol, havola eskirgan yoki manzilda xato bor.","The link may be outdated or the address may contain a typo.","src/app/pages.tsx"
"shell.notFound.title","Страница не найдена","Sahifa topilmadi","Page not found","src/app/pages.tsx"
"shell.offline","Нет соединения. Изменения не сохранятся, пока связь не восстановится","Aloqa yoʻq. Aloqa tiklanmaguncha oʻzgarishlar saqlanmaydi","No connection. Changes will not be saved until the connection is restored","src/app/OfflineBanner.tsx"
"shell.otp.digit","Цифра {n}","{n}-raqam","Digit {n}","src/shared/ui/otp-input.tsx"
"shell.otp.group","Код подтверждения","Tasdiqlash kodi","Verification code","src/shared/ui/otp-input.tsx"
"shell.panel.hide","Скрыть панель","Panelni yashirish","Hide sidebar","src/shared/ui/app-sidebar.tsx"
"shell.panel.pin","Закрепить панель","Panelni mahkamlash","Pin sidebar","src/shared/ui/app-sidebar.tsx"
"shell.panel.search","Поиск","Qidiruv","Search","src/features/staff/StaffLayout.tsx; src/shared/ui/app-sidebar.tsx"
"shell.panel.show","Показать панель","Panelni koʻrsatish","Show sidebar","src/shared/ui/app-sidebar.tsx"
"shell.panel.width","Ширина панели","Panel kengligi","Sidebar width","src/shared/ui/app-sidebar.tsx"
"shell.panel.withCount","{label}, задач: {n}","{label}, vazifalar: {n}","{label}, tasks: {n}","src/shared/ui/app-sidebar.tsx"
"shell.portal.assist","Портал ассистанса","Assistans portali","Assistance portal",""
"shell.portal.clinic","Кабинет клиники","Klinika kabineti","Clinic portal","src/features/clinic/ClinicLayout.tsx; src/features/clinic/pages/HomePage.tsx"
"shell.portal.hr","Кабинет HR","HR kabineti","HR portal","src/features/hr/HrLayout.tsx"
"shell.portal.staff","Портал сотрудников МИГ","MIG xodimlari portali","MIG staff portal","src/features/staff/StaffLayout.tsx"
"shell.sidePanel.close","Закрыть панель","Panelni yopish","Close panel","src/shared/ui/detail-panel.tsx"
"shell.sidePanel.label","Детали","Tafsilotlar","Details","src/shared/ui/detail-panel.tsx"
"shell.sidePanel.width","Ширина карточки","Kartochka kengligi","Card width","src/shared/ui/detail-panel.tsx"
"shell.table.clearFilter","Сбросить фильтр","Filtrni tozalash","Clear filter","src/shared/ui/data-table.tsx"
"shell.table.emptyHint","Измените фильтры или поиск","Filtrlar yoki qidiruvni oʻzgartiring","Change the filters or search","src/shared/ui/data-table.tsx"
"shell.table.filterBy","Фильтр: {label}","Filtr: {label}","Filter: {label}","src/shared/ui/data-table.tsx"
"shell.table.pages","Страницы","Sahifalar","Pages","src/shared/ui/data-table.tsx"
"shell.table.range","{from}–{to} из {total}","{from}–{to} / {total}","{from}–{to} of {total}","src/shared/ui/data-table.tsx"
"shell.title.assist","MIG · Ассистанс","MIG · Assistans","MIG · Assistance","src/features/assist/AssistLayout.tsx"
"shell.title.clinic","MIG · Клиника","MIG · Klinika","MIG · Clinic","src/features/clinic/ClinicLayout.tsx"
"shell.title.hr","MIG · Компания","MIG · Kompaniya","MIG · Company","src/features/hr/HrLayout.tsx"
"shell.title.staff","MIG","MIG","MIG","src/features/staff/StaffLayout.tsx"
"shell.toast.close","Закрыть уведомление","Bildirishnomani yopish","Close notification","src/shared/ui/toast.tsx"
"shell.user.logout","Выйти","Chiqish","Sign out","src/shared/auth/IdleWatcher.tsx; src/shared/ui/app-sidebar.tsx"
"shell.user.menu","Меню пользователя","Foydalanuvchi menyusi","User menu","src/shared/ui/app-sidebar.tsx"
"shell.user.name","Имя","Ism","Name","src/shared/ui/app-sidebar.tsx"
"shell.user.portal","Портал","Portal","Portal","src/shared/ui/app-sidebar.tsx"
"shell.user.profile","Профиль","Profil","Profile","src/shared/ui/app-sidebar.tsx"
"shell.user.role","Роль","Rol","Role","src/shared/ui/app-sidebar.tsx"
"srv.ai.alreadyPending","Уже есть изменение, которое ждёт подтверждения","Tasdiqlashni kutayotgan oʻzgarish allaqachon bor","A change is already awaiting confirmation","src/mocks/handlers/ai.ts"
"srv.ai.fourEyes","Изменение подтверждает другой администратор","Oʻzgarishni boshqa administrator tasdiqlaydi","Another administrator confirms the change","src/mocks/handlers/ai.ts"
"srv.ai.mockOnly","Доступен только мок","Faqat mock mavjud","Only the mock is available","src/mocks/handlers/ai.ts"
"srv.ai.providerLater","Этот провайдер появится вместе с бэкендом","Bu provayder backend bilan birga paydo boʻladi","This provider will be available with the backend","src/mocks/handlers/ai.ts"
"srv.ai.queryRequired","Напишите услугу или лекарство","Xizmat yoki dori nomini yozing","Enter a service or medicine","src/mocks/handlers/ai.ts"
"srv.ai.stale","Настройки успели измениться: предложите изменение заново","Sozlamalar oʻzgarib ulgurdi: oʻzgarishni qaytadan taklif qiling","Settings have changed meanwhile: propose the change again","src/mocks/handlers/ai.ts"
"srv.ai.unavailable","Проверка ИИ временно недоступна","SI tekshiruvi vaqtincha mavjud emas","AI check is temporarily unavailable","src/mocks/handlers/ai.ts"
"srv.ai.unchanged","Настройки не изменились","Sozlamalar oʻzgarmadi","Settings have not changed","src/mocks/handlers/ai.ts"
"srv.apiKeys.alreadyRevoked","Ключ уже отозван","Kalit allaqachon bekor qilingan","The key has already been revoked","src/mocks/handlers/clinic.ts"
"srv.appointment.alreadyHandled","Запись уже обработана","Qabul allaqachon koʻrib chiqilgan","The appointment has already been processed","src/mocks/handlers/claims.ts"
"srv.appointment.byAssistance","Запись ведёт ассистанс застрахованного","Qabulni sugʻurtalangan shaxsning assistansi yuritadi","The insured person's assistance company handles the appointment","src/mocks/handlers/claims.ts"
"srv.appointment.cannotCancel","Эту запись уже нельзя отменить","Bu qabulni endi bekor qilib boʻlmaydi","This appointment can no longer be cancelled","src/mocks/handlers/me.ts"
"srv.appointment.noProposal","Клиника не предлагала другое время","Klinika boshqa vaqt taklif qilmagan","The clinic has not proposed another time","src/mocks/handlers/me.ts"
"srv.assignment.alreadyAssigned","Полис уже закреплён за этим ассистансом","Polis allaqachon shu assistansga biriktirilgan","The policy is already assigned to this assistance company","src/mocks/handlers/staff-assistance.ts"
"srv.assignment.dateRange","Дата — с сегодняшнего дня до конца полиса","Sana — bugundan polis tugaguncha","Date: from today to the end of the policy","src/mocks/handlers/staff-assistance.ts"
"srv.assignment.policyExpired","Полис уже закончился","Polis muddati allaqachon tugagan","The policy has already expired","src/mocks/handlers/staff-assistance.ts"
"srv.assist.clientTransferred","Клиент передан другому ассистансу","Mijoz boshqa assistansga oʻtkazilgan","The client has been transferred to another assistance company","src/mocks/handlers/assist.ts"
"srv.assist.clinicCanAnswer","Клиника ещё может ответить: ждём её подтверждения","Klinika hali javob berishi mumkin: uning tasdigʻini kutyapmiz","The clinic can still respond: waiting for its confirmation","src/mocks/handlers/assist.ts"
"srv.assist.overAuthority","Сумма выше полномочий ассистанса ({limit}): эскалируйте в МИГ","Summa assistans vakolatlaridan yuqori ({limit}): MIGga yuboring","The amount exceeds the assistance company's authority ({limit}): escalate to MIG","src/mocks/handlers/assist.ts"
"srv.assist.readOnly","Клиент передан другому ассистансу: доступ только на чтение","Mijoz boshqa assistansga oʻtkazilgan: faqat oʻqish uchun ruxsat","The client has been transferred to another assistance company: read-only access","src/mocks/assistance-core.ts"
"srv.assistQ.awaitingMig","{name} · ожидает решения МИГ","{name} · MIG qarorini kutmoqda","{name} · awaiting MIG decision","src/mocks/handlers/assist.ts"
"srv.assistQ.linesInReview","На проверке строк: {count}","Tekshiruvdagi qatorlar: {count}","Lines under review: {count}","src/mocks/handlers/assist.ts"
"srv.assistQ.noResponse","Клиника не ответила: {specialty}","Klinika javob bermadi: {specialty}","The clinic did not respond: {specialty}","src/mocks/handlers/assist.ts"
"srv.assistQ.payment","Оплата: {clinic} за {period}","Toʻlov: {clinic}, {period}","Payment: {clinic} for {period}","src/mocks/handlers/assist.ts"
"srv.assistQ.rebill","Счёт {number}","Hisob {number}","Invoice {number}","src/mocks/handlers/assist.ts"
"srv.assistQ.rebillDraft","Черновик: проверьте и отправьте в МИГ","Qoralama: tekshiring va MIGga yuboring","Draft: check and send to MIG","src/mocks/handlers/assist.ts"
"srv.assistQ.rebillRejected","Есть отклонённые строки","Rad etilgan qatorlar bor","There are rejected lines","src/mocks/handlers/assist.ts"
"srv.assistQ.registry","Реестр {clinic} за {period}","{clinic} reyestri, {period}","Register of {clinic} for {period}","src/mocks/handlers/assist.ts"
"srv.assistQ.toMig","{number} · в МИГ","{number} · MIGda","{number} · at MIG","src/mocks/handlers/assist.ts"
"srv.assistQ.unpaidLines","Не оплачено строк: {count}","Toʻlanmagan qatorlar: {count}","Unpaid lines: {count}","src/mocks/handlers/assist.ts"
"srv.assistUsers.self","Нельзя изменить собственную учётную запись","Oʻz hisob qaydnomangizni oʻzgartirib boʻlmaydi","You cannot change your own account","src/mocks/handlers/assist.ts"
"srv.auth.invalidCode","Неверный или устаревший код","Kod notoʻgʻri yoki eskirgan","Invalid or expired code","src/mocks/handlers/auth.ts"
"srv.auth.invalidCreds","Неверный email или пароль","Email yoki parol notoʻgʻri","Invalid email or password","src/mocks/handlers/auth.ts"
"srv.auth.locked","Слишком много попыток. Вход заблокирован на {minutes} мин","Urinishlar juda koʻp. Kirish {minutes} daqiqaga bloklandi","Too many attempts. Sign-in is blocked for {minutes} min","src/mocks/handlers/auth.ts"
"srv.authority.alreadyPending","По этому сотруднику уже есть изменение на подтверждении","Bu xodim boʻyicha tasdiqlashni kutayotgan oʻzgarish allaqachon bor","A change for this employee is already awaiting confirmation","src/mocks/handlers/lifecycle.ts"
"srv.authority.fourEyes","Подтверждает другой сотрудник, и не тот, чьи полномочия меняются (правило четырёх глаз)","Boshqa xodim tasdiqlaydi, vakolatlari oʻzgarayotgan xodim emas (toʻrt koʻz qoidasi)","Another employee confirms, not the one whose authority limits change (four-eyes rule)","src/mocks/handlers/lifecycle.ts"
"srv.cases.complaintClosed","Жалоба уже закрыта","Shikoyat allaqachon yopilgan","The complaint is already closed","src/mocks/handlers/staff-assistance.ts"
"srv.cases.complaintsOnly","МИГ закрывает только жалобы; остальные обращения ведёт ассистанс","MIG faqat shikoyatlarni yopadi; boshqa murojaatlarni assistans yuritadi","MIG closes only complaints; other cases are handled by the assistance company","src/mocks/handlers/staff-assistance.ts"
"srv.census.fileErrors","В файле есть ошибки ({count}): {details}","Faylda xatolar bor ({count}): {details}","The file has errors ({count}): {details}","src/mocks/handlers/contracts.ts"
"srv.census.noRows","В файле нет строк","Faylda qatorlar yoʻq","The file has no rows","src/mocks/handlers/lifecycle.ts"
"srv.census.pinflRepeated","ПИНФЛ повторяется в файле","JShShIR faylda takrorlanadi","The PINFL is repeated in the file","src/mocks/handlers/hr.ts; src/mocks/policy-core.ts"
"srv.census.rowError","строка {row} — {message}","{row}-qator — {message}","row {row}: {message}","src/mocks/handlers/contracts.ts"
"srv.change.alreadyReviewed","Изменение уже рассмотрено","Oʻzgarish allaqachon koʻrib chiqilgan","The change has already been reviewed","src/mocks/handlers/ai.ts; src/mocks/handlers/lifecycle.ts; src/mocks/handlers/params.ts"
"srv.claim.alreadyAppealed","Решение уже оспорено","Qarorga allaqachon eʼtiroz bildirilgan","The decision has already been appealed","src/mocks/handlers/settlement.ts"
"srv.claim.amountOverClaimed","Сумма одобрения не может превышать заявленную","Tasdiqlangan summa soʻralgan summadan oshmasligi kerak","The approved amount cannot exceed the claimed amount","src/mocks/handlers/claims.ts"
"srv.claim.appealOnlyRejected","Оспорить можно отказ или частичное одобрение","Faqat rad etish yoki qisman tasdiqlashga eʼtiroz bildirish mumkin","Only a denial or partial approval can be appealed","src/mocks/handlers/settlement.ts"
"srv.claim.awaitingOpinion","Ждём заключения врача","Shifokor xulosasini kutyapmiz","Waiting for the doctor's opinion","src/mocks/handlers/settlement.ts"
"srv.claim.decisionNotPending","Решение не ждёт согласования","Qaror kelishishni kutmayapti","The decision is not awaiting approval","src/mocks/handlers/settlement.ts"
"srv.claim.decisionPending","Решение уже ждёт согласования","Qaror allaqachon kelishishni kutmoqda","The decision is already awaiting approval","src/mocks/handlers/settlement.ts"
"srv.claim.flagDismissed","Флаг уже снят","Belgi allaqachon olib tashlangan","The flag has already been dismissed","src/mocks/handlers/settlement.ts"
"srv.claim.fourEyes","Решение согласует другой сотрудник","Qarorni boshqa xodim kelishadi","Another employee approves the decision","src/mocks/handlers/settlement.ts"
"srv.claim.noOpenAppeal","Открытой апелляции нет","Ochiq eʼtiroz yoʻq","There is no open appeal","src/mocks/handlers/settlement.ts"
"srv.claim.opinionNotRequested","Заключение не запрашивалось или уже дано","Xulosa soʻralmagan yoki allaqachon berilgan","The opinion was not requested or has already been given","src/mocks/handlers/settlement.ts"
"srv.claim.opinionOnlyInReview","Заключение запрашивают по убытку на рассмотрении","Xulosa faqat koʻrib chiqilayotgan zarar boʻyicha soʻraladi","An opinion can be requested only for a claim under review","src/mocks/handlers/settlement.ts"
"srv.claim.overAuthority","Сумма выше ваших полномочий: нужен сотрудник с бо́льшими полномочиями","Summa vakolatlaringizdan yuqori: kattaroq vakolatli xodim kerak","The amount exceeds your authority limits: an employee with higher limits is needed","src/mocks/handlers/settlement.ts"
"srv.claim.reserveClosed","Резерв закрытого убытка не меняется","Yopilgan zarar zaxirasi oʻzgartirilmaydi","The reserve of a closed claim cannot be changed","src/mocks/handlers/settlement.ts"
"srv.claim.transitionUnavailable","Этот переход недоступен из текущего статуса","Joriy holatdan bu oʻtish mumkin emas","This transition is not available from the current status","src/mocks/handlers/claims.ts"
"srv.clients.innInDb","ИНН уже есть в базе","Bu STIR bazada allaqachon bor","This TIN is already in the database","src/mocks/handlers/lifecycle.ts"
"srv.clients.innTaken","Клиент с таким ИНН уже есть","Bunday STIRli mijoz allaqachon bor","A client with this TIN already exists","src/mocks/handlers/lifecycle.ts"
"srv.clinic.checksLocked","Слишком много неудачных проверок. Проверки заблокированы на {minutes} мин","Muvaffaqiyatsiz tekshiruvlar juda koʻp. Tekshiruvlar {minutes} daqiqaga bloklandi","Too many failed checks. Checks are blocked for {minutes} min","src/mocks/clinic-core.ts"
"srv.clinic.codeStale","Код устарел, попросите пациента обновить карточку","Kod eskirgan, bemordan kartani yangilashni soʻrang","The code has expired; ask the patient to refresh the card","src/mocks/clinic-core.ts"
"srv.clinic.noPolicy","Полис не найден или ПИНФЛ не совпадает","Polis topilmadi yoki JShShIR mos kelmadi","Policy not found or PINFL does not match","src/mocks/clinic-core.ts"
"srv.clinic.requestAnswered","На эту заявку уже ответили","Bu soʻrovga allaqachon javob berilgan","This request has already been answered","src/mocks/clinic-core.ts"
"srv.clinic.slotPast","Это время уже прошло. Выберите другое","Bu vaqt allaqachon oʻtgan. Boshqasini tanlang","This time has already passed. Choose another one","src/mocks/clinic-core.ts"
"srv.clinic.slotTaken","Это время уже заняли. Выберите другое","Bu vaqt allaqachon band. Boshqasini tanlang","This time has already been taken. Choose another one","src/mocks/clinic-core.ts"
"srv.clinic.tooManyChecks","Слишком много проверок. Повторите позже","Tekshiruvlar juda koʻp. Keyinroq qayta urinib koʻring","Too many checks. Try again later","src/mocks/clinic-core.ts"
"srv.clinicUsers.selfChange","Нельзя деактивировать себя или снять с себя роль администратора","Oʻzingizni faolsizlantirib yoki oʻzingizdan administrator rolini olib boʻlmaydi","You cannot deactivate yourself or remove your own administrator role","src/mocks/handlers/clinic.ts"
"srv.clinics.hasAdmin","У клиники уже есть администратор: остальных пользователей приглашает он","Klinikada administrator allaqachon bor: boshqa foydalanuvchilarni u taklif qiladi","The clinic already has an administrator: they invite the other users","src/mocks/handlers/staff-clinics.ts"
"srv.contract.afterStart","Позже даты начала","Boshlanish sanasidan keyin","After the start date","src/mocks/handlers/contracts.ts"
"srv.contract.alreadyExists","Договор по сделке уже создан","Bu bitim boʻyicha shartnoma allaqachon yaratilgan","A contract for this deal has already been created","src/mocks/handlers/contracts.ts"
"srv.contract.chooseSignatory","Выберите подписанта МИГ","MIG imzolovchisini tanlang","Choose a MIG signatory","src/mocks/handlers/contracts.ts"
"srv.contract.clauseNotFound","Пункт {clause} не найден в шаблоне","{clause} band shablonda topilmadi","Clause {clause} not found in the template","src/mocks/handlers/contracts.ts"
"srv.contract.dateWithinTerm","Дата в пределах срока договора","Sana shartnoma muddati ichida boʻlsin","The date must be within the contract term","src/mocks/handlers/contracts.ts"
"srv.contract.draftOnly","Изменить можно черновик. Для отправленного договора создайте новую версию","Faqat qoralamani oʻzgartirish mumkin. Yuborilgan shartnoma uchun yangi versiya yarating","Only a draft can be changed. For a sent contract, create a new version","src/mocks/handlers/contracts.ts"
"srv.contract.endAfterStart","Дата окончания позже даты начала","Tugash sanasi boshlanish sanasidan keyin boʻlsin","The end date must be after the start date","src/mocks/handlers/contracts.ts"
"srv.contract.financeNeedsApproval","Финансовые условия отличаются от котировки: сначала их утверждает андеррайтер","Moliyaviy shartlar kotirovkadan farq qiladi: avval ularni anderrayter tasdiqlaydi","Financial terms differ from the quote: the underwriter approves them first","src/mocks/handlers/contracts.ts"
"srv.contract.financeSame","Финансовые условия совпадают с котировкой","Moliyaviy shartlar kotirovka bilan mos","Financial terms match the quote","src/mocks/handlers/contracts.ts"
"srv.contract.listViaEndorsement","Список застрахованных подписанного договора меняется доп. соглашением","Imzolangan shartnomaning sugʻurtalanganlar roʻyxati qoʻshimcha kelishuv bilan oʻzgartiriladi","The member list of a signed contract is changed by an endorsement","src/mocks/handlers/contracts.ts"
"srv.contract.needsAcceptedKp","Договор готовится после того, как клиент принял КП","Shartnoma mijoz tijorat taklifini qabul qilgandan keyin tayyorlanadi","The contract is prepared after the client accepts the commercial proposal","src/mocks/handlers/contracts.ts"
"srv.contract.newVersionState","Новую версию создают у отправленного и ещё не подписанного договора","Yangi versiya yuborilgan va hali imzolanmagan shartnoma uchun yaratiladi","A new version is created for a sent contract that is not yet signed","src/mocks/handlers/contracts.ts"
"srv.contract.noSignatory","В МИГ нет сотрудника-подписанта","MIGda imzolovchi xodim yoʻq","MIG has no signatory employee","src/mocks/handlers/contracts.ts"
"srv.contract.notSignatory","Не подписант","Imzolovchi emas","Not a signatory","src/mocks/handlers/contracts.ts"
"srv.contract.scheduleSum","Сумма графика должна равняться премии","Jadval summasi sugʻurta mukofotiga teng boʻlishi kerak","The schedule total must equal the premium","src/mocks/handlers/contracts.ts"
"srv.contract.scheduleSumHint","Сумма {sum}, премия {total}","Summa {sum}, mukofot {total}","Total {sum}, premium {total}","src/mocks/handlers/contracts.ts"
"srv.contract.terminationPending","Соглашение о расторжении уже готовится","Bekor qilish toʻgʻrisidagi kelishuv allaqachon tayyorlanmoqda","A termination agreement is already being prepared","src/mocks/handlers/contracts.ts"
"srv.contract.withinTerm","В пределах срока договора","Shartnoma muddati ichida","Within the contract term","src/mocks/handlers/contracts.ts"
"srv.dash.assistance","Ассистанс","Assistans","Assistance company","src/mocks/assistance-core.ts; src/mocks/handlers/dashboard.ts; src/mocks/handlers/settlement.ts"
"srv.dash.attention.renewals","Продления < 30 дн без КП","Tijorat taklifisiz < 30 kunlik uzaytirishlar","Renewals < 30 days without a commercial proposal","src/mocks/handlers/dashboard.ts"
"srv.dash.attention.slaOverdue","Убытки с просроченным SLA","SLA muddati oʻtgan zararlar","Claims with overdue SLA","src/mocks/handlers/dashboard.ts"
"srv.dash.client","Клиент","Mijoz","Client","src/mocks/handlers/dashboard.ts"
"srv.dash.clinic","Клиника","Klinika","Clinic","src/mocks/handlers/dashboard.ts"
"srv.dash.inn","ИНН {inn}","STIR {inn}","TIN {inn}","src/mocks/handlers/dashboard.ts"
"srv.dash.integration.clinicApi","API клиник","Klinikalar API","Clinic API","src/mocks/handlers/dashboard.ts"
"srv.dash.kpi.above","Выше полномочий автора","Muallif vakolatlaridan yuqori","Above the author's authority limits","src/mocks/handlers/dashboard.ts"
"srv.dash.kpi.access","Запросы доступа за 7 дней","7 kundagi ruxsat soʻrovlari","Access requests in 7 days","src/mocks/handlers/dashboard.ts"
"srv.dash.kpi.allocation","Ручная разноска","Toʻlovlarni qoʻlda taqsimlash","Manual payment matching","src/mocks/handlers/dashboard.ts"
"srv.dash.kpi.allocationHint","платежей: {count}","toʻlovlar: {count}","payments: {count}","src/mocks/handlers/dashboard.ts"
"srv.dash.kpi.appeals","Апелляции","Eʼtirozlar","Appeals","src/mocks/handlers/dashboard.ts"
"srv.dash.kpi.appts","Записи ждут подтверждения","Tasdiqlashni kutayotgan qabullar","Appointments awaiting confirmation","src/mocks/handlers/dashboard.ts"
"srv.dash.kpi.authority","Полномочия на подтверждение","Tasdiqlanadigan vakolatlar","Authority limits to confirm","src/mocks/handlers/dashboard.ts"
"srv.dash.kpi.authorityHint","настроек ИИ: {count}","SI sozlamalari: {count}","AI settings: {count}","src/mocks/handlers/dashboard.ts"
"srv.dash.kpi.changed","Изменённых пунктов","Oʻzgartirilgan bandlar","Changed clauses","src/mocks/handlers/dashboard.ts"
"srv.dash.kpi.complaints","Открытые жалобы","Ochiq shikoyatlar","Open complaints","src/mocks/handlers/dashboard.ts"
"srv.dash.kpi.contracts","Договоры на согласовании","Kelishishdagi shartnomalar","Contracts under approval","src/mocks/handlers/dashboard.ts"
"srv.dash.kpi.endorsements","Доп. соглашения на согласовании","Kelishishdagi qoʻshimcha kelishuvlar","Endorsements under approval","src/mocks/handlers/dashboard.ts"
"srv.dash.kpi.escalations","Эскалации и ГП","Eskalatsiyalar va kafolat xatlari","Escalations and guarantee letters","src/mocks/handlers/dashboard.ts"
"srv.dash.kpi.escalationsHint","эскалаций: {count}","eskalatsiyalar: {count}","escalations: {count}","src/mocks/handlers/dashboard.ts"
"srv.dash.kpi.failedLogins","Неудачные входы за сутки","Bir kundagi muvaffaqiyatsiz kirishlar","Failed sign-ins in 24 hours","src/mocks/handlers/dashboard.ts"
"srv.dash.kpi.finance","Финансовые отклонения и лимиты","Moliyaviy chetlanishlar va limitlar","Financial deviations and limits","src/mocks/handlers/dashboard.ts"
"srv.dash.kpi.financeHint","лимитов: {count}","limitlar: {count}","limits: {count}","src/mocks/handlers/dashboard.ts"
"srv.dash.kpi.flags","Убытки с флагами проверки","Tekshiruv belgilari bor zararlar","Claims with review flags","src/mocks/handlers/dashboard.ts"
"srv.dash.kpi.flagsHint","строк счетов ассистансов: {count}","assistans hisoblari qatorlari: {count}","assistance invoice lines: {count}","src/mocks/handlers/dashboard.ts"
"srv.dash.kpi.integrations","Ошибки интеграций","Integratsiya xatolari","Integration errors","src/mocks/handlers/dashboard.ts"
"srv.dash.kpi.kp","КП без ответа","Javobsiz tijorat takliflari","Commercial proposals without a response","src/mocks/handlers/dashboard.ts"
"srv.dash.kpi.leads","Лиды без активности","Faolliksiz lidlar","Leads without activity","src/mocks/handlers/dashboard.ts"
"srv.dash.kpi.longerDays","дольше {days} дн.","{days} kundan ortiq","over {days} days","src/mocks/handlers/dashboard.ts"
"srv.dash.kpi.newClaims","Новые убытки","Yangi zararlar","New claims","src/mocks/handlers/dashboard.ts"
"srv.dash.kpi.noResponse","Клиника не ответила","Klinika javob bermadi","The clinic did not respond","src/mocks/handlers/dashboard.ts"
"srv.dash.kpi.opinions","Запрошенные заключения","Soʻralgan xulosalar","Requested opinions","src/mocks/handlers/dashboard.ts"
"srv.dash.kpi.overdue","Просроченные взносы","Muddati oʻtgan badallar","Overdue installments","src/mocks/handlers/dashboard.ts"
"srv.dash.kpi.overdueHint","счетов: {count}","hisoblar: {count}","invoices: {count}","src/mocks/handlers/dashboard.ts"
"srv.dash.kpi.params","Параметры на подтверждение","Tasdiqlanadigan parametrlar","Parameters to confirm","src/mocks/handlers/dashboard.ts"
"srv.dash.kpi.payouts","Выплаты к оплате","Toʻlanadigan toʻlovlar","Payouts to pay","src/mocks/handlers/dashboard.ts"
"srv.dash.kpi.payoutsHint","убытков: {claims}, реестров: {registries}","zararlar: {claims}, reyestrlar: {registries}","claims: {claims}, registers: {registries}","src/mocks/handlers/dashboard.ts"
"srv.dash.kpi.pipeline","Премия в воронке","Voronkadagi sugʻurta mukofoti","Premium in the pipeline","src/mocks/handlers/dashboard.ts"
"srv.dash.kpi.pipelineHint","просрочено взносов: {count}","muddati oʻtgan badallar: {count}","overdue installments: {count}","src/mocks/handlers/dashboard.ts"
"srv.dash.kpi.qa","Контрольная выборка","Nazorat tanlovi","Control sample","src/mocks/handlers/dashboard.ts"
"srv.dash.kpi.quotes","Котировки на моё согласование","Mening kelishuvimdagi kotirovkalar","Quotes for my approval","src/mocks/handlers/dashboard.ts"
"srv.dash.kpi.quotesHint","черновиков: {count}","qoralamalar: {count}","drafts: {count}","src/mocks/handlers/dashboard.ts"
"srv.dash.kpi.rebills","Счета ассистансов к оплате","Toʻlanadigan assistans hisoblari","Assistance invoices to pay","src/mocks/handlers/dashboard.ts"
"srv.dash.kpi.renewals","Продления за {days} дней без КП","{days} kun ichidagi tijorat taklifisiz uzaytirishlar","Renewals within {days} days without a commercial proposal","src/mocks/handlers/dashboard.ts"
"srv.dash.kpi.scans","Сканы на проверке","Tekshiruvdagi skanlar","Scans under review","src/mocks/handlers/dashboard.ts"
"srv.dash.kpi.signing","Договоры на подписании","Imzolanayotgan shartnomalar","Contracts being signed","src/mocks/handlers/dashboard.ts"
"srv.dash.kpi.signingHint","без оригинала: {count}","aslisiz: {count}","no original: {count}","src/mocks/handlers/dashboard.ts"
"srv.dash.kpi.sla","Ассистансы с нарушением SLA","SLA buzilgan assistanslar","Assistance companies with SLA breaches","src/mocks/handlers/dashboard.ts"
"srv.dash.lossFrom","Убыточность от {pct}","Zararlilik darajasi {pct} dan","Loss ratio from {pct}","src/mocks/handlers/dashboard.ts"
"srv.dash.q.ageLimit","Исполнилось {age} лет {date} · сотрудник {employee} · {client}","{date} kuni {age} yoshga toʻldi · xodim {employee} · {client}","Turned {age} on {date} · employee {employee} · {client}","src/mocks/handlers/dashboard.ts"
"srv.dash.q.appt","{specialty} · {clinic}","{specialty} · {clinic}","{specialty} · {clinic}","src/mocks/handlers/dashboard.ts"
"srv.dash.q.apptProposed","{specialty} · {clinic} · клиника предложила другое время","{specialty} · {clinic} · klinika boshqa vaqt taklif qildi","{specialty} · {clinic} · the clinic proposed another time","src/mocks/handlers/dashboard.ts"
"srv.dash.q.awaitingMig","{number} · ждёт подписи МИГ","{number} · MIG imzosini kutmoqda","{number} · awaiting MIG signature","src/mocks/handlers/dashboard.ts"
"srv.dash.q.awaitingMigClientSigned","{number} · ждёт подписи МИГ, клиент подписал","{number} · MIG imzosini kutmoqda, mijoz imzoladi","{number} · awaiting MIG signature, the client has signed","src/mocks/handlers/dashboard.ts"
"srv.dash.q.bankPaymentDoc","п/п № {doc} · {amount} · {purpose}","toʻlov topshiriqnomasi № {doc} · {amount} · {purpose}","payment order No. {doc} · {amount} · {purpose}","src/mocks/handlers/dashboard.ts"
"srv.dash.q.changedClauses","{number} · изменено пунктов: {count}","{number} · oʻzgartirilgan bandlar: {count}","{number} · clauses changed: {count}","src/mocks/handlers/dashboard.ts"
"srv.dash.q.financeDiffers","{number} · финансовые условия отличаются от котировки","{number} · moliyaviy shartlar kotirovkadan farq qiladi","{number} · financial terms differ from the quote","src/mocks/handlers/dashboard.ts"
"srv.dash.q.kpAccepted","{number} · КП принято","{number} · tijorat taklifi qabul qilindi","{number} · commercial proposal accepted","src/mocks/handlers/dashboard.ts"
"srv.dash.q.kpSent","{number} · отправлено {date}","{number} · yuborilgan {date}","{number} · sent {date}","src/mocks/handlers/dashboard.ts"
"srv.dash.q.lastActivity","{number} · последняя активность {date}","{number} · oxirgi faollik {date}","{number} · last activity {date}","src/mocks/handlers/dashboard.ts"
"srv.dash.q.limit","{category}: {from} → {to}","{category}: {from} → {to}","{category}: {from} → {to}","src/mocks/handlers/dashboard.ts"
"srv.dash.q.lossRatio","Убыточность {pct} · премия {premium}","Zararlilik darajasi {pct} · mukofot {premium}","Loss ratio {pct} · premium {premium}","src/mocks/handlers/dashboard.ts"
"srv.dash.q.noOriginal","{number} · оригинал не получен дольше {days} дн.","{number} · asl nusxa {days} kundan ortiq olinmagan","{number} · original not received for over {days} days","src/mocks/handlers/dashboard.ts"
"srv.dash.q.otherAmounts","{number} · суммы по изменениям «прочее» · {amount}","{number} · «boshqa» oʻzgarishlar summalari · {amount}","{number} · amounts for «other» changes · {amount}","src/mocks/handlers/dashboard.ts"
"srv.dash.q.pendingDecision","{number} · решение {name} · {amount}","{number} · {name} qarori · {amount}","{number} · decision by {name} · {amount}","src/mocks/handlers/dashboard.ts"
"srv.dash.q.policyChangesRefund","Изменения состава: {count} · возврат {amount}","Tarkib oʻzgarishlari: {count} · qaytarish {amount}","Member changes: {count} · refund {amount}","src/mocks/handlers/dashboard.ts"
"srv.dash.q.policyChangesSurcharge","Изменения состава: {count} · доплата {amount}","Tarkib oʻzgarishlari: {count} · qoʻshimcha toʻlov {amount}","Member changes: {count} · surcharge {amount}","src/mocks/handlers/dashboard.ts"
"srv.dash.q.proposedBy","Предложил {name} · {reason}","{name} taklif qildi · {reason}","Proposed by {name} · {reason}","src/mocks/handlers/dashboard.ts"
"srv.dash.q.qaGuarantee","ГП · {label}","Kafolat xati · {label}","GL · {label}","src/mocks/handlers/dashboard.ts"
"srv.dash.q.qaRegistryLine","Строка реестра · {label}","Reyestr qatori · {label}","Register line · {label}","src/mocks/handlers/dashboard.ts"
"srv.dash.q.quote","{number} · премия {premium} · скидка {discount}","{number} · mukofot {premium} · chegirma {discount}","{number} · premium {premium} · discount {discount}","src/mocks/handlers/dashboard.ts"
"srv.dash.q.rebillLines","{number} · строк {count} · {amount}","{number} · qatorlar {count} · {amount}","{number} · lines {count} · {amount}","src/mocks/handlers/dashboard.ts"
"srv.dash.q.registry","Реестр за {period} · {amount}","{period} uchun reyestr · {amount}","Register for {period} · {amount}","src/mocks/handlers/dashboard.ts"
"srv.dash.q.renewal","Полис до {date} · {premium}","Polis {date} gacha · {premium}","Policy until {date} · {premium}","src/mocks/handlers/dashboard.ts"
"srv.dash.q.scanClient","{number} · скан подписи клиента","{number} · mijoz imzosi skani","{number} · client signature scan","src/mocks/handlers/dashboard.ts"
"srv.dash.q.scanClientBy","{number} · скан подписи клиента · загрузил {name}","{number} · mijoz imzosi skani · {name} yukladi","{number} · client signature scan · uploaded by {name}","src/mocks/handlers/dashboard.ts"
"srv.dash.q.scanMig","{number} · скан подписи МИГ","{number} · MIG imzosi skani","{number} · MIG signature scan","src/mocks/handlers/dashboard.ts"
"srv.dash.q.scanMigBy","{number} · скан подписи МИГ · загрузил {name}","{number} · MIG imzosi skani · {name} yukladi","{number} · MIG signature scan · uploaded by {name}","src/mocks/handlers/dashboard.ts"
"srv.dash.q.signedBoth","{number} · МИГ подписал, клиент подписал","{number} · MIG imzoladi, mijoz imzoladi","{number} · MIG has signed, the client has signed","src/mocks/handlers/dashboard.ts"
"srv.dash.q.signedMig","{number} · МИГ подписал","{number} · MIG imzoladi","{number} · MIG has signed","src/mocks/handlers/dashboard.ts"
"srv.dash.q.slaBreached","Обращений с нарушенным SLA: {count}","SLA buzilgan murojaatlar: {count}","Cases with SLA breached: {count}","src/mocks/handlers/dashboard.ts"
"srv.dash.q.webhooks","Вебхуки не доставлены: {count}","Yetkazilmagan vebxuklar: {count}","Webhooks not delivered: {count}","src/mocks/handlers/dashboard.ts"
"srv.dash.q.webhooksFailed","Вебхуки не доставлены: {count}, из них окончательно: {failed}","Yetkazilmagan vebxuklar: {count}, shundan butunlay: {failed}","Webhooks not delivered: {count}, permanently: {failed}","src/mocks/handlers/dashboard.ts"
"srv.dash.quote","Котировка","Kotirovka","Quote","src/mocks/handlers/dashboard.ts"
"srv.dash.st.aboveAuthor","Выше полномочий автора","Muallif vakolatlaridan yuqori","Above the author's authority limits","src/mocks/handlers/dashboard.ts"
"srv.dash.st.aboveThreshold","Выше порога {pct}","{pct} chegarasidan yuqori","Above the {pct} threshold","src/mocks/handlers/dashboard.ts"
"srv.dash.st.ageLimitReached","Решить об исключении","Chiqarish haqida qaror qiling","Decide on exclusion","src/mocks/handlers/dashboard.ts"
"srv.dash.st.allocateManually","Разнести вручную","Qoʻlda taqsimlash","Match manually","src/mocks/handlers/dashboard.ts"
"srv.dash.st.appeal","Апелляция","Eʼtiroz","Appeal","src/mocks/handlers/dashboard.ts"
"srv.dash.st.approveAmounts","Утвердить суммы","Summalarni tasdiqlash","Approve amounts","src/mocks/handlers/dashboard.ts"
"srv.dash.st.approveTerms","Утвердить условия","Shartlarni tasdiqlash","Approve terms","src/mocks/handlers/dashboard.ts"
"srv.dash.st.awaitingApproval","Ждёт подтверждения","Tasdiqlashni kutmoqda","Awaiting confirmation","src/mocks/handlers/dashboard.ts"
"srv.dash.st.awaitingConfirmation","Ожидает подтверждения","Tasdiqlashni kutmoqda","Awaiting confirmation","src/mocks/handlers/dashboard.ts"
"srv.dash.st.awaitingDecision","Ждёт решения","Qarorni kutmoqda","Awaiting decision","src/mocks/handlers/dashboard.ts"
"srv.dash.st.awaitingPatient","Ждём ответа пациента","Bemor javobini kutyapmiz","Waiting for the patient","src/mocks/handlers/dashboard.ts"
"srv.dash.st.checkDecision","Проверить решение","Qarorni tekshirish","Check the decision","src/mocks/handlers/dashboard.ts"
"srv.dash.st.checkScan","Проверить скан","Skanni tekshirish","Check the scan","src/mocks/handlers/dashboard.ts"
"srv.dash.st.claimNew","Новый","Yangi","New","src/mocks/handlers/dashboard.ts"
"srv.dash.st.claimOverdue","Просрочен SLA","SLA muddati oʻtgan","SLA overdue","src/mocks/handlers/dashboard.ts"
"srv.dash.st.complaint","Жалоба","Shikoyat","Complaint","src/mocks/handlers/dashboard.ts"
"srv.dash.st.confirmationNeeded","Нужно подтверждение","Tasdiqlash kerak","Confirmation needed","src/mocks/handlers/dashboard.ts"
"srv.dash.st.decisionNeeded","Нужно решение","Qaror kerak","Decision needed","src/mocks/handlers/dashboard.ts"
"srv.dash.st.deliveryError","Ошибка доставки","Yetkazish xatosi","Delivery error","src/mocks/handlers/dashboard.ts"
"srv.dash.st.escalation","Эскалация: {name}","Eskalatsiya: {name}","Escalation: {name}","src/mocks/handlers/dashboard.ts"
"srv.dash.st.flaggedLines","Строк с флагами: {count}","Belgili qatorlar: {count}","Flagged lines: {count}","src/mocks/handlers/dashboard.ts"
"srv.dash.st.flags","Флагов: {count}","Belgilar: {count}","Flags: {count}","src/mocks/handlers/dashboard.ts"
"srv.dash.st.inReview","На согласовании","Kelishishda","Under approval","src/mocks/handlers/dashboard.ts"
"srv.dash.st.kpNoAnswer","КП без ответа","Tijorat taklifiga javob yoʻq","No response to the commercial proposal","src/mocks/handlers/dashboard.ts"
"srv.dash.st.legalReturned","Юрист вернул","Yurist qaytardi","Returned by the lawyer","src/mocks/handlers/dashboard.ts"
"srv.dash.st.linesInReview","Строки на проверке","Tekshiruvdagi qatorlar","Lines under review","src/mocks/handlers/dashboard.ts"
"srv.dash.st.noActivity","Нет активности","Faollik yoʻq","No activity","src/mocks/handlers/dashboard.ts"
"srv.dash.st.noKp","Нет КП","Tijorat taklifi yoʻq","No commercial proposal","src/mocks/handlers/dashboard.ts"
"srv.dash.st.noOriginal","Нет оригинала","Asl nusxa yoʻq","No original","src/mocks/handlers/dashboard.ts"
"srv.dash.st.noResponse","Клиника не ответила","Klinika javob bermadi","The clinic did not respond","src/mocks/handlers/dashboard.ts"
"srv.dash.st.overdueInstallment","Просрочен взнос","Badal muddati oʻtgan","Overdue installment","src/mocks/handlers/dashboard.ts"
"srv.dash.st.payoutClinic","Выплата клинике","Klinikaga toʻlov","Payout to the clinic","src/mocks/handlers/dashboard.ts"
"srv.dash.st.payoutInsured","Выплата застрахованному","Sugʻurtalangan shaxsga toʻlov","Payout to the insured person","src/mocks/handlers/dashboard.ts"
"srv.dash.st.prepareContract","Подготовить договор","Shartnomani tayyorlash","Prepare the contract","src/mocks/handlers/dashboard.ts"
"srv.dash.st.quoteDraft","Мой черновик","Mening qoralamam","My draft","src/mocks/handlers/dashboard.ts"
"srv.dash.st.quoteMine","На моё согласование","Mening kelishuvimda","For my approval","src/mocks/handlers/dashboard.ts"
"srv.dash.st.requestFrom","Просит: {name}","Soʻraydi: {name}","Asked by: {name}","src/mocks/handlers/dashboard.ts"
"srv.dash.st.requestedBy","Запросил {name}","{name} soʻradi","Requested by {name}","src/mocks/handlers/dashboard.ts"
"srv.dash.st.retries","Повторы","Qayta urinishlar","Retries","src/mocks/handlers/dashboard.ts"
"srv.dash.st.secondApproval","Нужно второе одобрение","Ikkinchi tasdiq kerak","Second approval needed","src/mocks/handlers/dashboard.ts"
"srv.dash.st.signing","На подписании","Imzolanmoqda","Being signed","src/mocks/handlers/dashboard.ts"
"srv.dash.st.slaBreached","SLA нарушен","SLA buzilgan","SLA breached","src/mocks/handlers/dashboard.ts"
"srv.dash.st.toPay","К оплате","Toʻlash uchun","To pay","src/mocks/handlers/dashboard.ts"
"srv.deal.alreadyClosed","Сделка уже закрыта","Bitim allaqachon yopilgan","The deal is already closed","src/mocks/handlers/lifecycle.ts"
"srv.deal.chooseUnderwriter","Выберите андеррайтера","Anderrayterni tanlang","Choose an underwriter","src/mocks/handlers/lifecycle.ts"
"srv.deal.closed","Сделка закрыта","Bitim yopilgan","The deal is closed","src/mocks/handlers/lifecycle.ts"
"srv.deal.reminderOriginal","Оригинал договора {number} от клиента не получен дольше {days} дн.","{number} shartnomaning asl nusxasi mijozdan {days} kundan ortiq olinmagan","The original of contract {number} has not been received from the client for over {days} days","src/mocks/handlers/lifecycle.ts"
"srv.deal.reminderOverdue","Просрочено взносов: {count}","Muddati oʻtgan badallar: {count}","Overdue installments: {count}","src/mocks/handlers/lifecycle.ts"
"srv.deal.uploadCensusFirst","Сначала загрузите данные для оценки","Avval baholash uchun maʼlumotlarni yuklang","Upload the data for assessment first","src/mocks/handlers/lifecycle.ts"
"srv.decision.alreadyMade","Решение уже принято","Qaror allaqachon qabul qilingan","The decision has already been made","src/mocks/handlers/assist.ts; src/mocks/handlers/settlement.ts; src/mocks/handlers/staff-clinics.ts"
"srv.doc.clientSigned","Клиент уже подписал","Mijoz allaqachon imzolagan","The client has already signed","src/mocks/handlers/contracts.ts"
"srv.doc.migSigned","МИГ уже подписал","MIG allaqachon imzolagan","MIG has already signed","src/mocks/handlers/contracts.ts"
"srv.doc.notApproved","Документ ещё не согласован","Hujjat hali kelishilmagan","The document has not been approved yet","src/mocks/handlers/contracts.ts"
"srv.doc.notInReview","Документ не на согласовании","Hujjat kelishishda emas","The document is not under approval","src/mocks/handlers/contracts.ts"
"srv.doc.notSentToClient","Документ ещё не отправлен клиенту","Hujjat hali mijozga yuborilmagan","The document has not been sent to the client yet","src/mocks/handlers/contracts.ts"
"srv.doc.reviewDraftOnly","Отправить на согласование можно черновик","Kelishishga faqat qoralamani yuborish mumkin","Only a draft can be sent for approval","src/mocks/handlers/contracts.ts"
"srv.doc.sendApprovedOnly","Отправить клиенту можно согласованный документ","Mijozga faqat kelishilgan hujjatni yuborish mumkin","Only an approved document can be sent to the client","src/mocks/handlers/contracts.ts"
"srv.endorsement.activeContractOnly","Доп. соглашение оформляется к действующему договору","Qoʻshimcha kelishuv amaldagi shartnomaga rasmiylashtiriladi","An endorsement is issued only for an active contract","src/mocks/lifecycle-core.ts"
"srv.endorsement.activeOnly","Изменения оформляются к действующему договору","Oʻzgarishlar amaldagi shartnomaga rasmiylashtiriladi","Changes are issued only for an active contract","src/mocks/handlers/contracts.ts"
"srv.endorsement.amountNeedsApproval","Суммы по прочим условиям утверждает андеррайтер","Boshqa shartlar boʻyicha summalarni anderrayter tasdiqlaydi","The underwriter approves amounts for other terms","src/mocks/handlers/contracts.ts"
"srv.endorsement.describe","Опишите изменение","Oʻzgarishni tavsiflang","Describe the change","src/mocks/handlers/contracts.ts"
"srv.endorsement.describeAndAmount","Опишите изменение и сумму","Oʻzgarish va summani tavsiflang","Describe the change and the amount","src/mocks/handlers/contracts.ts"
"srv.endorsement.draftOnly","Изменить можно черновик","Faqat qoralamani oʻzgartirish mumkin","Only a draft can be changed","src/mocks/handlers/contracts.ts"
"srv.endorsement.noRequests","Нет заявок на изменение для доп. соглашения","Qoʻshimcha kelishuv uchun oʻzgartirish soʻrovlari yoʻq","There are no change requests for an endorsement","src/mocks/handlers/contracts.ts"
"srv.endorsement.otherProgram","Выберите другую программу","Boshqa dasturni tanlang","Choose a different plan","src/mocks/handlers/contracts.ts"
"srv.family.consentAdultsOnly","Разрешение даёт только взрослый член семьи в своём профиле","Ruxsatni faqat voyaga yetgan oila aʼzosi oʻz profilida beradi","Only an adult family member can give this permission in their own profile","src/mocks/handlers/me.ts"
"srv.family.employeeOnly","Добавить члена семьи может только сотрудник","Oila aʼzosini faqat xodim qoʻsha oladi","Only the employee can add a family member","src/mocks/handlers/me.ts"
"srv.family.noEmployee","Сотрудник не найден среди застрахованных компании","Xodim kompaniyaning sugʻurtalanganlari orasida topilmadi","The employee is not among the company's insured persons","src/mocks/handlers/hr.ts; src/mocks/policy-core.ts"
"srv.family.phoneTaken","Этот телефон уже используется для входа другого застрахованного","Bu telefon boshqa sugʻurtalangan shaxsning kirishi uchun ishlatilmoqda","This phone is already used to sign in by another insured person","src/mocks/family-requests.ts"
"srv.family.requestDecided","По заявке уже принято решение","Ariza boʻyicha qaror allaqachon qabul qilingan","The request has already been decided","src/mocks/handlers/hr.ts"
"srv.file.chooseCsv","Выберите файл CSV","CSV faylni tanlang","Choose a CSV file","src/mocks/handlers/clinic.ts"
"srv.file.max10","Не больше 10 файлов","Koʻpi bilan 10 ta fayl","No more than 10 files","src/mocks/handlers/claims.ts; src/mocks/handlers/clinic.ts"
"srv.file.onlyPdfJpegPng","Можно загрузить только PDF, JPEG или PNG","Faqat PDF, JPEG yoki PNG yuklash mumkin","Only PDF, JPEG or PNG can be uploaded","src/mocks/handlers/contracts.ts; src/mocks/uploads.ts"
"srv.file.tooLarge10mb","Файл больше 10 МБ","Fayl 10 MB dan katta","The file is larger than 10 MB","src/mocks/handlers/me.ts; src/mocks/uploads.ts"
"srv.file.tooLarge1mb","Файл больше 1 МБ","Fayl 1 MB dan katta","The file is larger than 1 MB","src/mocks/handlers/contracts.ts; src/mocks/handlers/lifecycle.ts"
"srv.file.tooLarge20mb","Файл больше 20 МБ","Fayl 20 MB dan katta","The file is larger than 20 MB","src/mocks/handlers/contracts.ts"
"srv.file.tooLarge2mb","Файл больше 2 МБ","Fayl 2 MB dan katta","The file is larger than 2 MB","src/mocks/handlers/hr.ts"
"srv.file.tooLarge5mb","Файл больше 5 МБ","Fayl 5 MB dan katta","The file is larger than 5 MB","src/mocks/handlers/clinic.ts; src/mocks/policy-core.ts"
"srv.file.unsupported","Неподдерживаемый формат","Qoʻllab-quvvatlanmaydigan format","Unsupported format","src/mocks/handlers/contracts.ts; src/mocks/handlers/me.ts; src/mocks/uploads.ts"
"srv.form.invalid","Некорректные данные формы","Shakl maʼlumotlari notoʻgʻri","Invalid form data","src/mocks/handlers/contracts.ts; src/mocks/handlers/me.ts; src/mocks/uploads.ts"
"srv.guarantee.alreadyDecided","По этому письму уже принято решение","Bu xat boʻyicha qaror allaqachon qabul qilingan","A decision on this letter has already been made","src/mocks/handlers/clinic.ts"
"srv.guarantee.assistanceDecides","Решение принимает {name}: МИГ решает только эскалации","Qarorni {name} qabul qiladi: MIG faqat eskalatsiyalarni hal qiladi","{name} makes the decision: MIG decides only escalations","src/mocks/handlers/staff-clinics.ts"
"srv.guarantee.assistanceDefault","ассистанс","assistans","the assistance company","src/mocks/handlers/dashboard.ts; src/mocks/handlers/staff-clinics.ts"
"srv.guarantee.awaitingDocs","Ждём документы от клиники","Klinikadan hujjatlarni kutyapmiz","Waiting for documents from the clinic","src/mocks/handlers/assist.ts; src/mocks/handlers/staff-clinics.ts"
"srv.guarantee.chooseService","Выберите услугу, которой нужно ГП","Kafolat xati kerak boʻlgan xizmatni tanlang","Choose a service that needs a guarantee letter","src/mocks/handlers/assist.ts"
"srv.guarantee.escalated","Письмо передано в МИГ: решение принимает врач-эксперт МИГ","Xat MIGga topshirilgan: qarorni MIG ekspert shifokori qabul qiladi","The letter has been passed to MIG: a MIG medical expert decides","src/mocks/handlers/assist.ts"
"srv.guarantee.fourEyes","Второе одобрение должен дать другой врач-эксперт (правило четырёх глаз)","Ikkinchi tasdiqni boshqa ekspert shifokor berishi kerak (toʻrt koʻz qoidasi)","The second approval must be given by another medical expert (four-eyes rule)","src/mocks/handlers/staff-clinics.ts"
"srv.guarantee.notNeeded","Для этой услуги гарантийное письмо не нужно","Bu xizmat uchun kafolat xati kerak emas","This service does not need a guarantee letter","src/mocks/handlers/assist.ts"
"srv.hr.alreadyExcluded","Сотрудник уже исключён","Xodim allaqachon chiqarilgan","The employee has already been excluded","src/mocks/handlers/hr.ts"
"srv.hr.alreadyListed","Уже есть в списке","Roʻyxatda allaqachon bor","Already in the list","src/mocks/family-requests.ts; src/mocks/handlers/hr.ts; src/mocks/handlers/me.ts"
"srv.hr.missingColumns","В файле нет колонок: {columns}. Скачайте шаблон","Faylda ustunlar yoʻq: {columns}. Shablonni yuklab oling","The file is missing columns: {columns}. Download the template","src/mocks/handlers/hr.ts; src/mocks/policy-core.ts"
"srv.hr.over1000Rows","В файле больше 1000 строк","Faylda 1000 dan ortiq qator bor","The file has more than 1000 rows","src/mocks/handlers/hr.ts"
"srv.hr.pinflInsured","Сотрудник с таким ПИНФЛ уже застрахован","Bunday JShShIRli xodim allaqachon sugʻurtalangan","An employee with this PINFL is already insured","src/mocks/family-requests.ts; src/mocks/handlers/hr.ts; src/mocks/handlers/me.ts"
"srv.hrStats.age30to44","30–44 года","30–44 yosh","30–44 years","src/mocks/handlers/hr.ts"
"srv.hrStats.age45plus","45 лет и старше","45 yosh va undan katta","45 and older","src/mocks/handlers/hr.ts"
"srv.hrStats.ageUnder30","до 30 лет","30 yoshgacha","under 30","src/mocks/handlers/hr.ts"
"srv.hrStats.appActive","Пользуются приложением","Ilovadan foydalanadi","Use the app","src/mocks/handlers/hr.ts"
"srv.hrStats.appInvited","Приглашены","Taklif qilingan","Invited","src/mocks/handlers/hr.ts"
"srv.hrStats.appNotInvited","Не приглашены","Taklif qilinmagan","Not invited","src/mocks/handlers/hr.ts"
"srv.invoice.overRemaining","Сумма больше остатка по счёту","Summa hisob qoldigʻidan katta","The amount exceeds the invoice balance","src/mocks/handlers/contracts.ts"
"srv.invoice.remaining","Остаток {amount}","Qoldiq {amount}","Balance {amount}","src/mocks/handlers/contracts.ts"
"srv.kp.alreadyRevoked","КП уже отозвано","Tijorat taklifi allaqachon qaytarib olingan","The commercial proposal has already been revoked","src/mocks/handlers/kp.ts"
"srv.kp.answerSentOnly","Ответить можно только на отправленное КП","Faqat yuborilgan tijorat taklifiga javob berish mumkin","Only a sent commercial proposal can be answered","src/mocks/handlers/lifecycle.ts"
"srv.kp.assistanceNotFound","Ассистанс не найден","Assistans topilmadi","Assistance company not found","src/mocks/handlers/kp.ts"
"srv.kp.chooseAssistance","Выберите ассистанс из списка","Roʻyxatdan assistansni tanlang","Choose an assistance company from the list","src/mocks/handlers/kp.ts"
"srv.kp.expired","Срок действия КП истёк. Создайте новую версию","Tijorat taklifining amal qilish muddati tugagan. Yangi versiya yarating","The commercial proposal has expired. Create a new version","src/mocks/handlers/kp.ts"
"srv.kp.locked","Отправленное или отозванное КП нельзя изменить. Создайте новую версию","Yuborilgan yoki qaytarib olingan tijorat taklifini oʻzgartirib boʻlmaydi. Yangi versiya yarating","A sent or revoked commercial proposal cannot be changed. Create a new version","src/mocks/handlers/kp.ts"
"srv.kp.needsApprovedQuote","КП можно отправить только по утверждённой котировке","Tijorat taklifini faqat tasdiqlangan kotirovka boʻyicha yuborish mumkin","A commercial proposal can be sent only for an approved quote","src/mocks/handlers/kp.ts; src/mocks/handlers/lifecycle.ts"
"srv.kp.sendDraftOnly","Отправить можно только черновик","Faqat qoralamani yuborish mumkin","Only a draft can be sent","src/mocks/handlers/kp.ts"
"srv.limits.alreadyReviewed","Запрос уже рассмотрен","Soʻrov allaqachon koʻrib chiqilgan","The request has already been reviewed","src/mocks/handlers/staff-misc.ts"
"srv.limits.sameValue","Новый лимит совпадает с текущим","Yangi limit joriy limit bilan bir xil","The new limit matches the current one","src/mocks/handlers/staff-misc.ts"
"srv.lines.alreadyDecided","По строке уже принято решение","Qator boʻyicha qaror allaqachon qabul qilingan","A decision on this line has already been made","src/mocks/handlers/assist.ts; src/mocks/handlers/staff-assistance.ts; src/mocks/handlers/staff-clinics.ts"
"srv.medcard.accessExpired","Доступ к медкарте истёк. Укажите причину ещё раз","Tibbiy kartaga ruxsat muddati tugadi. Sababni qayta kiriting","Access to the medical record has expired. Enter the reason again","src/mocks/handlers/assist.ts; src/mocks/handlers/insured.ts"
"srv.migration.authorOnly","Это может сделать только автор пакета","Buni faqat paket muallifi qila oladi","Only the author of the batch can do this","src/mocks/handlers/migration.ts"
"srv.migration.fourEyes","Пакет применяет другой администратор, не автор","Paketni muallif emas, boshqa administrator qoʻllaydi","Another administrator, not the author, applies the batch","src/mocks/handlers/migration.ts"
"srv.migration.hasErrors","В файле есть строки с ошибками: исправьте файл или явно исключите их","Faylda xatoli qatorlar bor: faylni tuzating yoki ularni aniq chiqarib tashlang","The file has rows with errors: fix the file or exclude them explicitly","src/mocks/handlers/migration.ts"
"srv.migration.incomplete","Подтвердите или пропустите все шаги","Barcha qadamlarni tasdiqlang yoki oʻtkazib yuboring","Confirm or skip every step","src/mocks/handlers/migration.ts"
"srv.migration.manualInvalid","Проверьте поля договора","Shartnoma maydonlarini tekshiring","Check the contract fields","src/mocks/handlers/migration.ts"
"srv.migration.notApplied","Откатить можно только применённый пакет","Faqat qoʻllangan paketni bekor qilish mumkin","Only an applied batch can be rolled back","src/mocks/handlers/migration.ts; src/mocks/migration-core.ts"
"srv.migration.notDraft","Пакет уже не черновик","Paket endi qoralama emas","The batch is no longer a draft","src/mocks/handlers/migration.ts"
"srv.migration.notMigrated","Договор не перенесён из старой системы","Shartnoma eski tizimdan koʻchirilmagan","The contract was not transferred from the previous system","src/mocks/handlers/migration.ts"
"srv.migration.notPending","Пакет не ждёт подтверждения","Paket tasdiqlashni kutmayapti","The batch is not awaiting approval","src/mocks/handlers/migration.ts"
"srv.migration.notValidated","Сначала загрузите и проверьте файл","Avval faylni yuklang va tekshiring","Upload and check the file first","src/mocks/handlers/migration.ts"
"srv.migration.nothingToLoad","В пакете нет строк для загрузки","Paketda yuklanadigan qatorlar yoʻq","The batch has no rows to load","src/mocks/handlers/migration.ts"
"srv.migration.rollbackBlocked","С перенесёнными данными уже работали: откат невозможен","Koʻchirilgan maʼlumotlar bilan allaqachon ishlangan: bekor qilib boʻlmaydi","The transferred data is already in use: rollback is not possible","src/mocks/handlers/migration.ts"
"srv.migration.stale","Данные в системе изменились после проверки: в пакете появились ошибки, проверьте файлы заново","Tekshiruvdan keyin tizimdagi maʼlumotlar oʻzgardi: paketda xatolar paydo boʻldi, fayllarni qayta tekshiring","Data in the system changed after the check: the batch now has errors, check the files again","src/mocks/handlers/migration.ts; src/mocks/migration-core.ts"
"srv.migration.stepLocked","Сначала подтвердите предыдущие шаги пакета","Avval paketning oldingi qadamlarini tasdiqlang","Confirm the earlier steps of the batch first","src/mocks/handlers/migration.ts"
"srv.next.missing","Нельзя перейти на следующий этап. Не хватает: {items}","Keyingi bosqichga oʻtib boʻlmaydi. Yetishmaydi: {items}","The next stage is not available yet. Missing: {items}","src/mocks/handlers/contracts.ts"
"srv.noAssistance","Без ассистанса (МИГ)","Assistanssiz (MIG)","No assistance company (MIG)","src/mocks/handlers/settlement.ts; src/mocks/handlers/staff-assistance.ts"
"srv.params.alreadyPending","По этому параметру уже есть изменение на подтверждении","Bu parametr boʻyicha tasdiqlashni kutayotgan oʻzgarish allaqachon bor","A change to this parameter is already awaiting confirmation","src/mocks/handlers/params.ts"
"srv.params.fourEyes","Изменение подтверждает другой сотрудник: правило четырёх глаз","Oʻzgarishni boshqa xodim tasdiqlaydi: toʻrt koʻz qoidasi","Another employee confirms the change: four-eyes rule","src/mocks/handlers/params.ts"
"srv.params.sameValue","Новое значение совпадает с текущим","Yangi qiymat joriy qiymat bilan bir xil","The new value matches the current one","src/mocks/handlers/params.ts"
"srv.params.stale","Текущее значение уже изменилось. Отклоните предложение и создайте новое","Joriy qiymat allaqachon oʻzgargan. Taklifni rad eting va yangisini yarating","The current value has already changed. Reject the proposal and create a new one","src/mocks/handlers/params.ts"
"srv.params.valueUnchanged","Значение не изменилось","Qiymat oʻzgarmadi","The value has not changed","src/mocks/handlers/params.ts"
"srv.partners.alreadyDelivered","Событие уже доставлено","Hodisa allaqachon yetkazilgan","The event has already been delivered","src/mocks/handlers/partner-integration.ts"
"srv.partners.eventNotAllowed","Это событие не отправляется партнёрам такого типа","Bu hodisa bunday turdagi hamkorlarga yuborilmaydi","This event is not sent to partners of this type","src/mocks/handlers/partner-integration.ts"
"srv.partners.eventUnavailable","Недоступное событие","Mavjud boʻlmagan hodisa","Unavailable event","src/mocks/handlers/partner-integration.ts"
"srv.partners.scopeNotAllowed","Эта область доступа не выдаётся партнёрам такого типа","Bu ruxsat doirasi bunday turdagi hamkorlarga berilmaydi","This access scope is not granted to partners of this type","src/mocks/handlers/partner-integration.ts"
"srv.partners.scopeUnavailable","Недоступная область доступа","Mavjud boʻlmagan ruxsat doirasi","Unavailable access scope","src/mocks/handlers/partner-integration.ts"
"srv.payment.alreadyMatched","Платёж уже разнесён","Toʻlov allaqachon taqsimlangan","The payment has already been matched","src/mocks/handlers/contracts.ts"
"srv.payment.amountMismatch","Сумма не совпадает со строками: {total}","Summa qatorlarga mos kelmaydi: {total}","The amount does not match the lines: {total}","src/mocks/handlers/assist.ts"
"srv.payment.dateFuture","Дата оплаты не может быть в будущем","Toʻlov sanasi kelajakda boʻlishi mumkin emas","The payment date cannot be in the future","src/mocks/handlers/assist.ts"
"srv.payment.expected","Ожидается {total}","Kutilgan summa {total}","Expected {total}","src/mocks/handlers/assist.ts"
"srv.payment.invoiceTwice","Счёт указан дважды","Hisob ikki marta koʻrsatilgan","The invoice is listed twice","src/mocks/handlers/contracts.ts"
"srv.period.notStarted","Период ещё не наступил","Davr hali boshlanmagan","The period has not started yet","src/mocks/handlers/assist.ts"
"srv.policy.alreadyActive","У клиента уже есть действующий полис","Mijozda amaldagi polis allaqachon bor","The client already has an active policy","src/mocks/handlers/policies.ts"
"srv.policy.emailOtherCompany","Этот email уже используется другой компанией","Bu email boshqa kompaniya tomonidan allaqachon ishlatilmoqda","This email is already used by another company","src/mocks/handlers/policies.ts"
"srv.policy.noValidRows","В списке нет ни одной корректной строки","Roʻyxatda birorta ham toʻgʻri qator yoʻq","The list has no valid rows","src/mocks/handlers/policies.ts"
"srv.policy.noValidRowsShort","Нет корректных строк","Toʻgʻri qatorlar yoʻq","No valid rows","src/mocks/handlers/policies.ts"
"srv.policy.overMaxRows","В файле больше {max} строк","Faylda {max} dan ortiq qator bor","The file has more than {max} rows","src/mocks/policy-core.ts"
"srv.policy.principalNotInList","Сотрудник с этим ПИНФЛ не найден в списке","Bu JShShIR bilan xodim roʻyxatda topilmadi","No employee with this PINFL in the list","src/mocks/policy-core.ts"
"srv.policyChanges.alreadyRequested","По этому сотруднику уже есть заявка","Bu xodim boʻyicha soʻrov allaqachon bor","There is already a request for this employee","src/mocks/policy-core.ts"
"srv.policyChanges.alreadySent","Заявка на этого сотрудника уже отправлена","Bu xodim boʻyicha soʻrov allaqachon yuborilgan","A request for this employee has already been sent","src/mocks/handlers/me.ts; src/mocks/policy-core.ts"
"srv.policyChanges.noPolicy","У компании нет действующего полиса","Kompaniyada amaldagi polis yoʻq","The company has no active policy","src/mocks/policy-core.ts"
"srv.policyChanges.personExcluded","{name}: сотрудник уже исключён","{name}: xodim allaqachon chiqarilgan","{name}: the employee has already been excluded","src/mocks/handlers/policies.ts"
"srv.policyChanges.policyInactive","Полис {number} не действует","{number} polis amalda emas","Policy {number} is not active","src/mocks/handlers/policies.ts"
"srv.policyChanges.sentShort","Заявка уже отправлена","Soʻrov allaqachon yuborilgan","Request already sent","src/mocks/handlers/me.ts; src/mocks/policy-core.ts"
"srv.policyChanges.someDecided","По части заявок уже принято решение — обновите список","Soʻrovlarning bir qismi boʻyicha qaror allaqachon qabul qilingan — roʻyxatni yangilang","Some requests have already been decided: refresh the list","src/mocks/handlers/policies.ts"
"srv.quality.alreadyRated","Оценка уже поставлена","Baho allaqachon qoʻyilgan","The rating has already been given","src/mocks/handlers/staff-assistance.ts"
"srv.quote.alreadySent","Котировка уже отправлена","Kotirovka allaqachon yuborilgan","The quote has already been sent","src/mocks/handlers/lifecycle.ts"
"srv.quote.fourEyes","Котировку утверждает другой андеррайтер (правило четырёх глаз)","Kotirovkani boshqa anderrayter tasdiqlaydi (toʻrt koʻz qoidasi)","Another underwriter approves the quote (four-eyes rule)","src/mocks/handlers/lifecycle.ts"
"srv.quote.locked","Котировку на согласовании или утверждённую нельзя изменить","Kelishishdagi yoki tasdiqlangan kotirovkani oʻzgartirib boʻlmaydi","A quote under approval or approved cannot be changed","src/mocks/handlers/lifecycle.ts"
"srv.quote.notPending","Котировка не ждёт согласования","Kotirovka kelishishni kutmayapti","The quote is not awaiting approval","src/mocks/handlers/lifecycle.ts"
"srv.quote.overAuthority","Котировка выше ваших полномочий: нужен сотрудник с бо́льшими полномочиями","Kotirovka vakolatlaringizdan yuqori: kattaroq vakolatli xodim kerak","The quote exceeds your authority limits: an employee with higher limits is needed","src/mocks/handlers/lifecycle.ts"
"srv.rebill.alreadyPaid","Счёт уже оплачен","Hisob allaqachon toʻlangan","The invoice has already been paid","src/mocks/handlers/assist.ts; src/mocks/handlers/staff-assistance.ts"
"srv.rebill.alreadySent","Счёт уже отправлен","Hisob allaqachon yuborilgan","The invoice has already been sent","src/mocks/handlers/assist.ts"
"srv.rebill.disputeRejectedOnly","Оспорить можно только отклонённую строку","Faqat rad etilgan qatorga eʼtiroz bildirish mumkin","Only a rejected line can be disputed","src/mocks/handlers/assist.ts"
"srv.rebill.empty","В счёте нет строк: за период нет оплат клиникам","Hisobda qatorlar yoʻq: davr mobaynida klinikalarga toʻlovlar boʻlmagan","The invoice has no lines: there were no payments to clinics in the period","src/mocks/handlers/assist.ts"
"srv.rebill.fourEyes","Счёт принимал этот же сотрудник: оплачивает другой (правило четырёх глаз)","Hisobni shu xodim qabul qilgan: uni boshqa xodim toʻlaydi (toʻrt koʻz qoidasi)","The same employee accepted the invoice: another one pays it (four-eyes rule)","src/mocks/handlers/staff-assistance.ts"
"srv.rebill.lineNotFound","Строка реестра не найдена среди строк ассистанса","Reyestr qatori assistans qatorlari orasida topilmadi","The register line was not found among the assistance company's lines","src/mocks/assistance-core.ts"
"srv.rebill.payReviewedOnly","Оплатить можно только проверенный счёт","Faqat tekshirilgan hisobni toʻlash mumkin","Only a reviewed invoice can be paid","src/mocks/handlers/staff-assistance.ts"
"srv.rebill.periodSent","Счёт за {period} уже отправлен в МИГ","{period} uchun hisob allaqachon MIGga yuborilgan","The invoice for {period} has already been sent to MIG","src/mocks/assistance-core.ts"
"srv.rebill.registryLineNotFound","Строка реестра не найдена","Reyestr qatori topilmadi","Register line not found","src/mocks/assistance-core.ts"
"srv.receipt.addPhoto","Добавьте фото чека","Chek suratini qoʻshing","Add a photo of the receipt","src/mocks/handlers/me.ts"
"srv.receipt.max5","Не больше 5 фото","Koʻpi bilan 5 ta surat","No more than 5 photos","src/mocks/handlers/me.ts"
"srv.receipt.onlyImages","Можно загрузить только фото JPEG, PNG или WEBP","Faqat JPEG, PNG yoki WEBP suratlarni yuklash mumkin","Only JPEG, PNG or WEBP photos can be uploaded","src/mocks/handlers/me.ts"
"srv.registry.alreadyPaid","Реестр уже оплачен","Reyestr allaqachon toʻlangan","The register has already been paid","src/mocks/handlers/assist.ts; src/mocks/handlers/staff-clinics.ts"
"srv.registry.alreadySent","Реестр уже отправлен","Reyestr allaqachon yuborilgan","The register has already been submitted","src/mocks/clinic-core.ts"
"srv.registry.answerDisputes","Сначала ответьте на оспоренные строки","Avval eʼtiroz bildirilgan qatorlarga javob bering","Respond to the disputed lines first","src/mocks/handlers/staff-clinics.ts"
"srv.registry.chooseService","Выберите услугу из прайса","Narxlar roʻyxatidan xizmatni tanlang","Choose a service from the price list","src/mocks/handlers/clinic.ts"
"srv.registry.disputeRejectedUnpaid","Оспорить можно только отклонённую строку неоплаченного реестра","Faqat toʻlanmagan reyestrning rad etilgan qatoriga eʼtiroz bildirish mumkin","Only a rejected line of an unpaid register can be disputed","src/mocks/handlers/clinic.ts"
"srv.registry.draftOnly","Менять можно только черновик","Faqat qoralamani oʻzgartirish mumkin","Only a draft can be changed","src/mocks/handlers/clinic.ts"
"srv.registry.empty","В реестре нет строк","Reyestrda qatorlar yoʻq","The register has no lines","src/mocks/clinic-core.ts"
"srv.registry.fixLines","Исправьте строки реестра: {count}","Reyestr qatorlarini tuzating: {count}","Fix the register lines: {count}","src/mocks/clinic-core.ts"
"srv.registry.maxRows","Не больше {max} строк","Koʻpi bilan {max} ta qator","No more than {max} rows","src/mocks/handlers/clinic.ts"
"srv.registry.migLinesPaid","Строки МИГ уже оплачены","MIG qatorlari allaqachon toʻlangan","MIG lines have already been paid","src/mocks/handlers/staff-clinics.ts"
"srv.registry.missingColumns","В файле нет колонок: {columns}","Faylda ustunlar yoʻq: {columns}","The file is missing columns: {columns}","src/mocks/handlers/clinic.ts"
"srv.registry.noValidRows","Нет корректных строк для загрузки","Yuklash uchun toʻgʻri qatorlar yoʻq","No valid rows to upload","src/mocks/handlers/clinic.ts"
"srv.registry.outOfPeriod","Дата услуги вне периода {period}","Xizmat sanasi {period} davridan tashqarida","The service date is outside the period {period}","src/mocks/handlers/clinic.ts"
"srv.registry.payAcceptedOnly","Оплатить можно только принятые строки","Faqat qabul qilingan qatorlarni toʻlash mumkin","Only accepted lines can be paid","src/mocks/handlers/assist.ts"
"srv.registry.payReviewedOnly","Оплатить можно только проверенный реестр","Faqat tekshirilgan reyestrni toʻlash mumkin","Only a reviewed register can be paid","src/mocks/handlers/staff-clinics.ts"
"srv.registry.serviceNotInPrice","Услуги нет в прайсе договора","Xizmat shartnoma narxlar roʻyxatida yoʻq","The service is not in the contract's price list","src/mocks/handlers/clinic.ts"
"srv.registry.somePaid","Часть строк уже оплачена","Qatorlarning bir qismi allaqachon toʻlangan","Some lines have already been paid","src/mocks/handlers/assist.ts"
"srv.registry.tooManyRows","Слишком много строк","Qatorlar juda koʻp","Too many rows","src/mocks/handlers/clinic.ts"
"srv.registry.useTemplate","Скачайте шаблон и заполните его","Shablonni yuklab oling va toʻldiring","Download the template and fill it in","src/mocks/handlers/clinic.ts"
"srv.registry.visitNotFound","Визит не найден","Tashrif topilmadi","Visit not found","src/mocks/clinic-core.ts"
"srv.registry.visitNotInClinic","Визит не найден в вашей клинике","Tashrif klinikangizda topilmadi","The visit was not found in your clinic","src/mocks/handlers/clinic.ts"
"srv.signing.addFile","Добавьте файл","Fayl qoʻshing","Add a file","src/mocks/handlers/contracts.ts"
"srv.signing.addScan","Добавьте файл скана","Skan faylini qoʻshing","Add a scan file","src/mocks/handlers/contracts.ts"
"srv.signing.clientInPortal","Клиент подписывает в своём кабинете","Mijoz oʻz kabinetida imzolaydi","The client signs in their portal","src/mocks/handlers/contracts.ts"
"srv.signing.edoSignatoryOnly","Отправить в ЭДО может подписант МИГ: документ уходит с его подписью","EHAga faqat MIG imzolovchisi yubora oladi: hujjat uning imzosi bilan ketadi","Only a MIG signatory can send via e-document exchange: the document goes with their signature","src/mocks/handlers/contracts.ts"
"srv.signing.migFirst","Сначала отметьте «Подписано МИГ»","Avval «MIG imzolagan» deb belgilang","First mark «Signed by MIG»","src/mocks/handlers/contracts.ts"
"srv.signing.noScanPending","Скана на проверке нет","Tekshiruvda skan yoʻq","No scan is under review","src/mocks/handlers/contracts.ts"
"srv.signing.sideHint","mig или client","mig yoki client","mig or client","src/mocks/handlers/contracts.ts"
"srv.signing.sideRequired","Укажите сторону","Tomonni koʻrsating","Specify the side","src/mocks/handlers/contracts.ts"
"srv.signing.signatoryOnly","Подписать за МИГ может только подписант с доверенностью","MIG nomidan faqat ishonchnomaga ega imzolovchi imzolay oladi","Only a signatory with a power of attorney can sign for MIG","src/mocks/handlers/contracts.ts"
"srv.staffUsers.selfDeactivate","Нельзя деактивировать самого себя","Oʻzingizni faolsizlantirib boʻlmaydi","You cannot deactivate yourself","src/mocks/handlers/staff-misc.ts"
"srv.staffUsers.selfRole","Нельзя снять роль администратора с самого себя","Oʻzingizdan administrator rolini olib boʻlmaydi","You cannot remove the administrator role from yourself","src/mocks/handlers/staff-misc.ts"
"srv.statement.badDateOrAmount","Дата ГГГГ-ММ-ДД и сумма — целое число","Sana YYYY-OO-KK va summa — butun son","Date YYYY-MM-DD and the amount as a whole number","src/mocks/handlers/contracts.ts"
"srv.statement.missingColumns","Нет столбцов: {columns}","Ustunlar yoʻq: {columns}","Missing columns: {columns}","src/mocks/handlers/contracts.ts"
"srv.statement.noDocNumber","Нет номера платёжного документа","Toʻlov hujjati raqami yoʻq","No payment document number","src/mocks/handlers/contracts.ts"
"srv.statement.over5000Rows","Не больше 5000 строк в выписке","Koʻchirmada koʻpi bilan 5000 ta qator","No more than 5000 rows in a statement","src/mocks/handlers/contracts.ts"
"srv.task.closed","Задача уже выполнена.","Vazifa allaqachon bajarilgan.","The task is already done.","src/mocks/handlers/tasks.ts"
"srv.task.noHr","У клиента ещё нет кабинета HR: отправьте письмо с шаблоном.","Mijozda hali HR kabineti yoʻq: shablon bilan xat yuboring.","The client has no HR cabinet yet: send a letter with the template.","src/mocks/handlers/tasks.ts"
"srv.text","{text}","{text}","{text}","src/mocks/http.ts"
"srv.time.chooseFuture","Выберите время в будущем","Kelajakdagi vaqtni tanlang","Choose a time in the future","src/mocks/clinic-core.ts; src/mocks/handlers/claims.ts"
"srv.users.emailInUse","Email уже используется","Email allaqachon ishlatilmoqda","Email is already in use","src/mocks/handlers/assist.ts; src/mocks/handlers/clinic.ts; src/mocks/handlers/policies.ts; src/mocks/handlers/staff-assistance.ts; src/mocks/handlers/staff-clinics.ts"
"srv.users.emailTaken","Пользователь с таким email уже есть","Bunday emailli foydalanuvchi allaqachon bor","A user with this email already exists","src/mocks/handlers/assist.ts; src/mocks/handlers/clinic.ts; src/mocks/handlers/staff-assistance.ts; src/mocks/handlers/staff-clinics.ts; src/mocks/handlers/staff-misc.ts"
"staff.appts.allDates","Все даты","Barcha sanalar","All dates","src/features/staff/pages/AppointmentsPage.tsx"
"staff.appts.byClinic","ответила клиника","klinika javob berdi","clinic responded","src/features/staff/pages/AppointmentsPage.tsx"
"staff.appts.byOperator","ответил оператор МИГ","MIG operatori javob berdi","MIG operator responded","src/features/staff/pages/AppointmentsPage.tsx"
"staff.appts.chooseOtherDay","Выберите другой день","Boshqa kunni tanlang","Choose another day","src/features/staff/pages/AppointmentsPage.tsx"
"staff.appts.colWhen","Когда","Qachon","When","src/features/staff/pages/AppointmentsPage.tsx"
"staff.appts.day","День","Kun","Day","src/features/staff/pages/AppointmentsPage.tsx"
"staff.appts.dayCaption","Записи на {date} по клиникам","{date} kuni klinikalar boʻyicha qabullar","Appointments on {date} by clinic","src/features/staff/pages/AppointmentsPage.tsx"
"staff.appts.dayEmpty","На {date} записей нет","{date} kuniga qabullar yoʻq","No appointments on {date}","src/features/staff/pages/AppointmentsPage.tsx"
"staff.appts.declineText","Застрахованный получит уведомление с причиной и сможет записаться на другое время.","Sugʻurtalangan shaxs sababi koʻrsatilgan bildirishnoma oladi va boshqa vaqtga yozilishi mumkin.","The insured person will be notified with the reason and can book another time.","src/features/staff/pages/AppointmentsPage.tsx"
"staff.appts.declineTitle","Отклонить запись","Qabulni rad etish","Reject appointment","src/features/staff/pages/AppointmentsPage.tsx"
"staff.appts.declined","Запись отклонена","Qabul rad etildi","Appointment rejected","src/features/staff/pages/AppointmentsPage.tsx"
"staff.appts.emptyHint","Измените фильтры или выберите другую дату","Filtrlarni oʻzgartiring yoki boshqa sanani tanlang","Change the filters or choose another date","src/features/staff/pages/AppointmentsPage.tsx"
"staff.appts.fromClinicSystem","слот из системы клиники","klinika tizimidan slot","slot from the clinic system","src/features/staff/pages/AppointmentsPage.tsx"
"staff.appts.list","Список","Roʻyxat","List","src/features/staff/pages/AppointmentsPage.tsx"
"staff.appts.next","Следующий →","Keyingi →","Next →","src/features/staff/pages/AppointmentsPage.tsx"
"staff.appts.prev","← Предыдущий","← Oldingi","← Previous","src/features/staff/pages/AppointmentsPage.tsx"
"staff.appts.proposedOther","клиника предложила другое время","klinika boshqa vaqtni taklif qildi","clinic proposed another time","src/features/staff/pages/AppointmentsPage.tsx"
"staff.appts.quickDoctor","Врач не принимает в это время","Shifokor bu vaqtda qabul qilmaydi","The doctor does not see patients at this time","src/features/staff/pages/AppointmentsPage.tsx"
"staff.appts.quickProgram","Клиника не работает с программой","Klinika bu dastur bilan ishlamaydi","The clinic does not work with this plan","src/features/staff/pages/AppointmentsPage.tsx"
"staff.appts.quickSpecialty","Нужна другая специальность","Boshqa mutaxassislik kerak","Another specialty is needed","src/features/staff/pages/AppointmentsPage.tsx"
"staff.appts.reasonRequired","Укажите причину","Sababini koʻrsating","State the reason","src/features/staff/pages/AppointmentsPage.tsx"
"staff.appts.searchPlaceholder","ФИО или клиника","F.I.Sh. yoki klinika","Full name or clinic","src/features/staff/pages/AppointmentsPage.tsx"
"staff.appts.title","Записи к врачу","Shifokor qabullari","Appointments","src/features/staff/pages/AppointmentsPage.tsx"
"staff.appts.today","Сегодня","Bugun","Today","src/features/staff/pages/AppointmentsPage.tsx"
"staff.appts.view","Вид","Koʻrinish","View","src/features/staff/pages/AppointmentsPage.tsx"
"staff.audit.allEmployees","Все сотрудники","Barcha xodimlar","All employees","src/features/staff/pages/AuditPage.tsx"
"staff.audit.allInclMig","Все, включая МИГ","Hammasi, MIG bilan birga","All, including MIG","src/features/staff/pages/AuditPage.tsx"
"staff.audit.assistance","Ассистанс","Assistans","Assistance","src/features/staff/pages/AuditPage.tsx; src/features/staff/pages/ReportsPage.tsx"
"staff.audit.changeFilters","Измените фильтры","Filtrlarni oʻzgartiring","Change the filters","src/features/staff/pages/AuditPage.tsx"
"staff.audit.colObject","Объект","Obyekt","Object","src/features/staff/pages/AuditPage.tsx"
"staff.audit.fromShort","с","dan","from","src/features/staff/pages/AuditPage.tsx"
"staff.audit.intro","Все входы, просмотры персональных и медицинских данных, выгрузки и изменения прав. Объекты указаны без ПДн.","Barcha kirishlar, shaxsga doir va tibbiy maʼlumotlarni koʻrishlar, eksportlar va huquqlar oʻzgarishlari. Obyektlar shaxsga doir maʼlumotlarsiz koʻrsatilgan.","All sign-ins, views of personal and medical data, exports and permission changes. Objects are shown without personal data.","src/features/staff/pages/AuditPage.tsx"
"staff.audit.notFound","Записей не найдено","Yozuvlar topilmadi","No records found","src/features/staff/pages/AuditPage.tsx"
"staff.audit.title","Журнал аудита","Audit jurnali","Audit log","src/features/staff/pages/AuditPage.tsx"
"staff.audit.toShort","по","gacha","to","src/features/staff/pages/AuditPage.tsx"
"staff.claimCard.amountRange","Сумма от 1 до заявленной","Summa 1 dan talab qilingan summagacha","Amount from 1 up to the claimed amount","src/features/staff/pages/ClaimCardPage.tsx"
"staff.claimCard.approvePartial","Одобрить частично на {amount}","{amount} ga qisman tasdiqlash","Approve partially for {amount}","src/features/staff/pages/ClaimCardPage.tsx"
"staff.claimCard.approveText","После одобрения убыток уходит бухгалтерии на выплату.","Tasdiqlangandan keyin zarar toʻlov uchun buxgalteriyaga yuboriladi.","After approval the claim goes to accounting for payout.","src/features/staff/pages/ClaimCardPage.tsx"
"staff.claimCard.approved","Одобрено","Tasdiqlangan","Approved","src/features/staff/pages/ClaimCardPage.tsx; src/features/staff/pages/ClaimsPage.tsx"
"staff.claimCard.attachmentAlt","Вложение {name}","{name} ilovasi","Attachment {name}","src/features/staff/pages/ClaimCardPage.tsx"
"staff.claimCard.attachments","Вложения","Ilovalar","Attachments","src/features/staff/pages/ClaimCardPage.tsx"
"staff.claimCard.claimed","Заявлено","Talab qilingan","Claimed","src/features/staff/pages/ClaimCardPage.tsx; src/features/staff/pages/ClaimsPage.tsx"
"staff.claimCard.created","Создан","Yaratilgan","Created","src/features/staff/pages/ClaimCardPage.tsx; src/features/staff/pages/ClaimsPage.tsx; src/features/staff/pages/LimitRequestsPage.tsx"
"staff.claimCard.dataColumn","Данные убытка","Zarar maʼlumotlari","Claim data","src/features/staff/pages/ClaimCardPage.tsx"
"staff.claimCard.dateTime","Дата и время","Sana va vaqt","Date and time","src/features/staff/pages/ClaimCardPage.tsx"
"staff.claimCard.docTitle","Карточка убытка","Zarar kartochkasi","Claim card","src/features/staff/pages/ClaimCardPage.tsx"
"staff.claimCard.exceeds","Сумма превышает остаток лимита на {over}. Предлагаем одобрить частично — на {amount}.","Summa limit qoldigʻidan {over} ga oshadi. Qisman — {amount} ga tasdiqlashni taklif qilamiz.","The amount exceeds the remaining limit by {over}. We suggest a partial approval — for {amount}.","src/features/staff/pages/ClaimCardPage.tsx"
"staff.claimCard.fiscalHint","Распознано сервером по фото чека. Подлинность по QR налоговой проверяется на бэкенде.","Server tomonidan chek fotosuratidan aniqlandi. Soliq QR kodi boʻyicha haqiqiylik backendda tekshiriladi.","Recognized by the server from the receipt photo. Authenticity via the tax QR code is checked on the backend.","src/features/staff/pages/ClaimCardPage.tsx"
"staff.claimCard.fiscalNumber","Фискальный номер","Fiskal raqam","Fiscal number","src/features/staff/pages/ClaimCardPage.tsx"
"staff.claimCard.fiscalTitle","Фискальные данные чека","Chekning fiskal maʼlumotlari","Receipt fiscal data","src/features/staff/pages/ClaimCardPage.tsx"
"staff.claimCard.intakeChannel","Канал поступления","Kelib tushish kanali","Intake channel","src/features/staff/pages/ClaimCardPage.tsx"
"staff.claimCard.limitCheck","Проверка лимита","Limitni tekshirish","Limit check","src/features/staff/pages/ClaimCardPage.tsx"
"staff.claimCard.limitText","Лимит «{label}»: использовано {used} из {limit}, после выплаты останется {after}","«{label}» limiti: {limit} dan {used} ishlatilgan, toʻlovdan keyin {after} qoladi","Limit «{label}»: {used} of {limit} used, {after} will remain after the payout","src/features/staff/pages/ClaimCardPage.tsx"
"staff.claimCard.loadFailed","Не удалось загрузить файл","Faylni yuklab boʻlmadi","Could not load the file","src/features/staff/pages/ClaimCardPage.tsx"
"staff.claimCard.medicalRequired","Для этого убытка обязательна медэкспертиза: стоматология, стационар или сумма больше 5 000 000 UZS.","Bu zarar uchun tibbiy ekspertiza majburiy: stomatologiya, statsionar yoki summa 5 000 000 soʻmdan ortiq.","A medical review is required for this claim: dentistry, inpatient care or an amount over 5,000,000 UZS.","src/features/staff/pages/ClaimCardPage.tsx"
"staff.claimCard.noAttachments","Вложений нет","Ilovalar yoʻq","No attachments","src/features/staff/pages/ClaimCardPage.tsx"
"staff.claimCard.notRecognized","не распознан","aniqlanmadi","not recognized","src/features/staff/pages/ClaimCardPage.tsx"
"staff.claimCard.openAttachment","Открыть вложение {name}","{name} ilovasini ochish","Open attachment {name}","src/features/staff/pages/ClaimCardPage.tsx"
"staff.claimCard.optional","Необязательно","Ixtiyoriy","Optional","src/features/staff/pages/ClaimCardPage.tsx"
"staff.claimCard.overRemaining","Больше остатка лимита.","Limit qoldigʻidan koʻp.","More than the remaining limit.","src/features/staff/pages/ClaimCardPage.tsx"
"staff.claimCard.partialComment","Одобрено частично","Qisman tasdiqlandi","Partially approved","src/features/staff/pages/ClaimCardPage.tsx"
"staff.claimCard.payoutHint","Заявлено {claimed}, остаток лимита {remaining}","Talab qilingan {claimed}, limit qoldigʻi {remaining}","Claimed {claimed}, remaining limit {remaining}","src/features/staff/pages/ClaimCardPage.tsx"
"staff.claimCard.payoutUzs","Сумма к выплате, UZS","Toʻlanadigan summa, soʻm","Payout amount, UZS","src/features/staff/pages/ClaimCardPage.tsx"
"staff.claimCard.receiptAmount","Сумма чека","Chek summasi","Receipt amount","src/features/staff/pages/ClaimCardPage.tsx"
"staff.claimCard.rejectHint","Понятным языком — её увидит застрахованный","Tushunarli tilda — uni sugʻurtalangan shaxs koʻradi","In plain language — the insured person will see it","src/features/staff/pages/ClaimCardPage.tsx"
"staff.claimCard.rejectReason","Причина отказа","Rad etish sababi","Reason for denial","src/features/staff/pages/ClaimCardPage.tsx"
"staff.claimCard.rejectReasonRequired","Для отказа укажите причину","Rad etish uchun sababini koʻrsating","State the reason for the denial","src/features/staff/pages/ClaimCardPage.tsx"
"staff.claimCard.rejectText","Застрахованный увидит причину отказа в приложении. Отменить отказ нельзя — только через новое обращение.","Sugʻurtalangan shaxs rad etish sababini ilovada koʻradi. Rad etishni bekor qilib boʻlmaydi — faqat yangi murojaat orqali.","The insured person will see the reason for the denial in the app. A denial cannot be undone — only through a new request.","src/features/staff/pages/ClaimCardPage.tsx"
"staff.claimCard.sellerInn","ИНН точки продажи","Savdo nuqtasining STIR","Point of sale TIN","src/features/staff/pages/ClaimCardPage.tsx"
"staff.claimCard.sla"," · SLA: "," · SLA: "," · SLA: ","src/features/staff/pages/ClaimCardPage.tsx"
"staff.claimCard.source.app","Приложение","Ilova","App","src/features/staff/pages/ClaimCardPage.tsx; src/features/staff/pages/ClaimsPage.tsx"
"staff.claimCard.source.assistance","Счёт ассистанса","Assistans hisobi","Assistance invoice","src/features/staff/pages/ClaimCardPage.tsx"
"staff.claimCard.source.clinicInvoice","Счёт клиники","Klinika hisobi","Clinic invoice","src/features/staff/pages/ClaimCardPage.tsx; src/features/staff/pages/ClaimsPage.tsx"
"staff.claimCard.source.operator","Куратор МИГ","MIG kuratori","MIG curator","src/features/staff/pages/ClaimCardPage.tsx; src/features/staff/pages/ClaimsPage.tsx"
"staff.claimCard.statusText","Статус изменится на «{status}». Действие записывается в журнал.","Holat «{status}» ga oʻzgaradi. Harakat jurnalga yoziladi.","The status will change to «{status}». The action is recorded in the log.","src/features/staff/pages/ClaimCardPage.tsx"
"staff.claimCard.transitionTitle","{action}: {number}","{action}: {number}","{action}: {number}","src/features/staff/pages/ClaimCardPage.tsx"
"staff.claimCard.unavailable","{action} недоступно: {reason}","{action} mavjud emas: {reason}","{action} unavailable: {reason}","src/features/staff/pages/ClaimCardPage.tsx"
"staff.claimCard.usedPlusPayout","Использовано + эта выплата","Ishlatilgan + ushbu toʻlov","Used + this payout","src/features/staff/pages/ClaimCardPage.tsx"
"staff.claimCard.where","Где","Qayerda","Where","src/features/staff/pages/ClaimCardPage.tsx; src/features/staff/pages/ClaimsPage.tsx"
"staff.claimCard.zoomIn","Увеличить","Kattalashtirish","Zoom in","src/features/staff/pages/ClaimCardPage.tsx"
"staff.claimCard.zoomOut","Уменьшить","Kichraytirish","Zoom out","src/features/staff/pages/ClaimCardPage.tsx"
"staff.claims.colFlags","Флаги","Belgilar","Flags","src/features/staff/pages/ClaimsPage.tsx"
"staff.claims.colReserve","Резерв","Zaxira","Reserve","src/features/staff/pages/ClaimsPage.tsx"
"staff.claims.exportFinance","Экспорт финансов в CSV","Moliyaviy maʼlumotlarni CSV ga eksport","Export financials to CSV","src/features/staff/pages/ClaimsPage.tsx"
"staff.claims.flagsSr","Флаги проверки:","Tekshiruv belgilari:","Review flags:","src/features/staff/pages/ClaimsPage.tsx"
"staff.claims.notFound","Убытки не найдены","Zararlar topilmadi","No claims found","src/features/staff/pages/ClaimsPage.tsx"
"staff.claims.queues","Очереди урегулирования","Tartibga solish navbatlari","Settlement queues","src/features/staff/pages/ClaimsPage.tsx"
"staff.claims.rebillLines","Строки счетов ассистансов →","Assistans hisoblari qatorlari →","Assistance invoice lines →","src/features/staff/pages/ClaimsPage.tsx"
"staff.claims.searchPlaceholder","Номер убытка, ФИО или клиент","Zarar raqami, F.I.Sh. yoki mijoz","Claim number, full name or client","src/features/staff/pages/ClaimsPage.tsx"
"staff.claims.slaOverdue","Просрочен SLA","SLA muddati oʻtgan","SLA overdue","src/features/staff/pages/ClaimsPage.tsx"
"staff.claims.source.assistance","Ассистанс","Assistans","Assistance","src/features/staff/pages/ClaimsPage.tsx"
"staff.claims.tab.above","Выше моих полномочий","Vakolatlarimdan yuqori","Above my authority limits","src/features/staff/pages/ClaimsPage.tsx"
"staff.claims.tab.appeals","Апелляции","Eʼtirozlar","Appeals","src/features/staff/pages/ClaimsPage.tsx"
"staff.claims.tab.new","Новые","Yangilar","New","src/features/staff/pages/ClaimsPage.tsx"
"staff.claims.tab.opinion","Ждут заключения врача","Shifokor xulosasini kutmoqda","Awaiting doctor's opinion","src/features/staff/pages/ClaimsPage.tsx"
"staff.claims.tab.review","На рассмотрении","Koʻrib chiqilmoqda","Under review","src/features/staff/pages/ClaimsPage.tsx"
"staff.claims.title","Убытки","Zararlar","Claims","src/features/staff/pages/ClaimsPage.tsx"
"staff.claims.withFlags","С флагами проверки","Tekshiruv belgilari bilan","With review flags","src/features/staff/pages/ClaimsPage.tsx"
"staff.clientCard.aggregatesOnly","Только агрегаты, без диагнозов и данных отдельных людей.","Faqat umumlashtirilgan koʻrsatkichlar, tashxislar va alohida shaxslar maʼlumotlarisiz.","Aggregates only, without diagnoses or data on individuals.","src/features/staff/pages/ClientCardPage.tsx"
"staff.clientCard.app.active","Пользуется","Foydalanmoqda","Uses it","src/features/staff/pages/ClientCardPage.tsx"
"staff.clientCard.app.invited","Приглашён","Taklif qilingan","Invited","src/features/staff/pages/ClientCardPage.tsx"
"staff.clientCard.app.none","Не приглашён","Taklif qilinmagan","Not invited","src/features/staff/pages/ClientCardPage.tsx"
"staff.clientCard.chartAria","График суммы убытков по месяцам за последние 12 месяцев","Oxirgi 12 oy uchun oylar boʻyicha zararlar summasi grafigi","Chart of claim amounts by month for the last 12 months","src/features/staff/pages/ClientCardPage.tsx; src/features/staff/pages/LossStatsPage.tsx"
"staff.clientCard.claimsByCategory","Убытки по категориям","Toifalar boʻyicha zararlar","Claims by category","src/features/staff/pages/ClientCardPage.tsx; src/features/staff/pages/LossStatsPage.tsx; src/features/staff/pages/ReportsPage.tsx"
"staff.clientCard.claimsByMonth","Убытки по месяцам","Oylar boʻyicha zararlar","Claims by month","src/features/staff/pages/ClientCardPage.tsx; src/features/staff/pages/LossStatsPage.tsx"
"staff.clientCard.colApp","Приложение","Ilova","App","src/features/staff/pages/ClientCardPage.tsx"
"staff.clientCard.colPinfl","ПИНФЛ","JShShIR","PINFL","src/features/staff/pages/ClientCardPage.tsx"
"staff.clientCard.colTerm","Срок","Muddat","Term","src/features/staff/pages/ClientCardPage.tsx"
"staff.clientCard.count","Количество","Soni","Count","src/features/staff/pages/ClientCardPage.tsx"
"staff.clientCard.docTitle","Карточка клиента","Mijoz kartochkasi","Client card","src/features/staff/lifecycle/DealsPage.tsx; src/features/staff/pages/ClientCardPage.tsx"
"staff.clientCard.inn","ИНН ","STIR ","TIN ","src/features/staff/pages/ClientCardPage.tsx"
"staff.clientCard.insuredActive","Активен","Faol","Active","src/features/staff/pages/ClientCardPage.tsx; src/features/staff/pages/InsuredCardPage.tsx; src/features/staff/pages/PolicyCardPage.tsx; src/features/staff/pages/UsersPage.tsx"
"staff.clientCard.insuredCaption","Застрахованные клиента","Mijozning sugʻurtalanganlari","Client's insured persons","src/features/staff/pages/ClientCardPage.tsx"
"staff.clientCard.insuredExcluded","Исключён","Chiqarilgan","Excluded","src/features/staff/pages/ClientCardPage.tsx; src/features/staff/pages/InsuredCardPage.tsx; src/features/staff/pages/PolicyCardPage.tsx"
"staff.clientCard.issuePolicy","Оформить полис","Polis rasmiylashtirish","Issue policy","src/features/staff/pages/ClientCardPage.tsx"
"staff.clientCard.manager"," · менеджер {name}"," · menejer {name}"," · manager {name}","src/features/staff/pages/ClientCardPage.tsx"
"staff.clientCard.monthTooltip","Месяц: {month}","Oy: {month}","Month: {month}","src/features/staff/pages/ClientCardPage.tsx; src/features/staff/pages/LossStatsPage.tsx"
"staff.clientCard.noClaims","Убытков нет","Zararlar yoʻq","No claims","src/features/staff/pages/ClientCardPage.tsx; src/features/staff/pages/InsuredCardPage.tsx; src/features/staff/pages/LossStatsPage.tsx"
"staff.clientCard.noEvents","Событий пока нет","Hozircha voqealar yoʻq","No events yet","src/features/staff/pages/ClientCardPage.tsx"
"staff.clientCard.noPolicies","Полисов нет","Polislar yoʻq","No policies","src/features/staff/pages/ClientCardPage.tsx"
"staff.clientCard.noPoliciesHint","Полис появится после подписания договора","Polis shartnoma imzolangandan keyin paydo boʻladi","The policy appears after the contract is signed","src/features/staff/pages/ClientCardPage.tsx"
"staff.clientCard.policiesCaption","Полисы клиента","Mijoz polislari","Client's policies","src/features/staff/pages/ClientCardPage.tsx"
"staff.clientCard.searchName","Поиск по ФИО","F.I.Sh. boʻyicha qidiruv","Search by full name","src/features/staff/pages/ClientCardPage.tsx"
"staff.clientCard.tab.claims","Убытки","Zararlar","Claims","src/features/staff/pages/ClientCardPage.tsx; src/features/staff/pages/InsuredCardPage.tsx"
"staff.clientCard.tab.history","История","Tarix","History","src/features/staff/pages/ClaimCardPage.tsx; src/features/staff/pages/ClaimsPage.tsx; src/features/staff/pages/ClientCardPage.tsx"
"staff.clientCard.tab.insured","Застрахованные","Sugʻurtalanganlar","Insured persons","src/features/staff/pages/ClientCardPage.tsx; src/features/staff/pages/PolicyCardPage.tsx"
"staff.clientCard.tab.overview","Обзор","Umumiy koʻrinish","Overview","src/features/staff/pages/ClientCardPage.tsx; src/features/staff/pages/InsuredCardPage.tsx"
"staff.clientCard.tab.policies","Полисы","Polislar","Policies","src/features/staff/pages/ClientCardPage.tsx"
"staff.clients.activity","Активность","Faollik","Activity","src/features/staff/pages/ClientsPage.tsx"
"staff.clients.addClient","Добавить клиента","Mijozni qoʻshish","Add client","src/features/staff/pages/ClientsPage.tsx"
"staff.clients.added","Клиент добавлен","Mijoz qoʻshildi","Client added","src/features/staff/pages/ClientsPage.tsx"
"staff.clients.col.insured","Застрахованных","Sugʻurtalanganlar","Insured","src/features/staff/pages/ClientCardPage.tsx; src/features/staff/pages/ClientsPage.tsx; src/features/staff/pages/PoliciesPage.tsx; src/features/staff/pages/PolicyCardPage.tsx; src/features/staff/pages/ReportsPage.tsx"
"staff.clients.col.loss","Убыточность","Zararlilik darajasi","Loss ratio","src/features/staff/pages/ClientCardPage.tsx; src/features/staff/pages/ClientsPage.tsx; src/features/staff/pages/LossStatsPage.tsx; src/features/staff/pages/ReportsPage.tsx"
"staff.clients.col.renewal","Продление","Uzaytirish","Renewal","src/features/staff/pages/ClientCardPage.tsx; src/features/staff/pages/ClientsPage.tsx"
"staff.clients.columnsButton","Колонки","Ustunlar","Columns","src/features/staff/pages/ClientsPage.tsx"
"staff.clients.footer.few","{n} клиента · премия всего {premium}","{n} ta mijoz · jami sugʻurta mukofoti {premium}","{n} clients · total premium {premium}","src/features/staff/pages/ClientsPage.tsx"
"staff.clients.footer.many","{n} клиентов · премия всего {premium}","{n} ta mijoz · jami sugʻurta mukofoti {premium}","{n} clients · total premium {premium}","src/features/staff/pages/ClientsPage.tsx"
"staff.clients.footer.one","{n} клиент · премия всего {premium}","{n} ta mijoz · jami sugʻurta mukofoti {premium}","{n} client · total premium {premium}","src/features/staff/pages/ClientsPage.tsx"
"staff.clients.footer.other","{n} клиента · премия всего {premium}","{n} ta mijoz · jami sugʻurta mukofoti {premium}","{n} clients · total premium {premium}","src/features/staff/pages/ClientsPage.tsx"
"staff.clients.hrContact","Контакт HR","HR kontakti","HR contact","src/features/staff/pages/ClientsPage.tsx"
"staff.clients.hrName","Имя","Ism","Name","src/features/staff/pages/ClientsPage.tsx"
"staff.clients.inn","ИНН","STIR","TIN","src/features/staff/pages/ClientsPage.tsx"
"staff.clients.innLabel","· ИНН ","· STIR ","· TIN ","src/features/staff/pages/ClientsPage.tsx"
"staff.clients.innPlaceholder","9 цифр","9 ta raqam","9 digits","src/features/staff/pages/ClientsPage.tsx"
"staff.clients.legalForm","Форма","Shakl","Legal form","src/features/staff/pages/ClientsPage.tsx"
"staff.clients.newClient","Новый клиент","Yangi mijoz","New client","src/features/staff/pages/ClientsPage.tsx"
"staff.clients.noActivePolicy","Нет действующего полиса","Amaldagi polis yoʻq","No active policy","src/features/staff/pages/ClientsPage.tsx"
"staff.clients.notFound","Клиенты не найдены","Mijozlar topilmadi","No clients found","src/features/staff/pages/ClientsPage.tsx"
"staff.clients.notFoundHint","Измените фильтры или строку поиска","Filtrlarni yoki qidiruv satrini oʻzgartiring","Change the filters or the search text","src/features/staff/pages/ClaimsPage.tsx; src/features/staff/pages/ClientsPage.tsx; src/features/staff/pages/PoliciesPage.tsx"
"staff.clients.offerMissing"," · КП ещё нет"," · TT hali yoʻq"," · no proposal yet","src/features/staff/pages/ClientsPage.tsx"
"staff.clients.offerReady"," · КП подготовлено"," · TT tayyorlangan"," · proposal prepared","src/features/staff/pages/ClientsPage.tsx"
"staff.clients.openCard","Открыть карточку","Kartochkani ochish","Open card","src/features/staff/lifecycle/DealsPage.tsx; src/features/staff/pages/ClaimsPage.tsx; src/features/staff/pages/ClientsPage.tsx"
"staff.clients.renewalPrefix","Продление ","Uzaytirish ","Renewal ","src/features/staff/pages/ClientsPage.tsx"
"staff.clients.resetFilters","Сбросить фильтры","Filtrlarni tozalash","Reset filters","src/features/staff/pages/AppointmentsPage.tsx; src/features/staff/pages/ClaimsPage.tsx; src/features/staff/pages/ClientsPage.tsx; src/features/staff/pages/ClinicsPage.tsx; src/features/staff/pages/PoliciesPage.tsx"
"staff.clients.savedViews","Сохранённые виды","Saqlangan koʻrinishlar","Saved views","src/features/staff/pages/ClientsPage.tsx"
"staff.clients.searchPlaceholder","Название или ИНН","Nomi yoki STIR","Name or TIN","src/features/staff/pages/ClientsPage.tsx"
"staff.clients.showColumns","Показать колонки","Ustunlarni koʻrsatish","Show columns","src/features/staff/pages/ClientsPage.tsx"
"staff.clients.sort.insured","По числу застрахованных","Sugʻurtalanganlar soni boʻyicha","By number of insured persons","src/features/staff/pages/ClientsPage.tsx"
"staff.clients.sort.loss","По убыточности","Zararlilik darajasi boʻyicha","By loss ratio","src/features/staff/pages/ClientsPage.tsx"
"staff.clients.sort.name","По названию","Nomi boʻyicha","By name","src/features/staff/pages/ClientsPage.tsx"
"staff.clients.sort.premium","По премии","Sugʻurta mukofoti boʻyicha","By premium","src/features/staff/pages/ClientsPage.tsx"
"staff.clients.sort.renewal","По дате продления","Uzaytirish sanasi boʻyicha","By renewal date","src/features/staff/pages/ClientsPage.tsx"
"staff.clients.sortButton","Сортировка","Saralash","Sort","src/features/staff/pages/ClientsPage.tsx"
"staff.clients.status.draft","Черновик","Qoralama","Draft","src/features/staff/pages/ClientsPage.tsx"
"staff.clients.status.negotiation","Переговоры","Muzokaralar","Negotiation","src/features/staff/pages/ClientsPage.tsx"
"staff.clients.title","Клиенты","Mijozlar","Clients","src/features/staff/pages/ClientCardPage.tsx; src/features/staff/pages/ClientsPage.tsx; src/features/staff/pages/LossStatsPage.tsx"
"staff.clients.view.loss","Убыточность > {pct}","Zararlilik darajasi > {pct}","Loss ratio > {pct}","src/features/staff/pages/ClientsPage.tsx"
"staff.clients.view.mine","Мои","Meniki","Mine","src/features/staff/pages/ClientsPage.tsx"
"staff.clients.view.q4","Продления Q4","Q4 uzaytirishlari","Q4 renewals","src/features/staff/pages/ClientsPage.tsx"
"staff.clients.view.renewals","Продления < 30 дн без КП","30 kundan kam qolgan, TT yoʻq uzaytirishlar","Renewals < 30 days without a proposal","src/features/staff/pages/ClientsPage.tsx"
"staff.clinics.addClinic","Добавить клинику","Klinika qoʻshish","Add clinic","src/features/staff/pages/ClinicsPage.tsx"
"staff.clinics.added","Клиника добавлена — пригласите её администратора","Klinika qoʻshildi — uning administratorini taklif qiling","Clinic added — invite its administrator","src/features/staff/pages/ClinicsPage.tsx"
"staff.clinics.address","Адрес","Manzil","Address","src/features/staff/pages/ClinicsPage.tsx"
"staff.clinics.allSpecialties","Все специальности","Barcha mutaxassisliklar","All specialties","src/features/staff/pages/ClinicsPage.tsx"
"staff.clinics.api.manual","Вручную","Qoʻlda","Manual","src/features/staff/pages/ClinicsPage.tsx"
"staff.clinics.api.offline","Нет связи","Aloqa yoʻq","No connection","src/features/staff/pages/ClinicsPage.tsx"
"staff.clinics.api.online","Онлайн","Onlayn","Online","src/features/staff/pages/ClinicsPage.tsx"
"staff.clinics.colApi","Статус API","API holati","API status","src/features/staff/pages/ClinicsPage.tsx"
"staff.clinics.colContract","Договор до","Shartnoma muddati","Contract until","src/features/staff/pages/ClinicsPage.tsx"
"staff.clinics.colIntegration","Интеграция","Integratsiya","Integration","src/features/staff/pages/ClinicsPage.tsx"
"staff.clinics.colOnline","Онлайн-запись","Onlayn yozilish","Online booking","src/features/staff/pages/ClinicsPage.tsx"
"staff.clinics.district","Район","Tuman","District","src/features/staff/pages/ClinicsPage.tsx"
"staff.clinics.footer.few","{n} клиники в сети","Tarmoqda {n} ta klinika","{n} clinics in the network","src/features/staff/pages/ClinicsPage.tsx"
"staff.clinics.footer.many","{n} клиник в сети","Tarmoqda {n} ta klinika","{n} clinics in the network","src/features/staff/pages/ClinicsPage.tsx"
"staff.clinics.footer.one","{n} клиника в сети","Tarmoqda {n} ta klinika","{n} clinic in the network","src/features/staff/pages/ClinicsPage.tsx"
"staff.clinics.footer.other","{n} клиники в сети","Tarmoqda {n} ta klinika","{n} clinics in the network","src/features/staff/pages/ClinicsPage.tsx"
"staff.clinics.integrationMode","Режим интеграции","Integratsiya rejimi","Integration mode","src/features/staff/pages/ClinicsPage.tsx"
"staff.clinics.newClinic","Новая клиника","Yangi klinika","New clinic","src/features/staff/pages/ClinicsPage.tsx"
"staff.clinics.notFound","Клиники не найдены","Klinikalar topilmadi","No clinics found","src/features/staff/pages/ClinicsPage.tsx"
"staff.clinics.searchPlaceholder","Название или район","Nomi yoki tuman","Name or district","src/features/staff/pages/ClinicsPage.tsx"
"staff.clinics.specialties","Специальности","Mutaxassisliklar","Specialties","src/features/staff/pages/ClinicsPage.tsx"
"staff.clinics.specialty","Специальность","Mutaxassislik","Specialty","src/features/staff/pages/ClinicsPage.tsx"
"staff.clinics.title","Клиники","Klinikalar","Clinics","src/features/staff/pages/ClinicsPage.tsx"
"staff.dashboard.afternoon","Добрый день","Xayrli kun","Good afternoon","src/features/staff/pages/DashboardPage.tsx"
"staff.dashboard.allGood","Всё под контролем","Hammasi nazorat ostida","All under control","src/features/staff/pages/DashboardPage.tsx"
"staff.dashboard.attention","Требует внимания","Eʼtibor talab qiladi","Needs attention","src/features/staff/pages/DashboardPage.tsx"
"staff.dashboard.colDetails","Детали","Tafsilotlar","Details","src/features/staff/pages/DashboardPage.tsx"
"staff.dashboard.colDue","Срок","Muddat","Due","src/features/staff/pages/DashboardPage.tsx"
"staff.dashboard.colWho","Кто","Kim","Who","src/features/staff/pages/DashboardPage.tsx"
"staff.dashboard.collapse","Свернуть","Yigʻish","Collapse","src/features/staff/pages/DashboardPage.tsx"
"staff.dashboard.confirmed","Запись подтверждена","Qabul tasdiqlandi","Appointment confirmed","src/features/staff/pages/AppointmentsPage.tsx; src/features/staff/pages/DashboardPage.tsx"
"staff.dashboard.confirmedStatus","Подтверждена","Tasdiqlandi","Confirmed","src/features/staff/pages/DashboardPage.tsx"
"staff.dashboard.evening","Добрый вечер","Xayrli kech","Good evening","src/features/staff/pages/DashboardPage.tsx"
"staff.dashboard.greeting","{greeting}, {name}","{greeting}, {name}","{greeting}, {name}","src/features/staff/pages/DashboardPage.tsx"
"staff.dashboard.intDegraded","С задержками","Kechikishlar bilan","Delayed","src/features/staff/pages/DashboardPage.tsx"
"staff.dashboard.intDown","Недоступно","Mavjud emas","Unavailable","src/features/staff/pages/DashboardPage.tsx"
"staff.dashboard.intOk","Работает","Ishlayapti","Working","src/features/staff/pages/DashboardPage.tsx"
"staff.dashboard.intQueued"," · в очереди {n}"," · navbatda {n}"," · {n} queued","src/features/staff/pages/DashboardPage.tsx"
"staff.dashboard.integrations","Интеграции","Integratsiyalar","Integrations","src/features/staff/pages/DashboardPage.tsx"
"staff.dashboard.medicalAccess","Доступ к медданным","Tibbiy maʼlumotlarga kirish","Medical data access","src/features/staff/pages/DashboardPage.tsx"
"staff.dashboard.medicalNone","Обращений к данным не было","Maʼlumotlarga murojaatlar boʻlmagan","No data access so far","src/features/staff/pages/DashboardPage.tsx"
"staff.dashboard.morning","Доброе утро","Xayrli tong","Good morning","src/features/staff/pages/DashboardPage.tsx"
"staff.dashboard.prepareOffer","Подготовить КП","TT tayyorlash","Prepare proposal","src/features/staff/pages/ClientCardPage.tsx; src/features/staff/pages/ClientsPage.tsx; src/features/staff/pages/DashboardPage.tsx; src/features/staff/pages/PolicyCardPage.tsx"
"staff.dashboard.queue","Очередь","Navbat","Queue","src/features/staff/pages/DashboardPage.tsx"
"staff.dashboard.queueCaption","Очередь задач","Vazifalar navbati","Task queue","src/features/staff/pages/DashboardPage.tsx"
"staff.dashboard.queueCount.few","{n} задачи в очереди","Navbatda {n} ta vazifa","{n} tasks in the queue","src/features/staff/pages/DashboardPage.tsx"
"staff.dashboard.queueCount.many","{n} задач в очереди","Navbatda {n} ta vazifa","{n} tasks in the queue","src/features/staff/pages/DashboardPage.tsx"
"staff.dashboard.queueCount.one","{n} задача в очереди","Navbatda {n} ta vazifa","{n} task in the queue","src/features/staff/pages/DashboardPage.tsx"
"staff.dashboard.queueCount.other","{n} задачи в очереди","Navbatda {n} ta vazifa","{n} tasks in the queue","src/features/staff/pages/DashboardPage.tsx"
"staff.dashboard.queueEmpty","Очередь пуста","Navbat boʻsh","The queue is empty","src/features/staff/pages/DashboardPage.tsx"
"staff.dashboard.queueEmptyHint","Новые задачи появятся здесь автоматически","Yangi vazifalar bu yerda avtomatik paydo boʻladi","New tasks will appear here automatically","src/features/staff/pages/DashboardPage.tsx"
"staff.dashboard.queueTabs","Тип задач","Vazifalar turi","Task type","src/features/staff/pages/DashboardPage.tsx"
"staff.dashboard.showAll","Показать все ({n})","Hammasini koʻrsatish ({n})","Show all ({n})","src/features/staff/pages/DashboardPage.tsx"
"staff.dashboard.summary","Сводка","Xulosa","Summary","src/features/staff/pages/DashboardPage.tsx"
"staff.dashboard.title","Рабочий стол","Ish stoli","Dashboard","src/features/staff/pages/DashboardPage.tsx"
"staff.dashboard.todayAt","сегодня, {time}","bugun, {time}","today, {time}","src/features/staff/pages/DashboardPage.tsx"
"staff.docs.caption","Документы клиента","Mijoz hujjatlari","Client documents","src/features/staff/components/ClientDocumentsTable.tsx"
"staff.docs.colAuthor","Автор","Muallif","Author","src/features/staff/components/ClientDocumentsTable.tsx; src/features/staff/pages/LimitRequestsPage.tsx"
"staff.docs.colDocument","Документ","Hujjat","Document","src/features/staff/components/ClientDocumentsTable.tsx"
"staff.docs.colTotalPremium","Общая премия","Umumiy sugʻurta mukofoti","Total premium","src/features/staff/components/ClientDocumentsTable.tsx"
"staff.docs.empty","Документов нет","Hujjatlar yoʻq","No documents","src/features/staff/components/DocumentsList.tsx; src/features/staff/pages/InsuredCardPage.tsx"
"staff.docs.kp","Коммерческое предложение","Tijorat taklifi","Commercial proposal","src/features/staff/components/ClientDocumentsTable.tsx"
"staff.docs.openAria","Открыть {number}","{number} ni ochish","Open {number}","src/features/staff/components/ClientDocumentsTable.tsx"
"staff.docs.revokeAria","Отозвать {number}","{number} ni qaytarib olish","Revoke {number}","src/features/staff/components/ClientDocumentsTable.tsx"
"staff.docs.revokeText","HR клиента перестанет видеть это предложение. Можно будет создать новую версию.","Mijozning HR xodimi bu taklifni koʻrmaydi. Yangi versiyasini yaratish mumkin boʻladi.","The client's HR will no longer see this proposal. You can create a new version.","src/features/staff/components/ClientDocumentsTable.tsx"
"staff.docs.revokeTitle","Отозвать КП?","TT qaytarib olinsinmi?","Revoke the commercial proposal?","src/features/staff/components/ClientDocumentsTable.tsx"
"staff.docs.revoked","{number} отозвано","{number} qaytarib olindi","{number} revoked","src/features/staff/components/ClientDocumentsTable.tsx"
"staff.docs.sendAria","Отправить {number}","{number} ni yuborish","Send {number}","src/features/staff/components/ClientDocumentsTable.tsx"
"staff.docs.sent","{number} отправлено клиенту","{number} mijozga yuborildi","{number} sent to the client","src/features/staff/components/ClientDocumentsTable.tsx"
"staff.export.done","Выгрузка готова. Запись добавлена в журнал аудита","Eksport tayyor. Audit jurnaliga yozuv qoʻshildi","Export ready. An entry was added to the audit log","src/features/staff/components/ExportButton.tsx"
"staff.export.label","Экспорт в CSV","CSV ga eksport","Export to CSV","src/features/staff/components/ExportButton.tsx"
"staff.hrLetter.defaultSubject","Продление полиса ДМС","ITS polisini uzaytirish","VHI policy renewal","src/features/staff/components/HrLetterDialog.tsx"
"staff.hrLetter.defaultText","Добрый день! Напоминаем, что срок действия полиса ДМС вашей компании скоро заканчивается. Подготовим предложение на продление — ответьте на это письмо, пожалуйста.","Assalomu alaykum! Kompaniyangiz ITS polisining amal qilish muddati tez orada tugashini eslatamiz. Uzaytirish boʻyicha taklif tayyorlaymiz — iltimos, ushbu xatga javob bering.","Good afternoon! This is a reminder that your company's VHI policy expires soon. We will prepare a renewal proposal — please reply to this email.","src/features/staff/components/HrLetterDialog.tsx"
"staff.hrLetter.description","Письмо уйдёт контакту HR компании «{client}» с адреса dms@mig.example.","Xat «{client}» kompaniyasining HR kontaktiga dms@mig.example manzilidan yuboriladi.","The email will be sent to the HR contact of «{client}» from dms@mig.example.","src/features/staff/components/HrLetterDialog.tsx"
"staff.hrLetter.sent","Письмо HR отправлено","HR ga xat yuborildi","Email to HR sent","src/features/staff/components/HrLetterDialog.tsx"
"staff.hrLetter.subject","Тема","Mavzu","Subject","src/features/staff/components/HrLetterDialog.tsx"
"staff.hrLetter.submit","Отправить письмо","Xatni yuborish","Send email","src/features/staff/components/HrLetterDialog.tsx"
"staff.hrLetter.text","Текст","Matn","Text","src/features/staff/components/HrLetterDialog.tsx"
"staff.hrLetter.title","Письмо HR","HR ga xat","Email to HR","src/features/staff/components/HrLetterDialog.tsx; src/features/staff/pages/ClientCardPage.tsx; src/features/staff/pages/ClientsPage.tsx"
"staff.insuredCard.accessEmpty","Данные никто не открывал","Maʼlumotlarni hech kim ochmagan","Nobody has opened the data","src/features/staff/pages/InsuredCardPage.tsx"
"staff.insuredCard.accessHint","Кто и когда открывал данные этого человека.","Bu shaxsning maʼlumotlarini kim va qachon ochgan.","Who opened this person's data and when.","src/features/staff/pages/InsuredCardPage.tsx"
"staff.insuredCard.ageLimitText","{date} исполнилось {age} — предельный возраст ребёнка по программе. Из полиса он не исключается автоматически: согласуйте с HR клиента исключение (заявка на исключение закроет задачу) или оставьте его, если он учится очно и не достиг предельного возраста для студентов.","{date} kuni {age} yoshga toʻldi — dastur boʻyicha bolalar uchun yosh chegarasi. U polisdan avtomatik chiqarilmaydi: chiqarishni mijozning HR xodimi bilan kelishing (chiqarish arizasi vazifani yopadi) yoki u kunduzgi taʼlimda oʻqisa va talabalar uchun yosh chegarasiga yetmagan boʻlsa, qoldiring.","Turned {age} on {date}, the age limit for children under the programme. The child is not excluded automatically: agree the exclusion with the client HR (an exclusion request closes the task), or keep the child if they study full time and are under the age limit for students.","src/features/staff/pages/InsuredCardPage.tsx"
"staff.insuredCard.ageLimitTitle","Ребёнок достиг предельного возраста","Farzand yosh chegarasiga yetdi","The child has reached the age limit","src/features/staff/pages/InsuredCardPage.tsx"
"staff.insuredCard.amountUzs","Сумма, UZS","Summa, soʻm","Amount, UZS","src/features/staff/components/NewClaimDialog.tsx"
"staff.insuredCard.book","Записать к врачу","Shifokor qabuliga yozish","Book an appointment","src/features/staff/pages/InsuredCardPage.tsx"
"staff.insuredCard.bookDescription","Запись создаётся сразу подтверждённой и уходит в клинику.","Qabul darhol tasdiqlangan holda yaratiladi va klinikaga yuboriladi.","The appointment is created as confirmed and sent to the clinic.","src/features/staff/pages/InsuredCardPage.tsx"
"staff.insuredCard.booked","Запись к врачу создана","Shifokor qabuliga yozuv yaratildi","Appointment created","src/features/staff/pages/InsuredCardPage.tsx"
"staff.insuredCard.changeInsured","Изменить","Oʻzgartirish","Change","src/features/staff/components/NewClaimDialog.tsx"
"staff.insuredCard.chooseClinic","Выберите клинику","Klinikani tanlang","Choose a clinic","src/features/staff/pages/InsuredCardPage.tsx"
"staff.insuredCard.claim","Убыток","Zarar","Claim","src/features/staff/pages/ClaimCardPage.tsx; src/features/staff/pages/ClaimsPage.tsx; src/features/staff/pages/InsuredCardPage.tsx"
"staff.insuredCard.claimCreated","Убыток создан","Zarar yaratildi","Claim created","src/features/staff/components/NewClaimDialog.tsx"
"staff.insuredCard.claimFiles","Вложения (письмо, чек, справка)","Ilovalar (xat, chek, maʼlumotnoma)","Attachments (letter, receipt, certificate)","src/features/staff/components/NewClaimDialog.tsx"
"staff.insuredCard.colAction","Действие","Harakat","Action","src/features/staff/pages/AuditPage.tsx; src/features/staff/pages/InsuredCardPage.tsx"
"staff.insuredCard.colTime","Время","Vaqt","Time","src/features/staff/pages/AuditPage.tsx; src/features/staff/pages/InsuredCardPage.tsx"
"staff.insuredCard.createClaim","Создать убыток","Zarar yaratish","Create claim","src/features/staff/components/NewClaimDialog.tsx"
"staff.insuredCard.crumb","Застрахованные","Sugʻurtalanganlar","Insured persons","src/features/staff/pages/InsuredCardPage.tsx"
"staff.insuredCard.data","Данные","Maʼlumotlar","Details","src/features/staff/pages/ClaimCardPage.tsx; src/features/staff/pages/InsuredCardPage.tsx"
"staff.insuredCard.day","День","Kun","Day","src/features/staff/pages/InsuredCardPage.tsx"
"staff.insuredCard.doctor","Врач","Shifokor","Doctor","src/features/staff/pages/AppointmentsPage.tsx; src/features/staff/pages/InsuredCardPage.tsx"
"staff.insuredCard.eventDate","Дата события","Hodisa sanasi","Event date","src/features/staff/components/NewClaimDialog.tsx"
"staff.insuredCard.family","Семья","Oila","Family","src/features/staff/pages/InsuredCardPage.tsx"
"staff.insuredCard.familyCount","Членов семьи","Oila aʼzolari","Family members","src/features/staff/pages/PolicyCardPage.tsx"
"staff.insuredCard.glCreate","Создать гарантийное письмо","Kafolat xatini yaratish","Create guarantee letter","src/features/staff/pages/InsuredCardPage.tsx"
"staff.insuredCard.glCreated","Гарантийное письмо создано","Kafolat xati yaratildi","Guarantee letter created","src/features/staff/pages/InsuredCardPage.tsx"
"staff.insuredCard.glDescription","Письмо подтверждает клинике оплату услуги по полису. Появится во вкладке «Документы».","Xat klinikaga xizmat polis boʻyicha toʻlanishini tasdiqlaydi. «Hujjatlar» boʻlimida paydo boʻladi.","The letter confirms to the clinic that the service is paid under the policy. It will appear on the «Documents» tab.","src/features/staff/pages/InsuredCardPage.tsx"
"staff.insuredCard.guarantee","Гарантийное письмо","Kafolat xati","Guarantee letter","src/features/staff/pages/InsuredCardPage.tsx"
"staff.insuredCard.inApp","В приложении","Ilovada","In the app","src/features/staff/pages/InsuredCardPage.tsx"
"staff.insuredCard.insuredFrom","Застрахован с","Sugʻurtalangan sana","Insured since","src/features/staff/pages/InsuredCardPage.tsx"
"staff.insuredCard.intakeChannel","Источник обращения","Murojaat manbai","Source of the request","src/features/staff/components/NewClaimDialog.tsx"
"staff.insuredCard.limitsByCategory","Лимиты по категориям","Toifalar boʻyicha limitlar","Limits by category","src/features/staff/pages/InsuredCardPage.tsx"
"staff.insuredCard.newClaim","Новый убыток","Yangi zarar","New claim","src/features/staff/components/NewClaimDialog.tsx"
"staff.insuredCard.noRequests","Обращений не было","Murojaatlar boʻlmagan","No requests","src/features/staff/pages/InsuredCardPage.tsx"
"staff.insuredCard.noSlots","Нет свободного времени — выберите другой день","Boʻsh vaqt yoʻq — boshqa kunni tanlang","No free time — choose another day","src/features/staff/pages/InsuredCardPage.tsx"
"staff.insuredCard.notInApp","Не в приложении","Ilovada emas","Not in the app","src/features/staff/pages/InsuredCardPage.tsx"
"staff.insuredCard.policyLine"," · полис "," · polis "," · policy ","src/features/staff/pages/InsuredCardPage.tsx"
"staff.insuredCard.provider","Клиника или аптека","Klinika yoki dorixona","Clinic or pharmacy","src/features/staff/components/NewClaimDialog.tsx"
"staff.insuredCard.recentRequests","Последние обращения","Soʻnggi murojaatlar","Recent requests","src/features/staff/pages/InsuredCardPage.tsx"
"staff.insuredCard.relation","Кем приходится","Kim boʻladi","Relation","src/features/assist/pages/InsuredCardPage.tsx; src/features/staff/pages/InsuredCardPage.tsx"
"staff.insuredCard.reserveNote","Резерв устанавливается на заявленную сумму при регистрации","Roʻyxatga olishda zaxira daʼvo qilingan summaga belgilanadi","The reserve is set to the claimed amount on registration","src/features/staff/components/NewClaimDialog.tsx"
"staff.insuredCard.serviceDate","Дата услуги","Xizmat sanasi","Service date","src/features/staff/pages/ClaimCardPage.tsx; src/features/staff/pages/ClaimsPage.tsx"
"staff.insuredCard.serviceHint","Например: МРТ поясничного отдела","Masalan: bel qismi MRT","For example: lumbar spine MRI","src/features/staff/pages/InsuredCardPage.tsx"
"staff.insuredCard.student","студент","talaba","student","src/features/staff/pages/InsuredCardPage.tsx"
"staff.insuredCard.tab.access","Журнал доступа","Kirish jurnali","Access log","src/features/staff/pages/InsuredCardPage.tsx"
"staff.insuredCard.tab.requests","Обращения","Murojaatlar","Requests","src/features/staff/pages/InsuredCardPage.tsx"
"staff.insuredCard.title","Карточка застрахованного","Sugʻurtalangan shaxs kartochkasi","Insured person card","src/features/staff/pages/ClaimsPage.tsx; src/features/staff/pages/InsuredCardPage.tsx"
"staff.insuredCard.viewsAudited","Каждый просмотр данных попадает в журнал аудита","Maʼlumotlarning har bir koʻrilishi audit jurnaliga tushadi","Every data view goes to the audit log","src/features/staff/pages/InsuredCardPage.tsx"
"staff.layout.crumbRoot","Портал сотрудников","Xodimlar portali","Staff portal","src/features/staff/StaffLayout.tsx"
"staff.layout.mfaHint","Вход с MFA через корпоративный VPN","Korporativ VPN orqali MFA bilan kirish","Signed in with MFA via corporate VPN","src/features/staff/StaffLayout.tsx"
"staff.layout.openSearch","Открыть поиск","Qidiruvni ochish","Open search","src/features/staff/StaffLayout.tsx"
"staff.layout.sections","Разделы портала","Portal boʻlimlari","Portal sections","src/features/staff/StaffLayout.tsx"
"staff.limitDialog.category","Категория","Toifa","Category","src/features/staff/components/LimitRequestDialog.tsx"
"staff.limitDialog.currentLimit","Текущий лимит: {amount}","Joriy limit: {amount}","Current limit: {amount}","src/features/staff/components/LimitRequestDialog.tsx"
"staff.limitDialog.description","Запрос подтверждает другой сотрудник (правило четырёх глаз).","Soʻrovni boshqa xodim tasdiqlaydi (toʻrt koʻz qoidasi).","Another employee confirms the request (four-eyes rule).","src/features/staff/components/LimitRequestDialog.tsx"
"staff.limitDialog.justification","Обоснование","Asoslash","Justification","src/features/staff/components/LimitRequestDialog.tsx"
"staff.limitDialog.newLimit","Новый лимит, UZS","Yangi limit, soʻm","New limit, UZS","src/features/staff/components/LimitRequestDialog.tsx"
"staff.limitDialog.sent","Запрос на изменение лимита отправлен андеррайтеру","Limitni oʻzgartirish soʻrovi anderrayterga yuborildi","Limit change request sent to the underwriter","src/features/staff/components/LimitRequestDialog.tsx"
"staff.limitDialog.title","Запросить изменение лимита","Limitni oʻzgartirishni soʻrash","Request a limit change","src/features/staff/components/LimitRequestDialog.tsx; src/features/staff/pages/InsuredCardPage.tsx; src/features/staff/pages/PolicyCardPage.tsx"
"staff.limitReq.approved","Изменение лимита подтверждено","Limit oʻzgarishi tasdiqlandi","Limit change approved","src/features/staff/pages/LimitRequestsPage.tsx"
"staff.limitReq.approverHint","Решение по запросу принимает сотрудник, который его не создавал.","Soʻrov boʻyicha qarorni uni yaratmagan xodim qabul qiladi.","A request is decided by an employee who did not create it.","src/features/staff/pages/LimitRequestsPage.tsx"
"staff.limitReq.colChange","Изменение","Oʻzgarish","Change","src/features/staff/pages/LimitRequestsPage.tsx"
"staff.limitReq.colJustification","Обоснование","Asoslash","Justification","src/features/staff/pages/LimitRequestsPage.tsx"
"staff.limitReq.colScope","Для кого","Kim uchun","For whom","src/features/staff/pages/LimitRequestsPage.tsx"
"staff.limitReq.commentHint","Минимум 3 символа","Kamida 3 ta belgi","At least 3 characters","src/features/staff/pages/LimitRequestsPage.tsx"
"staff.limitReq.docTitle","Изменения лимитов","Limitlardagi oʻzgarishlar","Limit changes","src/features/staff/pages/LimitRequestsPage.tsx"
"staff.limitReq.empty","Запросов нет","Soʻrovlar yoʻq","No requests","src/features/staff/pages/LimitRequestsPage.tsx"
"staff.limitReq.emptyHint","Запросить изменение лимита можно из карточки застрахованного или полиса","Limitni oʻzgartirishni sugʻurtalangan shaxs yoki polis kartochkasidan soʻrash mumkin","You can request a limit change from the insured person or policy card","src/features/staff/pages/LimitRequestsPage.tsx"
"staff.limitReq.operatorHint","Ваши запросы. Решение принимает андеррайтер.","Sizning soʻrovlaringiz. Qarorni anderrayter qabul qiladi.","Your requests. The underwriter decides.","src/features/staff/pages/LimitRequestsPage.tsx"
"staff.limitReq.rejectText","Лимит останется прежним. Автор запроса увидит ваш комментарий.","Limit avvalgidek qoladi. Soʻrov muallifi izohingizni koʻradi.","The limit stays the same. The author of the request will see your comment.","src/features/staff/pages/LimitRequestsPage.tsx"
"staff.limitReq.rejectTitle","Отклонить запрос","Soʻrovni rad etish","Reject request","src/features/staff/pages/LimitRequestsPage.tsx"
"staff.limitReq.rejected","Запрос отклонён","Soʻrov rad etildi","Request rejected","src/features/staff/pages/LimitRequestsPage.tsx"
"staff.limitReq.status.approved","Подтверждён","Tasdiqlangan","Approved","src/features/staff/pages/LimitRequestsPage.tsx"
"staff.limitReq.status.pending","Ожидает решения","Qaror kutmoqda","Awaiting decision","src/features/staff/pages/LimitRequestsPage.tsx"
"staff.limitReq.status.rejected","Отклонён","Rad etilgan","Rejected","src/features/staff/pages/LimitRequestsPage.tsx"
"staff.limitReq.tab.approved","Подтверждённые","Tasdiqlanganlar","Approved","src/features/staff/pages/LimitRequestsPage.tsx"
"staff.limitReq.tab.pending","Ожидают решения","Qaror kutmoqda","Awaiting decision","src/features/staff/pages/LimitRequestsPage.tsx"
"staff.limitReq.tab.rejected","Отклонённые","Rad etilganlar","Rejected","src/features/staff/pages/LimitRequestsPage.tsx"
"staff.limitReq.title","Запросы на изменение лимитов","Limitlarni oʻzgartirish soʻrovlari","Limit change requests","src/features/staff/pages/LimitRequestsPage.tsx"
"staff.limitReq.wholePolicy","Весь полис","Butun polis","Whole policy","src/features/staff/pages/LimitRequestsPage.tsx"
"staff.limitReq.you","Вы","Siz","You","src/features/staff/pages/LimitRequestsPage.tsx"
"staff.limits.barLabel","Лимит «{category}»","«{category}» limiti","Limit «{category}»","src/features/staff/components/LimitBars.tsx; src/features/staff/pages/ClaimCardPage.tsx"
"staff.limits.nearWarning","Лимит почти израсходован: {categories}. Уточните у клиента, нужна ли доплата или изменение лимита.","Limit deyarli tugadi: {categories}. Mijozdan qoʻshimcha toʻlov yoki limitni oʻzgartirish kerakligini aniqlang.","Limit almost used up: {categories}. Ask the client whether an extra payment or a limit change is needed.","src/features/staff/components/LimitBars.tsx"
"staff.limits.reservedGl","Резерв по одобренным ГП","Tasdiqlangan kafolat xatlari boʻyicha zaxira","Reserve for approved GLs","src/features/staff/components/LimitBars.tsx"
"staff.limits.reservedRest","{reserved} · остаток {rest}","{reserved} · qoldiq {rest}","{reserved} · remaining {rest}","src/features/staff/components/LimitBars.tsx"
"staff.loss.claimsAmount","Убытки (выплаты и заявленное)","Zararlar (toʻlovlar va talab qilingan)","Claims (paid and claimed)","src/features/staff/pages/LossStatsPage.tsx"
"staff.loss.colMonth","Месяц","Oy","Month","src/features/staff/pages/LossStatsPage.tsx"
"staff.loss.colShare","Доля","Ulush","Share","src/features/staff/pages/LossStatsPage.tsx"
"staff.loss.docTitle","Убыточность клиента","Mijozning zararlilik darajasi","Client loss ratio","src/features/staff/pages/LossStatsPage.tsx"
"staff.loss.heading","Убыточность: {client}","Zararlilik darajasi: {client}","Loss ratio: {client}","src/features/staff/pages/LossStatsPage.tsx"
"staff.loss.requests","Обращений","Murojaatlar","Requests","src/features/staff/pages/LossStatsPage.tsx"
"staff.loss.subtitle","Только агрегаты за 12 месяцев: суммы, категории и месяцы. Отдельные убытки, застрахованные и диагнозы здесь не показываются.","Faqat 12 oy uchun umumlashtirilgan koʻrsatkichlar: summalar, toifalar va oylar. Alohida zararlar, sugʻurtalanganlar va tashxislar bu yerda koʻrsatilmaydi.","Aggregates for 12 months only: amounts, categories and months. Individual claims, insured persons and diagnoses are not shown here.","src/features/staff/pages/LossStatsPage.tsx"
"staff.loss.threshold","Порог внимания — {pct} (параметр ДМС «Порог убыточности»).","Eʼtibor chegarasi — {pct} (ITS parametri «Zararlilik darajasi chegarasi»).","Attention threshold — {pct} (VHI parameter «Loss ratio threshold»).","src/features/staff/pages/LossStatsPage.tsx"
"staff.medical.accessText","Укажите причину. Доступ действует 15 минут и записывается в журнал аудита.","Sababini koʻrsating. Kirish 15 daqiqa amal qiladi va audit jurnaliga yoziladi.","State the reason. Access lasts 15 minutes and is recorded in the audit log.","src/features/staff/components/MedicalCard.tsx"
"staff.medical.accessTitle","Доступ к медкарте","Tibbiy kartaga kirish","Medical record access","src/features/staff/components/MedicalCard.tsx"
"staff.medical.caption","Медицинские записи","Tibbiy yozuvlar","Medical records","src/features/staff/components/MedicalCard.tsx"
"staff.medical.close","Закрыть медкарту","Tibbiy kartani yopish","Close medical record","src/features/staff/components/MedicalCard.tsx"
"staff.medical.closedForRole","Закрыто для вашей роли. Открыть может врач-эксперт с указанием причины","Rolingiz uchun yopiq. Uni sababini koʻrsatgan holda ekspert shifokor ochishi mumkin","Closed for your role. A medical expert can open it by stating a reason","src/features/staff/components/MedicalCard.tsx"
"staff.medical.colDoctor","Врач","Shifokor","Doctor","src/features/staff/components/MedicalCard.tsx"
"staff.medical.colIcd","МКБ-10","XKT-10","ICD-10","src/features/staff/components/MedicalCard.tsx"
"staff.medical.colSummary","Заключение","Xulosa","Conclusion","src/features/staff/components/MedicalCard.tsx"
"staff.medical.empty","Записей нет","Yozuvlar yoʻq","No records","src/features/staff/components/MedicalCard.tsx; src/features/staff/pages/AppointmentsPage.tsx; src/features/staff/pages/InsuredCardPage.tsx"
"staff.medical.expired","Доступ к медкарте истёк","Tibbiy kartaga kirish muddati tugadi","Medical record access expired","src/features/staff/components/MedicalCard.tsx"
"staff.medical.hint","Доступ выдаётся на 15 минут по причине и записывается в журнал аудита.","Kirish sabab koʻrsatilgan holda 15 daqiqaga beriladi va audit jurnaliga yoziladi.","Access is granted for 15 minutes with a reason and is recorded in the audit log.","src/features/staff/components/MedicalCard.tsx"
"staff.medical.open","Открыть медкарту","Tibbiy kartani ochish","Open medical record","src/features/staff/components/MedicalCard.tsx"
"staff.medical.opened","Медкарта открыта на 15 минут","Tibbiy karta 15 daqiqaga ochildi","Medical record opened for 15 minutes","src/features/staff/components/MedicalCard.tsx"
"staff.medical.quickClaim","Медэкспертиза по убытку","Zarar boʻyicha tibbiy ekspertiza","Medical review of a claim","src/features/staff/components/MedicalCard.tsx"
"staff.medical.quickTreatment","Проверка обоснованности лечения","Davolanish asosliligini tekshirish","Check that treatment is justified","src/features/staff/components/MedicalCard.tsx"
"staff.medical.reason","Причина","Sabab","Reason","src/features/staff/components/MedicalCard.tsx"
"staff.medical.reasonMin","Опишите причину: минимум 10 символов","Sababini yozing: kamida 10 ta belgi","Describe the reason: at least 10 characters","src/features/staff/components/MedicalCard.tsx; src/features/staff/components/RevealField.tsx"
"staff.medical.timeLeft","Доступ ещё {time}","Kirish yana {time}","Access for {time}","src/features/staff/components/MedicalCard.tsx"
"staff.medical.title","Медицинская карта","Tibbiy karta","Medical record","src/features/staff/components/MedicalCard.tsx"
"staff.month.apr","апр","apr","Apr","src/features/staff/components/months.ts"
"staff.month.aug","авг","avg","Aug","src/features/staff/components/months.ts"
"staff.month.dec","дек","dek","Dec","src/features/staff/components/months.ts"
"staff.month.feb","фев","fev","Feb","src/features/staff/components/months.ts"
"staff.month.jan","янв","yan","Jan","src/features/staff/components/months.ts"
"staff.month.jul","июл","iyl","Jul","src/features/staff/components/months.ts"
"staff.month.jun","июн","iyn","Jun","src/features/staff/components/months.ts"
"staff.month.mar","мар","mar","Mar","src/features/staff/components/months.ts"
"staff.month.may","май","may","May","src/features/staff/components/months.ts"
"staff.month.nov","ноя","noy","Nov","src/features/staff/components/months.ts"
"staff.month.oct","окт","okt","Oct","src/features/staff/components/months.ts"
"staff.month.sep","сен","sen","Sep","src/features/staff/components/months.ts"
"staff.nav.ai","ИИ-проверка покрытия","Qoplamani sunʼiy intellekt bilan tekshirish","AI coverage check","src/features/help/routeMap.ts"
"staff.nav.appointments","Записи к врачу","Shifokor qabullari","Appointments","src/features/help/routeMap.ts; src/features/staff/pages/InsuredCardPage.tsx"
"staff.nav.assistance","Ассистансы","Assistanslar","Assistance companies","src/features/help/routeMap.ts"
"staff.nav.audit","Журнал аудита","Audit jurnali","Audit log","src/features/help/routeMap.ts"
"staff.nav.claims","Убытки","Zararlar","Claims","src/features/help/routeMap.ts; src/features/staff/pages/ClaimCardPage.tsx"
"staff.nav.clients","Клиенты","Mijozlar","Clients","src/features/help/routeMap.ts"
"staff.nav.clinics","Клиники","Klinikalar","Clinics","src/features/staff/nav.ts"
"staff.nav.contracts","Договоры","Shartnomalar","Contracts","src/features/staff/nav.ts"
"staff.nav.dashboard","Рабочий стол","Ish stoli","Dashboard","src/features/staff/nav.ts"
"staff.nav.deals","Сделки","Bitimlar","Deals","src/features/help/routeMap.ts"
"staff.nav.endorsements","Доп. соглашения","Qoʻshimcha kelishuvlar","Endorsements","src/features/help/routeMap.ts"
"staff.nav.group.admin","Администрирование","Maʼmuriyat","Administration","src/features/staff/nav.ts"
"staff.nav.group.claims","Урегулирование","Tartibga solish","Claims settlement","src/features/staff/nav.ts"
"staff.nav.group.finance","Финансы","Moliya","Finance","src/features/staff/nav.ts"
"staff.nav.group.partners","Партнёры","Hamkorlar","Partners","src/features/staff/nav.ts"
"staff.nav.group.reports","Отчёты","Hisobotlar","Reports","src/features/staff/nav.ts"
"staff.nav.group.sales","Продажи и андеррайтинг","Sotuv va anderrayting","Sales and underwriting","src/features/staff/nav.ts"
"staff.nav.group.work","Работа","Ish","Work","src/features/staff/nav.ts"
"staff.nav.guarantees","Гарантийные письма","Kafolat xatlari","Guarantee letters","src/features/help/routeMap.ts"
"staff.nav.invoices","Счета и оплаты","Hisoblar va toʻlovlar","Invoices and payments","src/features/help/routeMap.ts"
"staff.nav.limitRequests","Изменения лимитов","Limitlardagi oʻzgarishlar","Limit changes","src/features/staff/nav.ts"
"staff.nav.migration","Перенос портфеля","Portfelni koʻchirish","Portfolio transfer","src/features/help/routeMap.ts; src/features/staff/admin/migration/MigrationBatchPage.tsx; src/features/staff/admin/migration/MigrationPage.tsx"
"staff.nav.parameters","Параметры ДМС","ITS parametrlari","VHI parameters","src/features/help/routeMap.ts"
"staff.nav.paymentQueue","Ручная разноска","Qoʻlda taqsimlash","Manual payment matching","src/features/help/routeMap.ts"
"staff.nav.policies","Полисы","Polislar","Policies","src/features/staff/nav.ts"
"staff.nav.policyChanges","Изменения состава","Tarkibdagi oʻzgarishlar","Member list changes","src/features/help/routeMap.ts"
"staff.nav.qa","Контроль качества","Sifat nazorati","Quality control","src/features/staff/nav.ts"
"staff.nav.quotes","Котировка","Kotirovka","Quote","src/features/staff/nav.ts"
"staff.nav.rebills","Счета ассистансов","Assistans hisoblari","Assistance invoices","src/features/staff/nav.ts"
"staff.nav.registries","Реестры клиник","Klinikalar reyestrlari","Clinic registers","src/features/staff/nav.ts"
"staff.nav.reports","Отчёты","Hisobotlar","Reports","src/features/help/routeMap.ts"
"staff.nav.reserves","Резервы","Zaxiralar","Reserves","src/features/help/routeMap.ts"
"staff.nav.users","Пользователи и роли","Foydalanuvchilar va rollar","Users and roles","src/features/help/routeMap.ts"
"staff.palette.claims","Убытки","Zararlar","Claims","src/features/staff/CommandPalette.tsx"
"staff.palette.clients","Клиенты","Mijozlar","Clients","src/features/staff/CommandPalette.tsx"
"staff.palette.contracts","Договоры","Shartnomalar","Contracts","src/features/staff/CommandPalette.tsx"
"staff.palette.description","Поиск по клиентам, полисам, застрахованным, убыткам и разделам","Mijozlar, polislar, sugʻurtalanganlar, zararlar va boʻlimlar boʻyicha qidiruv","Search clients, policies, insured persons, claims and sections","src/features/staff/CommandPalette.tsx"
"staff.palette.insured","Застрахованные","Sugʻurtalanganlar","Insured persons","src/features/staff/CommandPalette.tsx"
"staff.palette.minChars","Введите минимум 2 символа","Kamida 2 ta belgi kiriting","Enter at least 2 characters","src/features/staff/CommandPalette.tsx"
"staff.palette.placeholder","Клиент, ИНН, номер полиса, договора или убытка, ФИО…","Mijoz, STIR, polis, shartnoma yoki zarar raqami, F.I.Sh.…","Client, TIN, policy, contract or claim number, full name…","src/features/staff/CommandPalette.tsx"
"staff.palette.policies","Полисы","Polislar","Policies","src/features/staff/CommandPalette.tsx"
"staff.palette.sections","Разделы","Boʻlimlar","Sections","src/features/staff/CommandPalette.tsx"
"staff.palette.title","Командная палитра","Buyruqlar palitrasi","Command palette","src/features/staff/CommandPalette.tsx"
"staff.params.applied","Изменение применено","Oʻzgarish qoʻllandi","Change applied","src/features/staff/pages/ParametersPage.tsx"
"staff.params.applyNote","Значение изменится после подтверждения другим администратором или андеррайтером. Предложение и решение записываются в журнал аудита.","Qiymat boshqa administrator yoki anderrayter tasdiqlagandan keyin oʻzgaradi. Taklif va qaror audit jurnaliga yoziladi.","The value changes after another administrator or underwriter confirms it. The proposal and the decision are recorded in the audit log.","src/features/staff/pages/ParametersPage.tsx"
"staff.params.basis","Основание","Asos","Basis","src/features/staff/pages/ParametersPage.tsx"
"staff.params.basisHint","Например, номер приказа или решение правления","Masalan, buyruq raqami yoki boshqaruv qarori","For example, an order number or a board decision","src/features/staff/pages/ParametersPage.tsx"
"staff.params.colAllowed","Допустимо","Ruxsat etilgan","Allowed","src/features/staff/pages/ParametersPage.tsx"
"staff.params.colParam","Параметр","Parametr","Parameter","src/features/staff/pages/ParametersPage.tsx"
"staff.params.colValue","Значение","Qiymat","Value","src/features/staff/pages/ParametersPage.tsx"
"staff.params.confirmAria","Подтвердить: {label}","Tasdiqlash: {label}","Confirm: {label}","src/features/staff/pages/ParametersPage.tsx"
"staff.params.current","Сейчас: {value} · допустимо от {min} до {max}","Hozir: {value} · ruxsat etilgan: {min} dan {max} gacha","Now: {value} · allowed from {min} to {max}","src/features/staff/pages/ParametersPage.tsx"
"staff.params.decidedApplied"," · подтвердил {name}"," · {name} tasdiqladi"," · confirmed by {name}","src/features/staff/pages/ParametersPage.tsx"
"staff.params.decidedRejected"," · отклонил {name}"," · {name} rad etdi"," · rejected by {name}","src/features/staff/pages/ParametersPage.tsx"
"staff.params.demo","демо-значение","demo qiymat","demo value","src/features/staff/pages/ParametersPage.tsx"
"staff.params.editAria","Изменить: {label}","Oʻzgartirish: {label}","Change: {label}","src/features/staff/pages/ParametersPage.tsx"
"staff.params.editTitle","Изменить параметр","Parametrni oʻzgartirish","Change parameter","src/features/staff/pages/ParametersPage.tsx"
"staff.params.history","История изменений","Oʻzgarishlar tarixi","Change history","src/features/staff/pages/ParametersPage.tsx"
"staff.params.intro","Бизнес-параметры, по которым работают порталы, мок-сервер и интеграции. Пометка «демо-значение» стоит, пока МИГ не подтвердил своё значение. Изменение применяется после подтверждения вторым сотрудником (администратор или андеррайтер).","Portallar, mock-server va integratsiyalar ishlaydigan biznes parametrlari. «Demo qiymat» belgisi MIG oʻz qiymatini tasdiqlamaguncha turadi. Oʻzgarish ikkinchi xodim (administrator yoki anderrayter) tasdiqlagandan keyin qoʻllanadi.","Business parameters used by the portals, the mock server and integrations. The «demo value» mark stays until MIG confirms its own value. A change applies after a second employee (administrator or underwriter) confirms it.","src/features/staff/pages/ParametersPage.tsx"
"staff.params.needSecond","Нужен второй сотрудник","Ikkinchi xodim kerak","A second employee is needed","src/features/staff/pages/ParametersPage.tsx"
"staff.params.newValue","Новое значение","Yangi qiymat","New value","src/features/staff/pages/ParametersPage.tsx"
"staff.params.newValueUnit","Новое значение, {unit}","Yangi qiymat, {unit}","New value, {unit}","src/features/staff/pages/ParametersPage.tsx"
"staff.params.pendingChip","на подтверждении","tasdiqlashda","awaiting confirmation","src/features/staff/pages/ParametersPage.tsx"
"staff.params.pendingTitle","На подтверждении","Tasdiqlashda","Awaiting confirmation","src/features/staff/pages/ParametersPage.tsx"
"staff.params.proposedBy","Предложил {name}, {at}","{name} taklif qildi, {at}","Proposed by {name}, {at}","src/features/staff/pages/ParametersPage.tsx"
"staff.params.rejectChange","Отклонить изменение","Oʻzgarishni rad etish","Reject change","src/features/staff/pages/ParametersPage.tsx"
"staff.params.rejected","Изменение отклонено","Oʻzgarish rad etildi","Change rejected","src/features/staff/pages/ParametersPage.tsx"
"staff.params.sendForApproval","Отправить на подтверждение","Tasdiqlashga yuborish","Send for confirmation","src/features/staff/pages/ParametersPage.tsx"
"staff.params.sent","Изменение отправлено на подтверждение","Oʻzgarish tasdiqlashga yuborildi","Change sent for confirmation","src/features/staff/pages/ParametersPage.tsx"
"staff.params.status.applied","Применено","Qoʻllandi","Applied","src/features/staff/pages/ParametersPage.tsx"
"staff.params.status.pending","Ждёт подтверждения","Tasdiqlashni kutmoqda","Awaiting confirmation","src/features/staff/pages/ParametersPage.tsx"
"staff.params.status.rejected","Отклонено","Rad etildi","Rejected","src/features/staff/pages/ParametersPage.tsx"
"staff.params.title","Параметры ДМС","ITS parametrlari","VHI parameters","src/features/staff/pages/ParametersPage.tsx"
"staff.params.unitUzs","UZS","soʻm","UZS","src/features/staff/pages/ParametersPage.tsx"
"staff.params.withdrawProposal","Отозвать предложение","Taklifni qaytarib olish","Withdraw proposal","src/features/staff/pages/ParametersPage.tsx"
"staff.params.withdrawn","Предложение отозвано","Taklif qaytarib olindi","Proposal withdrawn","src/features/staff/pages/ParametersPage.tsx"
"staff.policies.notFound","Полисы не найдены","Polislar topilmadi","No policies found","src/features/staff/pages/PoliciesPage.tsx"
"staff.policies.searchPlaceholder","Номер полиса или клиент","Polis raqami yoki mijoz","Policy number or client","src/features/staff/pages/PoliciesPage.tsx"
"staff.policies.title","Полисы","Polislar","Policies","src/features/staff/pages/PoliciesPage.tsx; src/features/staff/pages/PolicyCardPage.tsx"
"staff.policyCard.allClientRequests","Все заявки клиента","Mijozning barcha arizalari","All client requests","src/features/staff/pages/PolicyCardPage.tsx"
"staff.policyCard.changes","Изменения состава","Tarkibdagi oʻzgarishlar","Member list changes","src/features/staff/pages/PolicyCardPage.tsx"
"staff.policyCard.changesCaption","Изменения состава по полису","Polis boʻyicha tarkibdagi oʻzgarishlar","Member list changes for the policy","src/features/staff/pages/PolicyCardPage.tsx"
"staff.policyCard.changesPending","Изменения состава · ждут решения: {n}","Tarkibdagi oʻzgarishlar · qaror kutmoqda: {n}","Member list changes · awaiting decision: {n}","src/features/staff/pages/PolicyCardPage.tsx"
"staff.policyCard.delta","Доплата / возврат","Qoʻshimcha toʻlov / qaytarish","Extra payment / refund","src/features/staff/pages/PolicyCardPage.tsx"
"staff.policyCard.docTitle","Карточка полиса","Polis kartochkasi","Policy card","src/features/staff/pages/PolicyCardPage.tsx"
"staff.policyCard.insuredCaption","Застрахованные по полису","Polis boʻyicha sugʻurtalanganlar","Insured persons under the policy","src/features/staff/pages/PolicyCardPage.tsx"
"staff.policyCard.limitsNote","Лимиты указаны на одного застрахованного на период полиса.","Limitlar bitta sugʻurtalangan shaxs uchun polis davriga koʻrsatilgan.","Limits are per insured person for the policy period.","src/features/staff/pages/PolicyCardPage.tsx"
"staff.policyCard.noChanges","Изменений состава ещё не было","Tarkibda hali oʻzgarishlar boʻlmagan","No member list changes yet","src/features/staff/pages/PolicyCardPage.tsx"
"staff.policyCard.programLimits","Лимиты программы «{name}»","«{name}» dasturi limitlari","Plan limits «{name}»","src/features/staff/pages/PolicyCardPage.tsx"
"staff.policyCard.ratesPerYear","Тарифы в год","Yillik tariflar","Rates per year","src/features/staff/pages/PolicyCardPage.tsx"
"staff.policyCard.terms","Условия","Shartlar","Terms","src/features/staff/pages/PolicyCardPage.tsx"
"staff.reports.assistanceCaption","Отчёт по ассистансам","Assistanslar boʻyicha hisobot","Assistance report","src/features/staff/pages/ReportsPage.tsx"
"staff.reports.assistanceTitle","Ассистансы: убыточность, выплаты и стоимость обслуживания","Assistanslar: zararlilik darajasi, toʻlovlar va xizmat koʻrsatish narxi","Assistance companies: loss ratio, payouts and service cost","src/features/staff/pages/ReportsPage.tsx"
"staff.reports.byCategoryAria","Сумма убытков по категориям за период","Davr uchun toifalar boʻyicha zararlar summasi","Claim amounts by category for the period","src/features/staff/pages/ReportsPage.tsx"
"staff.reports.colFee","Вознаграждение","Mukofot puli","Fee","src/features/staff/pages/ReportsPage.tsx"
"staff.reports.colPaid","Выплаты","Toʻlovlar","Payouts","src/features/staff/pages/ReportsPage.tsx"
"staff.reports.colPerInsured","На застрахованного","Bir sugʻurtalangan shaxsga","Per insured person","src/features/staff/pages/ReportsPage.tsx"
"staff.reports.footnote","Проценты убыточности: {pct} и выше отмечены оранжевым.","Zararlilik darajasi foizlari: {pct} va undan yuqorisi toʻq sariq rangda belgilangan.","Loss ratio percentages: {pct} and above are marked orange.","src/features/staff/pages/ReportsPage.tsx"
"staff.reports.lossAria.few","Убыточность по клиентам. От {pct}: {n} клиента","Mijozlar boʻyicha zararlilik darajasi. {pct} dan: {n} ta mijoz","Loss ratio by client. From {pct}: {n} clients","src/features/staff/pages/ReportsPage.tsx"
"staff.reports.lossAria.many","Убыточность по клиентам. От {pct}: {n} клиентов","Mijozlar boʻyicha zararlilik darajasi. {pct} dan: {n} ta mijoz","Loss ratio by client. From {pct}: {n} clients","src/features/staff/pages/ReportsPage.tsx"
"staff.reports.lossAria.one","Убыточность по клиентам. От {pct}: {n} клиент","Mijozlar boʻyicha zararlilik darajasi. {pct} dan: {n} ta mijoz","Loss ratio by client. From {pct}: {n} client","src/features/staff/pages/ReportsPage.tsx"
"staff.reports.lossAria.other","Убыточность по клиентам. От {pct}: {n} клиента","Mijozlar boʻyicha zararlilik darajasi. {pct} dan: {n} ta mijoz","Loss ratio by client. From {pct}: {n} clients","src/features/staff/pages/ReportsPage.tsx"
"staff.reports.lossByClient","Убыточность по клиентам","Mijozlar boʻyicha zararlilik darajasi","Loss ratio by client","src/features/staff/pages/ReportsPage.tsx"
"staff.reports.monthYear","{month} {year}","{month} {year}","{month} {year}","src/features/staff/pages/LossStatsPage.tsx; src/features/staff/pages/ReportsPage.tsx"
"staff.reports.noClaimsPeriod","За период убытков нет","Davr uchun zararlar yoʻq","No claims in the period","src/features/staff/pages/ReportsPage.tsx"
"staff.reports.noData","Нет данных","Maʼlumot yoʻq","No data","src/features/staff/pages/ReportsPage.tsx"
"staff.reports.premiumAria","Начисленная премия по месяцам за 12 месяцев","12 oy uchun oylar boʻyicha hisoblangan sugʻurta mukofoti","Accrued premium by month for 12 months","src/features/staff/pages/ReportsPage.tsx"
"staff.reports.premiumByMonth","Премия по месяцам","Oylar boʻyicha sugʻurta mukofoti","Premium by month","src/features/staff/pages/ReportsPage.tsx"
"staff.reports.threshold","Порог 80%","80% chegara","80% threshold","src/features/staff/pages/ReportsPage.tsx"
"staff.reports.title","Отчёты","Hisobotlar","Reports","src/features/staff/pages/ReportsPage.tsx"
"staff.reports.totalClaims.few","Всего {n} убытка на {amount}","Jami {n} ta zarar, {amount}","Total {n} claims for {amount}","src/features/staff/pages/ReportsPage.tsx"
"staff.reports.totalClaims.many","Всего {n} убытков на {amount}","Jami {n} ta zarar, {amount}","Total {n} claims for {amount}","src/features/staff/pages/ReportsPage.tsx"
"staff.reports.totalClaims.one","Всего {n} убыток на {amount}","Jami {n} ta zarar, {amount}","Total {n} claim for {amount}","src/features/staff/pages/ReportsPage.tsx"
"staff.reports.totalClaims.other","Всего {n} убытка на {amount}","Jami {n} ta zarar, {amount}","Total {n} claims for {amount}","src/features/staff/pages/ReportsPage.tsx"
"staff.reports.widenPeriod","Расширьте период","Davrni kengaytiring","Widen the period","src/features/staff/pages/ReportsPage.tsx"
"staff.reveal.copied","Скопировано. Копирование записано в журнал","Nusxalandi. Nusxalash jurnalga yozildi","Copied. The copy was recorded in the log","src/features/staff/components/RevealField.tsx"
"staff.reveal.copyAria","Копировать {label}","{label} ni nusxalash","Copy {label}","src/features/staff/components/RevealField.tsx"
"staff.reveal.description","Значение будет видно 30 секунд. Просмотр и причина попадут в журнал аудита.","Qiymat 30 soniya koʻrinadi. Koʻrish va sabab audit jurnaliga tushadi.","The value will be visible for 30 seconds. The view and the reason go to the audit log.","src/features/staff/components/RevealField.tsx"
"staff.reveal.field.birthDate","Дата рождения","Tugʻilgan sana","Date of birth","src/features/staff/components/RevealField.tsx"
"staff.reveal.field.email","Email","Email","Email","src/features/staff/components/RevealField.tsx"
"staff.reveal.field.phone","Телефон","Telefon","Phone","src/features/staff/components/RevealField.tsx"
"staff.reveal.field.pinfl","ПИНФЛ","JShShIR","PINFL","src/features/staff/components/RevealField.tsx"
"staff.reveal.hidesIn","Скроется через {n} секунд","{n} soniyadan keyin yashiriladi","Hides in {n} seconds","src/features/staff/components/RevealField.tsx"
"staff.reveal.quickCall","Звонок застрахованного","Sugʻurtalangan shaxsning qoʻngʻirogʻi","Call from the insured person","src/features/staff/components/RevealField.tsx"
"staff.reveal.quickClaim","Обработка убытка №{number}","№{number} zararni koʻrib chiqish","Processing claim No. {number}","src/features/staff/components/RevealField.tsx"
"staff.reveal.quickClaimEmpty","Обработка убытка №","Zararni koʻrib chiqish №","Processing claim No.","src/features/staff/components/RevealField.tsx"
"staff.reveal.quickClinic","Запрос клиники","Klinika soʻrovi","Clinic request","src/features/staff/components/RevealField.tsx"
"staff.reveal.reasonHint","Минимум 10 символов","Kamida 10 ta belgi","At least 10 characters","src/features/staff/components/RevealField.tsx"
"staff.reveal.reasonLabel","Причина просмотра","Koʻrish sababi","Reason for viewing","src/features/staff/components/RevealField.tsx"
"staff.reveal.show","Показать","Koʻrsatish","Show","src/features/staff/components/RevealField.tsx"
"staff.reveal.showAria","Показать {label}","{label} ni koʻrsatish","Show {label}","src/features/staff/components/RevealField.tsx"
"staff.reveal.shown","Данные показаны на 30 секунд","Maʼlumotlar 30 soniyaga koʻrsatildi","Data shown for 30 seconds","src/features/staff/components/RevealField.tsx"
"staff.reveal.title","Показать: {label}","Koʻrsatish: {label}","Show: {label}","src/features/staff/components/RevealField.tsx"
"staff.sla.overdue","просрочен {when}","muddati oʻtgan {when}","overdue {when}","src/features/staff/components/cells.tsx"
"staff.users.activate","Активировать","Faollashtirish","Activate","src/features/staff/pages/UsersPage.tsx"
"staff.users.activateText","Сотрудник снова сможет входить в портал.","Xodim yana portalga kira oladi.","The employee will be able to sign in to the portal again.","src/features/staff/pages/UsersPage.tsx"
"staff.users.activateTitle","Активировать сотрудника?","Xodim faollashtirilsinmi?","Activate the employee?","src/features/staff/pages/UsersPage.tsx"
"staff.users.activatedToast","Сотрудник активирован","Xodim faollashtirildi","Employee activated","src/features/staff/pages/UsersPage.tsx"
"staff.users.authority","Полномочия","Vakolatlar","Authority limits","src/features/staff/pages/UsersPage.tsx"
"staff.users.authorityAria","Полномочия: {name}","Vakolatlar: {name}","Authority limits: {name}","src/features/staff/pages/UsersPage.tsx"
"staff.users.cannotSelf","Нельзя снять роль администратора с самого себя","Administrator rolini oʻzingizdan olib tashlay olmaysiz","You cannot remove the administrator role from yourself","src/features/staff/pages/UsersPage.tsx"
"staff.users.caption","Сотрудники","Xodimlar","Employees","src/features/staff/pages/UsersPage.tsx"
"staff.users.deactivate","Деактивировать","Faolsizlantirish","Deactivate","src/features/staff/pages/UsersPage.tsx"
"staff.users.deactivateText","{name} больше не сможет войти, активные сессии будут завершены. Данные и журнал сохранятся.","{name} endi kira olmaydi, faol seanslar yakunlanadi. Maʼlumotlar va jurnal saqlanadi.","{name} will no longer be able to sign in; active sessions will be ended. Data and the log are kept.","src/features/staff/pages/UsersPage.tsx"
"staff.users.deactivateTitle","Деактивировать сотрудника?","Xodim faolsizlantirilsinmi?","Deactivate the employee?","src/features/staff/pages/UsersPage.tsx"
"staff.users.deactivated","Деактивирован","Faolsizlantirilgan","Deactivated","src/features/staff/pages/UsersPage.tsx"
"staff.users.deactivatedToast","Сотрудник деактивирован","Xodim faolsizlantirildi","Employee deactivated","src/features/staff/pages/UsersPage.tsx"
"staff.users.intro","Сотрудники MIG с доступом к порталу. У администратора нет доступа к медданным и убыткам.","Portalga kirish huquqiga ega MIG xodimlari. Administrator tibbiy maʼlumotlar va zararlarga kira olmaydi.","MIG employees with portal access. The administrator has no access to medical data or claims.","src/features/staff/pages/UsersPage.tsx"
"staff.users.lastLogin","Последний вход","Oxirgi kirish","Last sign-in","src/features/staff/pages/UsersPage.tsx"
"staff.users.roleAria","Роль: {name}","Rol: {name}","Role: {name}","src/features/staff/pages/UsersPage.tsx"
"staff.users.roleChanged","Роль изменена","Rol oʻzgartirildi","Role changed","src/features/staff/pages/UsersPage.tsx"
"staff.users.roleConfirm","Сменить роль","Rolni oʻzgartirish","Change role","src/features/staff/pages/UsersPage.tsx"
"staff.users.roleText","{name}: «{from}» → «{to}». Права изменятся сразу, активные сессии сотрудника будут завершены. Действие записывается в журнал аудита.","{name}: «{from}» → «{to}». Huquqlar darhol oʻzgaradi, xodimning faol seanslari yakunlanadi. Harakat audit jurnaliga yoziladi.","{name}: «{from}» → «{to}». Permissions change immediately; the employee's active sessions will be ended. The action is recorded in the audit log.","src/features/staff/pages/UsersPage.tsx"
"staff.users.roleTitle","Сменить роль?","Rol oʻzgartirilsinmi?","Change role?","src/features/staff/pages/UsersPage.tsx"
"staff.users.title","Пользователи и роли","Foydalanuvchilar va rollar","Users and roles","src/features/staff/pages/UsersPage.tsx"
"staff.users.you","(вы)","(siz)","(you)","src/features/staff/pages/UsersPage.tsx"
"staffLc.census.avgAge","Средний возраст","Oʻrtacha yosh","Average age","src/features/staff/lifecycle/CensusPage.tsx"
"staffLc.census.byAge","Распределение по возрастным группам","Yosh guruhlari boʻyicha taqsimot","Distribution by age group","src/features/staff/lifecycle/CensusPage.tsx"
"staffLc.census.chartAria","Число сотрудников и членов семей по возрастным группам","Yosh guruhlari boʻyicha xodimlar va oila aʼzolari soni","Number of employees and family members by age group","src/features/staff/lifecycle/CensusPage.tsx"
"staffLc.census.downloadTemplate","Скачать шаблон","Shablonni yuklab olish","Download template","src/features/staff/lifecycle/CensusPage.tsx"
"staffLc.census.dropped","Столбцы с персональными данными отброшены и не сохранены: {columns}","Shaxsga doir maʼlumotlar ustunlari tashlab yuborildi va saqlanmadi: {columns}","Columns with personal data were dropped and not saved: {columns}","src/features/staff/lifecycle/CensusPage.tsx"
"staffLc.census.employees","Сотрудники","Xodimlar","Employees","src/features/staff/lifecycle/CensusPage.tsx"
"staffLc.census.employeesCount","Сотрудников","Xodimlar","Employees","src/features/staff/lifecycle/CensusPage.tsx; src/features/staff/policies/PolicyIssuePage.tsx"
"staffLc.census.errorRows","Строки с ошибками пропущены: {n}","Xatoli qatorlar oʻtkazib yuborildi: {n}","Rows with errors skipped: {n}","src/features/staff/lifecycle/CensusPage.tsx"
"staffLc.census.family","Члены семей","Oila aʼzolari","Family members","src/features/staff/lifecycle/CensusPage.tsx"
"staffLc.census.familyCount","Членов семей","Oila aʼzolari","Family members","src/features/staff/lifecycle/CensusPage.tsx; src/features/staff/policies/PolicyIssuePage.tsx"
"staffLc.census.female","Женщин","Ayollar","Women","src/features/staff/lifecycle/CensusPage.tsx"
"staffLc.census.file","Файл","Fayl","File","src/features/staff/lifecycle/CensusPage.tsx"
"staffLc.census.fileAria","Файл с данными для оценки","Baholash uchun maʼlumotlar fayli","Census data file","src/features/staff/lifecycle/CensusPage.tsx"
"staffLc.census.fileHelp","CSV в UTF-8 до 1 МБ, колонки: {columns}. Пол — m или f, тип — employee, spouse или child. Имена, ПИНФЛ и телефоны на этом этапе не принимаются: такие столбцы отбрасываются.","UTF-8 dagi CSV, 1 MB gacha, ustunlar: {columns}. Jins — m yoki f, turi — employee, spouse yoki child. Bu bosqichda ismlar, JShShIR va telefonlar qabul qilinmaydi: bunday ustunlar tashlab yuboriladi.","CSV in UTF-8, up to 1 MB, columns: {columns}. Gender is m or f, type is employee, spouse or child. Names, PINFLs and phones are not accepted at this stage: such columns are dropped.","src/features/staff/lifecycle/CensusPage.tsx"
"staffLc.census.male","Мужчин","Erkaklar","Men","src/features/staff/lifecycle/CensusPage.tsx"
"staffLc.census.noData","Данные ещё не загружены.","Maʼlumotlar hali yuklanmagan.","No data uploaded yet.",""
"staffLc.census.reupload","Загрузить заново","Qayta yuklash","Upload again","src/features/staff/lifecycle/CensusPage.tsx"
"staffLc.census.rowError","Строка {row}: {message}","{row}-qator: {message}","Row {row}: {message}","src/features/staff/lifecycle/CensusPage.tsx; src/features/staff/lifecycle/InvoicesPage.tsx"
"staffLc.census.subtitle","{client} · сделка {number}","{client} · bitim {number}","{client} · deal {number}","src/features/staff/lifecycle/CensusPage.tsx; src/features/staff/lifecycle/QuotePage.tsx"
"staffLc.census.summary","Сводка","Xulosa","Summary","src/features/staff/lifecycle/CensusPage.tsx"
"staffLc.census.title","Данные для оценки","Baholash uchun maʼlumotlar","Census data","src/features/staff/lifecycle/CensusPage.tsx; src/features/staff/lifecycle/DealCardPage.tsx"
"staffLc.census.toDeal","К сделке","Bitimga","To deal","src/features/staff/lifecycle/CensusPage.tsx; src/features/staff/lifecycle/QuotePage.tsx"
"staffLc.census.total","Всего","Jami","Total","src/features/staff/lifecycle/CensusPage.tsx"
"staffLc.census.uploadCsv","Загрузить CSV","CSV yuklash","Upload CSV","src/features/staff/lifecycle/CensusPage.tsx"
"staffLc.census.uploaded","Загружено строк: {n}","Yuklangan qatorlar: {n}","Rows uploaded: {n}","src/features/staff/lifecycle/CensusPage.tsx"
"staffLc.census.uploadedAt","Загружено {at}. Возраст считается на дату начала страхования.","{at} da yuklangan. Yosh sugʻurta boshlanish sanasiga koʻra hisoblanadi.","Uploaded {at}. Age is calculated as of the insurance start date.","src/features/staff/lifecycle/CensusPage.tsx"
"staffLc.changeRequestStatus.cancelled","Отменена","Bekor qilingan","Cancelled","src/features/staff/lifecycle/EndorsementsPage.tsx"
"staffLc.changeRequestStatus.included","В доп. соглашении","Qoʻshimcha kelishuvga kiritilgan","In endorsement","src/features/staff/lifecycle/EndorsementsPage.tsx"
"staffLc.changeRequestStatus.pending","Ждёт ДС","Qoʻshimcha kelishuvni kutmoqda","Awaiting endorsement","src/features/staff/lifecycle/EndorsementsPage.tsx"
"staffLc.changes.actionsAria","Действия: {name}","Amallar: {name}","Actions: {name}","src/features/staff/policies/PolicyChangesPage.tsx"
"staffLc.changes.approveSelected","Подтвердить выбранные","Tanlanganlarni tasdiqlash","Approve selected","src/features/staff/policies/PolicyChangesPage.tsx"
"staffLc.changes.approvedToast","Подтверждено заявок: {n}. Допсоглашений: {endorsements}","Tasdiqlangan arizalar: {n}. Qoʻshimcha kelishuvlar: {endorsements}","Requests approved: {n}. Endorsements: {endorsements}","src/features/staff/policies/PolicyChangesPage.tsx"
"staffLc.changes.caption","Заявки на изменение состава","Tarkibni oʻzgartirish arizalari","Member change requests","src/features/staff/policies/PolicyChangesPage.tsx"
"staffLc.changes.clientPolicy","Клиент и полис","Mijoz va polis","Client and policy","src/features/staff/policies/PolicyChangesPage.tsx"
"staffLc.changes.delta","Доплата / возврат","Qoʻshimcha toʻlov / qaytarish","Additional payment / refund","src/features/staff/policies/PolicyChangesPage.tsx"
"staffLc.changes.emptyPending","Заявок, ждущих решения, нет","Qaror kutayotgan arizalar yoʻq","No requests awaiting decision","src/features/staff/policies/PolicyChangesPage.tsx"
"staffLc.changes.familyOf","{relation} · сотрудник {name}","{relation} · xodim {name}","{relation} · employee {name}","src/features/staff/policies/PolicyChangesPage.tsx"
"staffLc.changes.rejectDesc","HR клиента увидит причину в списке сотрудников","Mijoz HR xodimi sababni xodimlar roʻyxatida koʻradi","Client HR will see the reason in the employee list","src/features/staff/policies/PolicyChangesPage.tsx"
"staffLc.changes.rejectEllipsis","Отклонить…","Rad etish…","Reject…","src/features/staff/policies/PolicyChangesPage.tsx"
"staffLc.changes.rejectMany","Отклонить заявки: {n}","Arizalarni rad etish: {n}","Reject requests: {n}","src/features/staff/policies/PolicyChangesPage.tsx"
"staffLc.changes.rejectOne","Отклонить заявку","Arizani rad etish","Reject request","src/features/staff/policies/PolicyChangesPage.tsx"
"staffLc.changes.rejectedToast","Отклонено заявок: {n}","Rad etilgan arizalar: {n}","Requests rejected: {n}","src/features/staff/policies/PolicyChangesPage.tsx"
"staffLc.changes.request","Запрос","Soʻrov","Request","src/features/staff/policies/PolicyChangesPage.tsx"
"staffLc.changes.selectAll","Выбрать все","Barchasini tanlash","Select all","src/features/staff/policies/PolicyChangesPage.tsx"
"staffLc.changes.selectAllAria","Выбрать все заявки","Barcha arizalarni tanlash","Select all requests","src/features/staff/policies/PolicyChangesPage.tsx"
"staffLc.changes.selectAria","Выбрать: {name}","Tanlash: {name}","Select: {name}","src/features/staff/policies/PolicyChangesPage.tsx"
"staffLc.changes.selected","Выбрано: {n}","Tanlangan: {n}","Selected: {n}","src/features/staff/policies/PolicyChangesPage.tsx"
"staffLc.changes.showAll","Один клиент · показать всех","Bitta mijoz · barchasini koʻrsatish","One client · show all","src/features/staff/policies/PolicyChangesPage.tsx"
"staffLc.changes.showAllNamed","Клиент: {name} · показать всех","Mijoz: {name} · barchasini koʻrsatish","Client: {name} · show all","src/features/staff/policies/PolicyChangesPage.tsx"
"staffLc.changes.subtitle","Заявки HR клиентов на прикрепление и исключение сотрудников. Подтверждение меняет полис, пересчитывает премию пропорционально сроку и создаёт допсоглашение.","Mijozlar HR xodimlarining xodimlarni biriktirish va chiqarish boʻyicha arizalari. Tasdiqlash polisni oʻzgartiradi, mukofotni muddatga mutanosib qayta hisoblaydi va qoʻshimcha kelishuv yaratadi.","Client HR requests to add and remove employees. Approval changes the policy, recalculates the premium pro rata and creates an endorsement.","src/features/staff/policies/PolicyChangesPage.tsx"
"staffLc.changes.tab.approved","Подтверждённые","Tasdiqlanganlar","Approved","src/features/staff/policies/PolicyChangesPage.tsx"
"staffLc.changes.tab.pending","Ждут решения","Qaror kutilmoqda","Awaiting decision","src/features/staff/policies/PolicyChangesPage.tsx"
"staffLc.changes.tab.rejected","Отклонённые","Rad etilganlar","Rejected","src/features/staff/policies/PolicyChangesPage.tsx"
"staffLc.changes.title","Изменения состава","Tarkibdagi oʻzgarishlar","Member changes","src/features/staff/policies/PolicyChangesPage.tsx"
"staffLc.changes.totalLower","итого","jami","total","src/features/staff/policies/PolicyChangesPage.tsx"
"staffLc.common.fileTooBig","Файл больше {mb} МБ","Fayl {mb} MB dan katta","File is larger than {mb} MB","src/features/staff/lifecycle/common.tsx"
"staffLc.common.steps","Этапы","Bosqichlar","Steps","src/features/staff/lifecycle/common.tsx"
"staffLc.common.uploading","Загружаем…","Yuklanmoqda…","Uploading…","src/features/staff/lifecycle/common.tsx"
"staffLc.contract.activation","Вступление в силу","Kuchga kirish","Effective date rule","src/features/staff/lifecycle/ContractPage.tsx"
"staffLc.contract.annex2","Приложение 2 — застрахованные","2-ilova — sugʻurtalangan shaxslar","Annex 2: insured persons","src/features/staff/lifecycle/ContractPage.tsx"
"staffLc.contract.annex2Count","Приложение 2 — застрахованные: {n}","2-ilova — sugʻurtalangan shaxslar: {n}","Annex 2: insured persons: {n}","src/features/staff/lifecycle/ContractPage.tsx"
"staffLc.contract.annex2File","Файл приложения 2","2-ilova fayli","Annex 2 file","src/features/staff/lifecycle/ContractPage.tsx"
"staffLc.contract.annex2Help","Строка на каждого застрахованного: {columns}. Член семьи — relation (spouse, child, parent, other) и ПИНФЛ сотрудника в principal_pinfl. В документ попадают ФИО, должность и кем приходится; ПИНФЛ и телефоны в договор не печатаются.","Har bir sugʻurtalangan uchun alohida qator: {columns}. Oila aʼzosi — relation (spouse, child, parent, other) va principal_pinfl ustunida xodimning JShShIRi. Hujjatga F.I.Sh., lavozim va kim boʻlishi kiradi; JShShIR va telefonlar shartnomaga chop etilmaydi.","A row per insured person: {columns}. A family member has relation (spouse, child, parent, other) and the employee's PINFL in principal_pinfl. The document shows the full name, the position and the relation; PINFLs and phones are not printed in the contract.","src/features/staff/lifecycle/ContractPage.tsx"
"staffLc.contract.annex2Uploaded","Приложение 2 загружено","2-ilova yuklandi","Annex 2 uploaded","src/features/staff/lifecycle/ContractPage.tsx"
"staffLc.contract.approveFinance","Утвердить финансовые условия","Moliyaviy shartlarni tasdiqlash","Approve financial terms","src/features/staff/lifecycle/ContractPage.tsx"
"staffLc.contract.approvedWithoutLawyer","Пункты не менялись — договор согласован без юриста","Bandlar oʻzgarmadi — shartnoma yuristsiz kelishildi","No clauses changed: contract approved without the lawyer","src/features/staff/lifecycle/ContractPage.tsx"
"staffLc.contract.byQuote","По котировке","Kotirovka boʻyicha","Per quote","src/features/staff/lifecycle/ContractPage.tsx"
"staffLc.contract.changedChip","изменён","oʻzgartirilgan","changed","src/features/staff/lifecycle/ContractPage.tsx; src/features/staff/lifecycle/EndorsementPage.tsx"
"staffLc.contract.clauseChanged","Пункт {id} изменён","{id}-band oʻzgartirildi","Clause {id} changed","src/features/staff/lifecycle/ContractPage.tsx; src/features/staff/lifecycle/EndorsementPage.tsx"
"staffLc.contract.clauseDesc","Изменённый пункт подсвечивается в документе, исходный текст показывается рядом.","Oʻzgartirilgan band hujjatda ajratib koʻrsatiladi, asl matn yonida koʻrsatiladi.","The changed clause is highlighted in the document, with the original text shown alongside.","src/features/staff/lifecycle/ContractPage.tsx"
"staffLc.contract.clauseReset","Пункт {id}: исходный текст","{id}-band: asl matn","Clause {id}: original text","src/features/staff/lifecycle/ContractPage.tsx; src/features/staff/lifecycle/EndorsementPage.tsx"
"staffLc.contract.clauseTitle","Пункт {id}. {title}","{id}-band. {title}","Clause {id}. {title}","src/features/staff/lifecycle/ContractPage.tsx; src/features/staff/lifecycle/EndorsementPage.tsx"
"staffLc.contract.clauses","Пункты договора","Shartnoma bandlari","Contract clauses","src/features/staff/lifecycle/ContractPage.tsx"
"staffLc.contract.clausesChanged","Пункты договора · изменено: {n}","Shartnoma bandlari · oʻzgartirilgan: {n}","Contract clauses · changed: {n}","src/features/staff/lifecycle/ContractPage.tsx"
"staffLc.contract.clausesNote","Если изменён хотя бы один пункт, договор проходит согласование юриста. Без изменений этап юриста пропускается.","Agar kamida bitta band oʻzgartirilgan boʻlsa, shartnoma yurist bilan kelishiladi. Oʻzgarishlar boʻlmasa, yurist bosqichi oʻtkazib yuboriladi.","If at least one clause is changed, the contract goes through lawyer approval. Without changes, the lawyer step is skipped.","src/features/staff/lifecycle/ContractPage.tsx"
"staffLc.contract.clientSignatory","Подписант клиента","Mijoz imzolovchisi","Client signatory","src/features/staff/lifecycle/ContractPage.tsx"
"staffLc.contract.dealSep","· сделка","· bitim","· deal","src/features/staff/lifecycle/ContractPage.tsx"
"staffLc.contract.due","Срок","Muddat","Due","src/features/staff/lifecycle/ContractPage.tsx; src/features/staff/lifecycle/InvoicesPage.tsx"
"staffLc.contract.editClause","Изменить формулировку","Matnni oʻzgartirish","Edit wording","src/features/staff/lifecycle/ContractPage.tsx; src/features/staff/lifecycle/EndorsementPage.tsx"
"staffLc.contract.editClauseAria","Изменить формулировку пункта {id}","{id}-band matnini oʻzgartirish","Edit wording of clause {id}","src/features/staff/lifecycle/ContractPage.tsx; src/features/staff/lifecycle/EndorsementPage.tsx"
"staffLc.contract.endorsements","Доп. соглашения","Qoʻshimcha kelishuvlar","Endorsements","src/features/staff/lifecycle/ContractPage.tsx; src/features/staff/lifecycle/EndorsementPage.tsx; src/features/staff/lifecycle/EndorsementsPage.tsx"
"staffLc.contract.financeApproved","Финансовые условия утверждены","Moliyaviy shartlar tasdiqlandi","Financial terms approved","src/features/staff/lifecycle/ContractPage.tsx"
"staffLc.contract.financeDiffers","Премии отличаются от утверждённой котировки: финансовые условия утверждает андеррайтер.","Mukofotlar tasdiqlangan kotirovkadan farq qiladi: moliyaviy shartlarni anderrayter tasdiqlaydi.","Premiums differ from the approved quote: the underwriter approves the financial terms.","src/features/staff/lifecycle/ContractPage.tsx"
"staffLc.contract.invoice","Счёт","Hisob","Invoice","src/features/staff/lifecycle/ContractPage.tsx; src/features/staff/lifecycle/InvoicesPage.tsx"
"staffLc.contract.invoices","Счета","Hisoblar","Invoices","src/features/staff/lifecycle/ContractPage.tsx; src/features/staff/lifecycle/InvoicesPage.tsx; src/features/staff/lifecycle/PaymentQueuePage.tsx"
"staffLc.contract.invoicesCaption","Счета по договору","Shartnoma boʻyicha hisoblar","Contract invoices","src/features/staff/lifecycle/ContractPage.tsx"
"staffLc.contract.invoicesNote","Счета формируются после подписания по графику платежей.","Hisoblar imzolangandan soʻng toʻlov jadvali boʻyicha shakllantiriladi.","Invoices are generated after signing according to the payment schedule.","src/features/staff/lifecycle/ContractPage.tsx"
"staffLc.contract.lawyerReturned","Юрист вернул договор: {comment}","Yurist shartnomani qaytardi: {comment}","The lawyer returned the contract: {comment}","src/features/staff/lifecycle/ContractPage.tsx"
"staffLc.contract.legalApproveDesc","Изменённые пункты проверены. После согласования менеджер отправит договор клиенту.","Oʻzgartirilgan bandlar tekshirildi. Kelishilgandan soʻng menejer shartnomani mijozga yuboradi.","Changed clauses are checked. After approval, the manager will send the contract to the client.","src/features/staff/lifecycle/ContractPage.tsx"
"staffLc.contract.legalApproveTitle","Согласовать договор","Shartnomani kelishish","Approve contract","src/features/staff/lifecycle/ContractPage.tsx"
"staffLc.contract.legalReturnDesc","Договор вернётся менеджеру в черновик с вашим комментарием.","Shartnoma izohingiz bilan menejerga qoralama sifatida qaytariladi.","The contract will go back to the manager as a draft with your comment.","src/features/staff/lifecycle/ContractPage.tsx"
"staffLc.contract.legalReturnTitle","Вернуть договор","Shartnomani qaytarish","Return contract","src/features/staff/lifecycle/ContractPage.tsx"
"staffLc.contract.migSignatory","Подписант МИГ","MIG imzolovchisi","MIG signatory","src/features/staff/lifecycle/ContractPage.tsx"
"staffLc.contract.newVersion","Новая версия","Yangi versiya","New version","src/features/staff/lifecycle/ContractPage.tsx"
"staffLc.contract.newVersionCreated","Создана новая версия","Yangi versiya yaratildi","New version created","src/features/staff/lifecycle/ContractPage.tsx"
"staffLc.contract.newWording","Новая редакция:","Yangi tahrir:","New wording:","src/features/staff/lifecycle/ContractPage.tsx"
"staffLc.contract.none","Нет","Yoʻq","None","src/features/staff/lifecycle/ContractPage.tsx"
"staffLc.contract.originalOverdue","Оригинал договора от клиента не получен в срок.","Shartnoma asl nusxasi mijozdan oʻz vaqtida olinmadi.","The original contract was not received from the client on time.","src/features/staff/lifecycle/ContractPage.tsx"
"staffLc.contract.originalText","Исходный текст:","Asl matn:","Original text:","src/features/staff/lifecycle/ContractPage.tsx; src/features/staff/lifecycle/EndorsementPage.tsx"
"staffLc.contract.paid","оплачено {amount}","toʻlangan {amount}","paid {amount}","src/features/staff/lifecycle/ContractPage.tsx"
"staffLc.contract.params","Параметры договора","Shartnoma parametrlari","Contract parameters","src/features/staff/lifecycle/ContractPage.tsx"
"staffLc.contract.paramsSaved","Параметры сохранены","Parametrlar saqlandi","Parameters saved","src/features/staff/lifecycle/ContractPage.tsx"
"staffLc.contract.paymentFrequency","Порядок оплаты","Toʻlov tartibi","Payment terms","src/features/staff/lifecycle/ContractPage.tsx"
"staffLc.contract.policyLink","полис","polis","policy","src/features/staff/lifecycle/ContractPage.tsx"
"staffLc.contract.premiumEmployee","Премия за сотрудника ({n} чел.)","Xodim uchun mukofot ({n} kishi)","Premium per employee ({n} people)","src/features/staff/lifecycle/ContractPage.tsx"
"staffLc.contract.premiumFamily","Премия за члена семьи ({n} чел.)","Oila aʼzosi uchun mukofot ({n} kishi)","Premium per family member ({n} people)","src/features/staff/lifecycle/ContractPage.tsx"
"staffLc.contract.prepareAgreement","Подготовить соглашение","Kelishuvni tayyorlash","Prepare agreement","src/features/staff/lifecycle/ContractPage.tsx"
"staffLc.contract.preview","Предпросмотр договора","Shartnomani oldindan koʻrish","Contract preview","src/features/staff/lifecycle/ContractPage.tsx"
"staffLc.contract.replaceList","Заменить список","Roʻyxatni almashtirish","Replace list","src/features/staff/lifecycle/ContractPage.tsx"
"staffLc.contract.resetClauseAria","Вернуть исходный текст пункта {id}","{id}-band asl matnini qaytarish","Restore original text of clause {id}","src/features/staff/lifecycle/ContractPage.tsx; src/features/staff/lifecycle/EndorsementPage.tsx"
"staffLc.contract.return","Вернуть","Qaytarish","Return","src/features/staff/lifecycle/ContractPage.tsx; src/features/staff/lifecycle/EndorsementPage.tsx"
"staffLc.contract.returnWithComment","Вернуть с комментарием","Izoh bilan qaytarish","Return with comment","src/features/staff/lifecycle/ContractPage.tsx; src/features/staff/lifecycle/EndorsementPage.tsx"
"staffLc.contract.saveWording","Сохранить формулировку","Matnni saqlash","Save wording","src/features/staff/lifecycle/ContractPage.tsx; src/features/staff/lifecycle/EndorsementPage.tsx"
"staffLc.contract.schedule","График (приложение 3)","Jadval (3-ilova)","Schedule (annex 3)","src/features/staff/lifecycle/ContractPage.tsx"
"staffLc.contract.sendToClient","Отправить клиенту","Mijozga yuborish","Send to client","src/features/staff/lifecycle/ContractPage.tsx; src/features/staff/lifecycle/EndorsementPage.tsx"
"staffLc.contract.sentToClient","Договор отправлен клиенту","Shartnoma mijozga yuborildi","Contract sent to the client","src/features/staff/lifecycle/ContractPage.tsx"
"staffLc.contract.sentToLawyer","Договор отправлен юристу","Shartnoma yuristga yuborildi","Contract sent to the lawyer","src/features/staff/lifecycle/ContractPage.tsx"
"staffLc.contract.terminate","Расторгнуть","Bekor qilish","Terminate","src/features/staff/lifecycle/ContractPage.tsx"
"staffLc.contract.terminateDesc","Готовится соглашение о расторжении: возврат премии за оставшийся срок по правилу из «Параметров ДМС». Подписывается теми же способами, что и договор.","Bekor qilish kelishuvi tayyorlanadi: qolgan muddat uchun mukofot «ITS parametrlari»dagi qoidaga koʻra qaytariladi. Shartnoma kabi usullar bilan imzolanadi.","A termination agreement is prepared: the premium for the remaining period is refunded under the rule in “VHI parameters”. It is signed the same ways as the contract.","src/features/staff/lifecycle/ContractPage.tsx"
"staffLc.contract.terminateTitle","Расторжение договора","Shartnomani bekor qilish","Contract termination","src/features/staff/lifecycle/ContractPage.tsx"
"staffLc.contract.terminationDate","Дата расторжения","Bekor qilish sanasi","Termination date","src/features/staff/lifecycle/ContractPage.tsx"
"staffLc.contract.terminationPrepared","Подготовлено соглашение о расторжении {number}","{number} bekor qilish kelishuvi tayyorlandi","Termination agreement {number} prepared","src/features/staff/lifecycle/ContractPage.tsx"
"staffLc.contract.terminationSuffix","· расторжение","· bekor qilish","· termination","src/features/staff/lifecycle/ContractPage.tsx"
"staffLc.contract.titleNumber","Договор {number}","Shartnoma {number}","Contract {number}","src/features/staff/lifecycle/ContractPage.tsx"
"staffLc.contract.totalPremium","Общая премия","Umumiy mukofot","Total premium","src/features/staff/lifecycle/ContractPage.tsx"
"staffLc.contract.uploadList","Загрузить список","Roʻyxatni yuklash","Upload list","src/features/staff/lifecycle/ContractPage.tsx; src/features/staff/policies/PolicyIssuePage.tsx"
"staffLc.contract.versionChip","версия {n}","versiya {n}","version {n}","src/features/staff/lifecycle/ContractPage.tsx"
"staffLc.contract.versionShort","в{n}","v{n}","v{n}","src/features/staff/lifecycle/ContractPage.tsx"
"staffLc.contract.versions","История версий","Versiyalar tarixi","Version history","src/features/staff/lifecycle/ContractPage.tsx"
"staffLc.contract.wording","Формулировка","Matn","Wording","src/features/staff/lifecycle/ContractPage.tsx; src/features/staff/lifecycle/EndorsementPage.tsx"
"staffLc.contracts.allStatuses","Все статусы","Barcha holatlar","All statuses","src/features/staff/lifecycle/ContractsPage.tsx"
"staffLc.contracts.changedClauses","Изм. пунктов","Oʻzgargan bandlar","Changed clauses","src/features/staff/lifecycle/ContractsPage.tsx"
"staffLc.contracts.subtitle","Договоры ДМС: черновики, согласование, подписание и действующие","ITS shartnomalari: qoralamalar, kelishish, imzolash va amaldagilar","VHI contracts: drafts, approval, signing and active","src/features/staff/lifecycle/ContractsPage.tsx"
"staffLc.contracts.term","Срок","Muddat","Term","src/features/staff/lifecycle/ContractsPage.tsx; src/features/staff/policies/PolicyIssuePage.tsx"
"staffLc.contracts.title","Договоры","Shartnomalar","Contracts","src/features/staff/lifecycle/ContractPage.tsx; src/features/staff/lifecycle/ContractsPage.tsx"
"staffLc.contracts.version","Версия","Versiya","Version","src/features/staff/lifecycle/ContractsPage.tsx"
"staffLc.deal.activeText","Полис выпущен, застрахованные получили сертификаты.","Polis chiqarildi, sugʻurtalangan shaxslar sertifikatlarni oldi.","The policy is issued, insured persons have received certificates.","src/features/staff/lifecycle/DealCardPage.tsx"
"staffLc.deal.activeTitle","договор действует","shartnoma amalda","contract active","src/features/staff/lifecycle/DealCardPage.tsx"
"staffLc.deal.awaitingPaymentText","Договор подписан. Полис выпускается по правилу вступления в силу: обычно после первой оплаты.","Shartnoma imzolandi. Polis kuchga kirish qoidasiga koʻra chiqariladi: odatda birinchi toʻlovdan keyin.","The contract is signed. The policy is issued according to the effective-date rule, usually after the first payment.","src/features/staff/lifecycle/DealCardPage.tsx"
"staffLc.deal.calcQuote","Рассчитать котировку","Kotirovkani hisoblash","Calculate quote","src/features/staff/lifecycle/DealCardPage.tsx"
"staffLc.deal.censusLoaded","данные для оценки загружены","baholash uchun maʼlumotlar yuklandi","census data uploaded","src/features/staff/lifecycle/DealCardPage.tsx"
"staffLc.deal.censusLoadedText","Загружено {n} человек {date}. Следующий шаг — котировка андеррайтера.","{date} da {n} kishi yuklandi. Keyingi qadam — anderrayter kotirovkasi.","{n} people uploaded on {date}. Next step: underwriter quote.","src/features/staff/lifecycle/DealCardPage.tsx"
"staffLc.deal.censusNeeded","нужны данные для оценки","baholash uchun maʼlumotlar kerak","census data needed","src/features/staff/lifecycle/DealCardPage.tsx"
"staffLc.deal.censusNeededText","Попросите у клиента пол, год рождения и тип (сотрудник, супруг, ребёнок) по каждому человеку. Имена и ПИНФЛ на этом этапе не нужны.","Mijozdan har bir kishi boʻyicha jins, tugʻilgan yil va turini (xodim, turmush oʻrtogʻi, farzand) soʻrang. Bu bosqichda ismlar va JShShIR kerak emas.","Ask the client for gender, birth year and type (employee, spouse, child) for each person. Names and PINFLs are not needed at this stage.","src/features/staff/lifecycle/DealCardPage.tsx"
"staffLc.deal.clientAccepted","Клиент принял","Mijoz qabul qildi","Client accepted","src/features/staff/lifecycle/DealCardPage.tsx"
"staffLc.deal.clientDeclined","Клиент отклонил","Mijoz rad etdi","Client declined","src/features/staff/lifecycle/DealCardPage.tsx"
"staffLc.deal.closeDeal","Закрыть сделку","Bitimni yopish","Close deal","src/features/staff/lifecycle/DealCardPage.tsx"
"staffLc.deal.contractCreated","Договор создан","Shartnoma yaratildi","Contract created","src/features/staff/lifecycle/DealCardPage.tsx"
"staffLc.deal.datePlaceholder","ДД.ММ.ГГГГ","KK.OO.YYYY","DD.MM.YYYY","src/features/staff/lifecycle/DealCardPage.tsx"
"staffLc.deal.declineConfirm","Отметить отказ","Rad etishni belgilash","Record decline","src/features/staff/lifecycle/DealCardPage.tsx"
"staffLc.deal.declineDesc","Сделка останется на этапе КП: можно пересчитать котировку или отметить сделку проигранной.","Bitim TT bosqichida qoladi: kotirovkani qayta hisoblash yoki bitimni yutqazilgan deb belgilash mumkin.","The deal stays at the proposal stage: you can recalculate the quote or mark the deal as lost.","src/features/staff/lifecycle/DealCardPage.tsx"
"staffLc.deal.declineReason","Причина отказа","Rad etish sababi","Reason for declining","src/features/staff/lifecycle/DealCardPage.tsx"
"staffLc.deal.declineTitle","Клиент отклонил КП","Mijoz TTni rad etdi","Client declined the proposal","src/features/staff/lifecycle/DealCardPage.tsx"
"staffLc.deal.docCensus","Данные для оценки: {n} человек","Baholash uchun maʼlumotlar: {n} kishi","Census data: {n} people","src/features/staff/lifecycle/DealCardPage.tsx"
"staffLc.deal.docContract","Договор {number}, версия {version}","Shartnoma {number}, versiya {version}","Contract {number}, version {version}","src/features/staff/lifecycle/DealCardPage.tsx"
"staffLc.deal.docKp","КП {number}","TT {number}","Proposal {number}","src/features/staff/lifecycle/DealCardPage.tsx"
"staffLc.deal.docQuote","Котировка: {program}, {total}","Kotirovka: {program}, {total}","Quote: {program}, {total}","src/features/staff/lifecycle/DealCardPage.tsx"
"staffLc.deal.documents","Документы сделки","Bitim hujjatlari","Deal documents","src/features/staff/lifecycle/DealCardPage.tsx"
"staffLc.deal.events","События","Hodisalar","Events","src/features/staff/lifecycle/DealCardPage.tsx; src/features/staff/lifecycle/DealsPage.tsx"
"staffLc.deal.expectedStart","Желаемое начало","Kutilgan boshlanish","Desired start","src/features/staff/lifecycle/DealCardPage.tsx"
"staffLc.deal.fallback","Сделка","Bitim","Deal","src/features/staff/lifecycle/CensusPage.tsx; src/features/staff/lifecycle/DealCardPage.tsx; src/features/staff/lifecycle/DealsPage.tsx"
"staffLc.deal.inContractText","Работа идёт в карточке договора.","Ish shartnoma kartasida davom etmoqda.","Work continues in the contract card.","src/features/staff/lifecycle/DealCardPage.tsx"
"staffLc.deal.kpAccepted","КП принято","TT qabul qilindi","Proposal accepted","src/features/staff/lifecycle/DealCardPage.tsx"
"staffLc.deal.kpAcceptedText","Подготовьте договор: параметры возьмутся из утверждённой котировки и реквизитов клиента.","Shartnomani tayyorlang: parametrlar tasdiqlangan kotirovka va mijoz rekvizitlaridan olinadi.","Prepare the contract: parameters come from the approved quote and the client details.","src/features/staff/lifecycle/DealCardPage.tsx"
"staffLc.deal.kpAcceptedToast","Отмечено: клиент принял КП","Belgilandi: mijoz TTni qabul qildi","Recorded: the client accepted the proposal","src/features/staff/lifecycle/DealCardPage.tsx"
"staffLc.deal.kpAtClient","КП у клиента","TT mijozda","Proposal with the client","src/features/staff/lifecycle/DealCardPage.tsx"
"staffLc.deal.kpAtClientText","Клиент принимает или отклоняет КП в кабинете HR. Если клиент ответил письмом, отметьте решение вручную.","Mijoz TTni HR kabinetida qabul qiladi yoki rad etadi. Agar mijoz xat orqali javob bergan boʻlsa, qarorni qoʻlda belgilang.","The client accepts or declines the proposal in the HR portal. If the client replied by letter, record the decision manually.","src/features/staff/lifecycle/DealCardPage.tsx"
"staffLc.deal.kpSent","КП отправлено клиенту","TT mijozga yuborildi","Commercial proposal sent to the client","src/features/staff/lifecycle/DealCardPage.tsx"
"staffLc.deal.lostDesc","Сделка закроется на текущем этапе. Причина попадёт в ленту событий и в журнал аудита.","Bitim joriy bosqichda yopiladi. Sabab hodisalar lentasiga va audit jurnaliga tushadi.","The deal will be closed at the current stage. The reason goes to the event feed and the audit log.","src/features/staff/lifecycle/DealCardPage.tsx"
"staffLc.deal.lostReason","Причина: {reason}","Sabab: {reason}","Reason: {reason}","src/features/staff/claims/SettlementPanel.tsx; src/features/staff/lifecycle/DealCardPage.tsx"
"staffLc.deal.lostTitle","сделка проиграна","bitim yutqazildi","deal lost","src/features/staff/lifecycle/DealCardPage.tsx"
"staffLc.deal.markLost","Сделка проиграна","Bitim yutqazildi","Deal lost","src/features/staff/lifecycle/DealCardPage.tsx"
"staffLc.deal.noDocuments","Документов пока нет","Hozircha hujjatlar yoʻq","No documents yet","src/features/staff/lifecycle/DealCardPage.tsx"
"staffLc.deal.notAssigned","Не назначен","Tayinlanmagan","Not assigned","src/features/staff/lifecycle/DealCardPage.tsx"
"staffLc.deal.now","Сейчас: {title}","Hozir: {title}","Now: {title}","src/features/staff/lifecycle/DealCardPage.tsx"
"staffLc.deal.openContract","Открыть договор","Shartnomani ochish","Open contract","src/features/staff/lifecycle/DealCardPage.tsx"
"staffLc.deal.openKp","Открыть КП","TTni ochish","Open proposal","src/features/staff/lifecycle/DealCardPage.tsx"
"staffLc.deal.openQuote","Открыть котировку","Kotirovkani ochish","Open quote","src/features/staff/lifecycle/DealCardPage.tsx"
"staffLc.deal.prepareContract","Подготовить договор","Shartnomani tayyorlash","Prepare contract","src/features/staff/lifecycle/DealCardPage.tsx"
"staffLc.deal.quote","Котировка","Kotirovka","Quote","src/features/staff/lifecycle/DealCardPage.tsx; src/features/staff/lifecycle/QuotePage.tsx"
"staffLc.deal.quoteApprovedText","Котировка утверждена. КП отправляется только по утверждённой котировке, его параметры берутся из неё.","Kotirovka tasdiqlandi. TT faqat tasdiqlangan kotirovka boʻyicha yuboriladi, uning parametrlari undan olinadi.","The quote is approved. A commercial proposal is sent only for an approved quote and takes its parameters from it.","src/features/staff/lifecycle/DealCardPage.tsx"
"staffLc.deal.quoteCreated","Котировка создана","Kotirovka yaratildi","Quote created","src/features/staff/lifecycle/DealCardPage.tsx"
"staffLc.deal.quoteLower","котировка","kotirovka","quote","src/features/staff/lifecycle/DealCardPage.tsx"
"staffLc.deal.quoteNotApprovedText","КП можно отправить только по утверждённой котировке.","TT faqat tasdiqlangan kotirovka boʻyicha yuborilishi mumkin.","A commercial proposal can be sent only for an approved quote.","src/features/staff/lifecycle/DealCardPage.tsx"
"staffLc.deal.quoteWithStatus","котировка — {status}","kotirovka — {status}","quote — {status}","src/features/staff/lifecycle/DealCardPage.tsx"
"staffLc.deal.saved","Сохранено","Saqlandi","Saved","src/features/staff/lifecycle/DealCardPage.tsx"
"staffLc.deal.sendKp","Отправить КП","TT yuborish","Send proposal","src/features/staff/lifecycle/DealCardPage.tsx"
"staffLc.deal.subtitle","Сделка {number} · создана {date}","Bitim {number} · {date} da yaratilgan","Deal {number} · created {date}","src/features/staff/lifecycle/DealCardPage.tsx"
"staffLc.deal.titleNumber","Сделка {number}","Bitim {number}","Deal {number}","src/features/staff/lifecycle/DealCardPage.tsx"
"staffLc.deal.underwriter","Андеррайтер","Anderrayter","Underwriter","src/features/staff/lifecycle/DealCardPage.tsx; src/features/staff/lifecycle/DealsPage.tsx"
"staffLc.deal.uploadCensus","Загрузить данные для оценки","Baholash uchun maʼlumotlarni yuklash","Upload census data","src/features/staff/lifecycle/DealCardPage.tsx"
"staffLc.deals.account","Расчётный счёт","Hisob raqami","Bank account","src/features/staff/lifecycle/DealsPage.tsx"
"staffLc.deals.allDeals","Все сделки","Barcha bitimlar","All deals","src/features/staff/lifecycle/DealsPage.tsx"
"staffLc.deals.allManagers","Все менеджеры","Barcha menejerlar","All managers","src/features/staff/lifecycle/DealsPage.tsx"
"staffLc.deals.bank","Банк","Bank","Bank","src/features/staff/lifecycle/DealsPage.tsx"
"staffLc.deals.board","Доска","Doska","Board","src/features/staff/lifecycle/DealsPage.tsx"
"staffLc.deals.contactEmail","Email контакта","Aloqa emaili","Contact email","src/features/staff/lifecycle/DealsPage.tsx"
"staffLc.deals.contactName","Контактное лицо","Aloqa uchun shaxs","Contact person","src/features/staff/lifecycle/DealsPage.tsx"
"staffLc.deals.contactPhone","Телефон контакта","Aloqa telefoni","Contact phone","src/features/staff/lifecycle/DealsPage.tsx"
"staffLc.deals.createLead","Создать лид","Lid yaratish","Create lead","src/features/staff/lifecycle/DealsPage.tsx"
"staffLc.deals.currentInsurer","Текущий страховщик","Joriy sugʻurtalovchi","Current insurer","src/features/staff/lifecycle/DealCardPage.tsx; src/features/staff/lifecycle/DealsPage.tsx"
"staffLc.deals.dealType","Тип сделки","Bitim turi","Deal type","src/features/staff/lifecycle/DealsPage.tsx"
"staffLc.deals.director","Руководитель","Rahbar","Director","src/features/staff/lifecycle/DealsPage.tsx"
"staffLc.deals.directorBasis","Основание полномочий","Vakolat asosi","Authorized under","src/features/staff/lifecycle/ContractPage.tsx; src/features/staff/lifecycle/DealsPage.tsx"
"staffLc.deals.empty","Сделок нет","Bitimlar yoʻq","No deals","src/features/staff/lifecycle/DealsPage.tsx"
"staffLc.deals.emptyColumn","Пусто","Boʻsh","Empty","src/features/staff/lifecycle/DealsPage.tsx"
"staffLc.deals.expectedStart","Желаемое начало (ДД.ММ.ГГГГ)","Kutilgan boshlanish (KK.OO.YYYY)","Desired start (DD.MM.YYYY)","src/features/staff/lifecycle/DealsPage.tsx"
"staffLc.deals.headcount","Численность, примерно","Xodimlar soni, taxminan","Headcount, approx.","src/features/staff/lifecycle/DealCardPage.tsx; src/features/staff/lifecycle/DealsPage.tsx"
"staffLc.deals.inn","ИНН","STIR","TIN","src/features/staff/lifecycle/DealsPage.tsx; src/features/staff/policies/PolicyIssuePage.tsx"
"staffLc.deals.leadCreated","Лид создан: сделка {number}","Lid yaratildi: bitim {number}","Lead created: deal {number}","src/features/staff/lifecycle/DealsPage.tsx"
"staffLc.deals.legalForm","Форма","Shakl","Legal form","src/features/staff/lifecycle/DealsPage.tsx"
"staffLc.deals.mfo","МФО","MFO","Bank code (MFO)","src/features/staff/lifecycle/DealsPage.tsx"
"staffLc.deals.newClients","Новые клиенты","Yangi mijozlar","New clients","src/features/staff/lifecycle/DealsPage.tsx"
"staffLc.deals.newLead","Новый лид","Yangi lid","New lead","src/features/staff/lifecycle/DealsPage.tsx"
"staffLc.deals.newLeadDesc","Компания, реквизиты для договора и контакт. Данные сотрудников на этом этапе не нужны","Kompaniya, shartnoma uchun rekvizitlar va aloqa. Bu bosqichda xodimlar maʼlumotlari kerak emas","Company, contract details and contact. Employee data is not needed at this stage","src/features/staff/lifecycle/DealsPage.tsx"
"staffLc.deals.renewalChip","продление","uzaytirish","renewal","src/features/staff/lifecycle/DealCardPage.tsx; src/features/staff/lifecycle/DealsPage.tsx"
"staffLc.deals.renewals","Продления","Uzaytirishlar","Renewals","src/features/staff/lifecycle/DealsPage.tsx"
"staffLc.deals.stage","Этап","Bosqich","Stage","src/features/staff/lifecycle/DealsPage.tsx"
"staffLc.deals.subtitle","Путь клиента: лид → данные для оценки → котировка → КП → договор → подписание → оплата → полис","Mijoz yoʻli: lid → baholash uchun maʼlumotlar → kotirovka → TT → shartnoma → imzolash → toʻlov → polis","Client journey: lead → census data → quote → commercial proposal → contract → signing → payment → policy","src/features/staff/lifecycle/DealsPage.tsx"
"staffLc.deals.table","Таблица","Jadval","Table","src/features/staff/lifecycle/DealsPage.tsx"
"staffLc.deals.tileAria","Сделка {number}: {client}","Bitim {number}: {client}","Deal {number}: {client}","src/features/staff/lifecycle/DealsPage.tsx"
"staffLc.deals.title","Сделки","Bitimlar","Deals","src/features/staff/lifecycle/CensusPage.tsx; src/features/staff/lifecycle/DealCardPage.tsx; src/features/staff/lifecycle/DealsPage.tsx; src/features/staff/lifecycle/QuotePage.tsx"
"staffLc.deals.typeNew","Новый клиент","Yangi mijoz","New client","src/features/staff/lifecycle/DealCardPage.tsx; src/features/staff/lifecycle/DealsPage.tsx"
"staffLc.deals.typeRenewal","Продление","Uzaytirish","Renewal","src/features/staff/lifecycle/DealCardPage.tsx; src/features/staff/lifecycle/DealsPage.tsx"
"staffLc.deals.view","Вид","Koʻrinish","View","src/features/staff/lifecycle/DealsPage.tsx"
"staffLc.endorsement.amountsApproved","Суммы утверждены","Summalar tasdiqlandi","Amounts approved","src/features/staff/lifecycle/EndorsementPage.tsx"
"staffLc.endorsement.approveAmounts","Утвердить суммы","Summalarni tasdiqlash","Approve amounts","src/features/staff/lifecycle/EndorsementPage.tsx"
"staffLc.endorsement.approveDesc","Изменённые пункты проверены.","Oʻzgartirilgan bandlar tekshirildi.","Changed clauses are checked.","src/features/staff/lifecycle/EndorsementPage.tsx"
"staffLc.endorsement.approveTitle","Согласовать доп. соглашение","Qoʻshimcha kelishuvni kelishish","Approve endorsement","src/features/staff/lifecycle/EndorsementPage.tsx"
"staffLc.endorsement.approvedWithoutLawyer","Согласовано без юриста","Yuristsiz kelishildi","Approved without the lawyer","src/features/staff/lifecycle/EndorsementPage.tsx"
"staffLc.endorsement.calculation","Расчёт","Hisob-kitob","Calculation","src/features/staff/lifecycle/EndorsementPage.tsx"
"staffLc.endorsement.clauseDesc","Изменённый пункт требует согласования юриста.","Oʻzgartirilgan band yurist bilan kelishishni talab qiladi.","A changed clause requires lawyer approval.","src/features/staff/lifecycle/EndorsementPage.tsx"
"staffLc.endorsement.clauses","Пункты соглашения","Kelishuv bandlari","Agreement clauses","src/features/staff/lifecycle/EndorsementPage.tsx"
"staffLc.endorsement.clientContract","{client} · договор","{client} · shartnoma","{client} · contract","src/features/staff/lifecycle/EndorsementPage.tsx"
"staffLc.endorsement.days","Дней","Kunlar","Days","src/features/staff/lifecycle/EndorsementPage.tsx"
"staffLc.endorsement.formula","Формула","Formula","Formula","src/features/staff/lifecycle/EndorsementPage.tsx"
"staffLc.endorsement.linesCaption","Строки доп. соглашения","Qoʻshimcha kelishuv qatorlari","Endorsement lines","src/features/staff/lifecycle/EndorsementPage.tsx"
"staffLc.endorsement.needsAmountApproval","В соглашении есть суммы по прочим условиям: их утверждает андеррайтер.","Kelishuvda boshqa shartlar boʻyicha summalar bor: ularni anderrayter tasdiqlaydi.","The agreement has amounts for other terms: the underwriter approves them.","src/features/staff/lifecycle/EndorsementPage.tsx"
"staffLc.endorsement.preview","Предпросмотр доп. соглашения","Qoʻshimcha kelishuvni oldindan koʻrish","Endorsement preview","src/features/staff/lifecycle/EndorsementPage.tsx"
"staffLc.endorsement.returnDesc","Соглашение вернётся в черновик.","Kelishuv qoralamaga qaytariladi.","The agreement will go back to draft.","src/features/staff/lifecycle/EndorsementPage.tsx"
"staffLc.endorsement.returnTitle","Вернуть доп. соглашение","Qoʻshimcha kelishuvni qaytarish","Return endorsement","src/features/staff/lifecycle/EndorsementPage.tsx"
"staffLc.endorsement.sentToClient","Отправлено клиенту","Mijozga yuborildi","Sent to the client","src/features/staff/lifecycle/EndorsementPage.tsx"
"staffLc.endorsement.sentToLawyer","Отправлено юристу","Yuristga yuborildi","Sent to the lawyer","src/features/staff/lifecycle/EndorsementPage.tsx"
"staffLc.endorsement.signed","Подписано.","Imzolandi.","Signed.","src/features/staff/lifecycle/EndorsementPage.tsx"
"staffLc.endorsement.signedInvoice","Подписано. Сформирован счёт на доплату {amount}.","Imzolandi. {amount} qoʻshimcha toʻlov uchun hisob shakllantirildi.","Signed. An invoice for the additional payment of {amount} has been created.","src/features/staff/lifecycle/EndorsementPage.tsx"
"staffLc.endorsement.signedRefund","Подписано. Документ на возврат {doc}: {amount}.","Imzolandi. Qaytarish hujjati {doc}: {amount}.","Signed. Refund document {doc}: {amount}.","src/features/staff/lifecycle/EndorsementPage.tsx"
"staffLc.endorsement.terminationChip","расторжение","bekor qilish","termination","src/features/staff/lifecycle/EndorsementPage.tsx"
"staffLc.endorsement.terminationDate","Дата расторжения: {date}","Bekor qilish sanasi: {date}","Termination date: {date}","src/features/staff/lifecycle/EndorsementPage.tsx"
"staffLc.endorsement.totalDue","Итого к доплате","Jami qoʻshimcha toʻlov","Total due","src/features/staff/lifecycle/EndorsementPage.tsx"
"staffLc.endorsement.totalRefund","Итого к возврату","Jami qaytariladi","Total refund","src/features/staff/lifecycle/EndorsementPage.tsx"
"staffLc.endorsements.amountHint","Сумму утверждает андеррайтер","Summani anderrayter tasdiqlaydi","The underwriter approves the amount","src/features/staff/lifecycle/EndorsementsPage.tsx"
"staffLc.endorsements.amountLabel","Сумма (минус — возврат)","Summa (minus — qaytarish)","Amount (negative means refund)","src/features/staff/lifecycle/EndorsementsPage.tsx"
"staffLc.endorsements.change","Изменение","Oʻzgartirish","Change","src/features/staff/lifecycle/EndorsementPage.tsx; src/features/staff/lifecycle/EndorsementsPage.tsx"
"staffLc.endorsements.changesCount","Изменения: {n}","Oʻzgarishlar: {n}","Changes: {n}","src/features/staff/lifecycle/EndorsementsPage.tsx"
"staffLc.endorsements.chooseContract","Выберите договор","Shartnomani tanlang","Select a contract","src/features/staff/lifecycle/EndorsementsPage.tsx"
"staffLc.endorsements.clientHr","HR клиента","Mijoz HR xodimi","Client HR","src/features/staff/lifecycle/EndorsementsPage.tsx; src/features/staff/policies/PolicyIssuePage.tsx"
"staffLc.endorsements.createRequest","Создать заявку","Ariza yaratish","Create request","src/features/staff/lifecycle/EndorsementsPage.tsx"
"staffLc.endorsements.description","Описание","Tavsif","Description","src/features/staff/lifecycle/EndorsementsPage.tsx"
"staffLc.endorsements.effectiveDate","Дата изменения","Oʻzgartirish sanasi","Effective date","src/features/staff/lifecycle/EndorsementsPage.tsx"
"staffLc.endorsements.endorsement","Доп. соглашение","Qoʻshimcha kelishuv","Endorsement","src/features/staff/lifecycle/EndorsementPage.tsx; src/features/staff/lifecycle/EndorsementsPage.tsx"
"staffLc.endorsements.form","Сформировать ДС","Qoʻshimcha kelishuvni shakllantirish","Create endorsement","src/features/staff/lifecycle/EndorsementsPage.tsx"
"staffLc.endorsements.formedMany","Сформировано доп. соглашений: {n}","Shakllantirilgan qoʻshimcha kelishuvlar: {n}","Endorsements created: {n}","src/features/staff/lifecycle/EndorsementsPage.tsx"
"staffLc.endorsements.formedOne","Сформировано {number}","{number} shakllantirildi","{number} created","src/features/staff/lifecycle/EndorsementsPage.tsx"
"staffLc.endorsements.kind","Вид","Turi","Kind","src/features/staff/lifecycle/EndorsementsPage.tsx"
"staffLc.endorsements.newProgram","Новая программа","Yangi dastur","New plan","src/features/staff/lifecycle/EndorsementsPage.tsx"
"staffLc.endorsements.pendingLine","· {client}: заявок без доп. соглашения — {n}","· {client}: qoʻshimcha kelishuvsiz arizalar — {n}","· {client}: requests without endorsement: {n}","src/features/staff/lifecycle/EndorsementsPage.tsx"
"staffLc.endorsements.refund","возврат {amount}","qaytarish {amount}","refund {amount}","src/features/staff/lifecycle/EndorsementsPage.tsx"
"staffLc.endorsements.request","Заявка на изменение","Oʻzgartirish arizasi","Change request","src/features/staff/lifecycle/EndorsementsPage.tsx"
"staffLc.endorsements.requestCreated","Заявка на изменение создана","Oʻzgartirish arizasi yaratildi","Change request created","src/features/staff/lifecycle/EndorsementsPage.tsx"
"staffLc.endorsements.requestDesc","Изменение от МИГ: смена программы или прочие условия. Включение и исключение сотрудников оформляет HR.","MIG tomonidan oʻzgartirish: dasturni almashtirish yoki boshqa shartlar. Xodimlarni kiritish va chiqarishni HR rasmiylashtiradi.","A change from MIG: plan change or other terms. Adding and removing employees is done by HR.","src/features/staff/lifecycle/EndorsementsPage.tsx"
"staffLc.endorsements.requester","Заявитель","Ariza beruvchi","Requested by","src/features/staff/lifecycle/EndorsementsPage.tsx"
"staffLc.endorsements.requests","Заявки на изменение","Oʻzgartirish arizalari","Change requests","src/features/staff/lifecycle/EndorsementsPage.tsx"
"staffLc.endorsements.requestsEmpty","Заявок нет","Arizalar yoʻq","No requests","src/features/staff/policies/PolicyChangesPage.tsx"
"staffLc.endorsements.subtitleEach","Заявки на изменение копятся и оформляются доп. соглашением: ДС на каждое изменение (параметр ДМС)","Oʻzgartirish arizalari toʻplanadi va qoʻshimcha kelishuv bilan rasmiylashtiriladi: har bir oʻzgarish uchun kelishuv (ITS parametri)","Change requests accumulate and are formalized by an endorsement: one per change (VHI parameter)","src/features/staff/lifecycle/EndorsementsPage.tsx"
"staffLc.endorsements.subtitleMonthly","Заявки на изменение копятся и оформляются доп. соглашением: одно ДС по итогам месяца (параметр ДМС)","Oʻzgartirish arizalari toʻplanadi va qoʻshimcha kelishuv bilan rasmiylashtiriladi: oy yakuni boʻyicha bitta kelishuv (ITS parametri)","Change requests accumulate and are formalized by an endorsement: one per month (VHI parameter)","src/features/staff/lifecycle/EndorsementsPage.tsx"
"staffLc.endorsements.termination","Расторжение","Bekor qilish","Termination","src/features/staff/lifecycle/EndorsementsPage.tsx"
"staffLc.invoices.all","Все счета","Barcha hisoblar","All invoices","src/features/staff/lifecycle/InvoicesPage.tsx"
"staffLc.invoices.basis","Основание","Asos","Basis","src/features/staff/lifecycle/InvoicesPage.tsx"
"staffLc.invoices.goToMatching","Перейти к ручной разноске","Qoʻlda taqsimlashga oʻtish","Go to manual matching","src/features/staff/lifecycle/InvoicesPage.tsx"
"staffLc.invoices.importResult","Загружено: {loaded}, пропущено как повтор: {skipped}. Сопоставлено: {matched} · в ручную разноску: {queued} · ошибок в строках: {errors} · договоров вступило в силу: {activated}","Yuklandi: {loaded}, takror sifatida oʻtkazib yuborildi: {skipped}. Solishtirildi: {matched} · qoʻlda taqsimlashga: {queued} · qatorlardagi xatolar: {errors} · kuchga kirgan shartnomalar: {activated}","Loaded: {loaded}, skipped as duplicates: {skipped}. Matched: {matched} · to manual matching: {queued} · row errors: {errors} · contracts activated: {activated}","src/features/staff/lifecycle/InvoicesPage.tsx"
"staffLc.invoices.importToast","Загружено {loaded}, пропущено как повтор {skipped}","{loaded} ta yuklandi, {skipped} ta takror sifatida oʻtkazib yuborildi","Loaded {loaded}, skipped as duplicates {skipped}","src/features/staff/lifecycle/InvoicesPage.tsx"
"staffLc.invoices.manualMatching","Ручная разноска","Qoʻlda taqsimlash","Manual matching","src/features/staff/lifecycle/InvoicesPage.tsx; src/features/staff/lifecycle/PaymentQueuePage.tsx"
"staffLc.invoices.overdue","Просроченные","Muddati oʻtgan","Overdue","src/features/staff/lifecycle/InvoicesPage.tsx"
"staffLc.invoices.paid","Оплачено","Toʻlangan","Paid","src/features/staff/lifecycle/InvoicesPage.tsx"
"staffLc.invoices.paidAt","Дата оплаты","Toʻlov sanasi","Payment date","src/features/staff/lifecycle/InvoicesPage.tsx"
"staffLc.invoices.paidFilter","Оплаченные","Toʻlangan","Paid","src/features/staff/lifecycle/InvoicesPage.tsx"
"staffLc.invoices.payment","Оплата","Toʻlov","Payment","src/features/staff/lifecycle/InvoicesPage.tsx"
"staffLc.invoices.paymentDesc","{client}. Остаток {rest}. Частичная оплата допустима.","{client}. Qoldiq {rest}. Qisman toʻlov mumkin.","{client}. Outstanding {rest}. Partial payment is allowed.","src/features/staff/lifecycle/InvoicesPage.tsx"
"staffLc.invoices.paymentRecorded","Оплата отмечена","Toʻlov belgilandi","Payment recorded","src/features/staff/lifecycle/InvoicesPage.tsx"
"staffLc.invoices.paymentTitle","Оплата по счёту {number}","{number} hisob boʻyicha toʻlov","Payment for invoice {number}","src/features/staff/lifecycle/InvoicesPage.tsx"
"staffLc.invoices.recordPayment","Отметить оплату","Toʻlovni belgilash","Record payment","src/features/staff/lifecycle/InvoicesPage.tsx"
"staffLc.invoices.statementFile","Файл выписки из 1С","1C koʻchirmasi fayli","1C statement file","src/features/staff/lifecycle/InvoicesPage.tsx"
"staffLc.invoices.statementTemplate","Шаблон выписки","Koʻchirma shabloni","Statement template","src/features/staff/lifecycle/InvoicesPage.tsx"
"staffLc.invoices.subtitle","Счета формируются после подписания по графику платежей. Выписка 1С сопоставляется по номеру счёта в назначении, затем по ИНН и точной сумме; остальное — в ручную разноску","Hisoblar imzolangandan soʻng toʻlov jadvali boʻyicha shakllantiriladi. 1C koʻchirmasi toʻlov maqsadidagi hisob raqami, soʻngra STIR va aniq summa boʻyicha solishtiriladi; qolgani qoʻlda taqsimlashga oʻtadi","Invoices are generated after signing according to the payment schedule. The 1C statement is matched by the invoice number in the purpose, then by TIN and exact amount; the rest goes to manual matching","src/features/staff/lifecycle/InvoicesPage.tsx"
"staffLc.invoices.title","Счета и оплаты","Hisoblar va toʻlovlar","Invoices and payments","src/features/staff/lifecycle/InvoicesPage.tsx; src/features/staff/lifecycle/PaymentQueuePage.tsx"
"staffLc.invoices.unpaid","Неоплаченные","Toʻlanmagan","Unpaid","src/features/staff/lifecycle/InvoicesPage.tsx"
"staffLc.invoices.uploadStatement","Загрузить выписку из 1С","1C dan koʻchirmani yuklash","Upload 1C statement","src/features/staff/lifecycle/InvoicesPage.tsx"
"staffLc.issue.checking","Проверяем…","Tekshirilmoqda…","Checking…","src/features/staff/policies/PolicyIssuePage.tsx"
"staffLc.issue.clients","Клиенты","Mijozlar","Clients","src/features/staff/policies/PolicyIssuePage.tsx"
"staffLc.issue.colCheck","Проверка","Tekshirish","Check","src/features/staff/policies/PolicyIssuePage.tsx"
"staffLc.issue.colFamily","Кем приходится","Kim boʻladi","Relation","src/features/staff/policies/PolicyIssuePage.tsx"
"staffLc.issue.colRow","Строка","Qator","Row","src/features/staff/policies/PolicyIssuePage.tsx"
"staffLc.issue.downloadTemplate","Скачать шаблон CSV","CSV shablonini yuklab olish","Download CSV template","src/features/staff/policies/PolicyIssuePage.tsx"
"staffLc.issue.errorsNote","Строки с ошибками не попадут в полис — исправьте их в файле и загрузите снова.","Xatoli qatorlar polisga kirmaydi — ularni faylda tuzating va qayta yuklang.","Rows with errors will not be included in the policy: fix them in the file and upload again.","src/features/staff/policies/PolicyIssuePage.tsx"
"staffLc.issue.fileAria","Файл со списком застрахованных","Sugʻurtalanganlar roʻyxati fayli","Member list file","src/features/staff/policies/PolicyIssuePage.tsx"
"staffLc.issue.fileStats","Строк в файле: {total} · корректных: {valid} · с ошибками: {invalid}","Fayldagi qatorlar: {total} · toʻgʻri: {valid} · xatoli: {invalid}","Rows in file: {total} · valid: {valid} · with errors: {invalid}","src/features/staff/policies/PolicyIssuePage.tsx"
"staffLc.issue.hrEmail","Email HR","HR emaili","HR email","src/features/staff/policies/PolicyIssuePage.tsx"
"staffLc.issue.hrExists","Если у компании уже есть HR в системе, новый пользователь не создаётся.","Agar kompaniyaning tizimda HR xodimi boʻlsa, yangi foydalanuvchi yaratilmaydi.","If the company already has HR in the system, no new user is created.","src/features/staff/policies/PolicyIssuePage.tsx"
"staffLc.issue.hrName","ФИО HR","HR F.I.Sh.","HR full name","src/features/staff/policies/PolicyIssuePage.tsx"
"staffLc.issue.inviteHr","Пригласить HR клиента в кабинет","Mijoz HR xodimini kabinetga taklif qilish","Invite client HR to the portal","src/features/staff/policies/PolicyIssuePage.tsx"
"staffLc.issue.issue","Оформить полис","Polisni rasmiylashtirish","Issue policy","src/features/staff/policies/PolicyIssuePage.tsx"
"staffLc.issue.issued","Полис {number} оформлен","{number} polis rasmiylashtirildi","Policy {number} issued","src/features/staff/policies/PolicyIssuePage.tsx"
"staffLc.issue.limit","Лимит: {category}","Limit: {category}","Limit: {category}","src/features/staff/policies/PolicyIssuePage.tsx"
"staffLc.issue.listHelp","Список застрахованных от клиента — приложение 1 к полису, строка на каждого человека. Файл .csv в UTF-8, до 5 МБ и {rows} строк. Колонки: {columns}; relation — кем приходится (пусто или employee — сотрудник, spouse, child, parent, other — член семьи), principal_pinfl — ПИНФЛ сотрудника для члена семьи, student = 1 для ребёнка-студента. Телефон и должность члену семьи можно не указывать.","Mijozdan sugʻurtalanganlar roʻyxati — polisga 1-ilova, har bir kishi uchun alohida qator. UTF-8 dagi .csv fayl, 5 MB va {rows} qatorgacha. Ustunlar: {columns}; relation — kim boʻlishi (boʻsh yoki employee — xodim, spouse, child, parent, other — oila aʼzosi), principal_pinfl — oila aʼzosi uchun xodimning JShShIRi, student = 1 talaba bola uchun. Oila aʼzosining telefoni va lavozimini koʻrsatmasa ham boʻladi.","The client's list of insured persons — appendix 1 to the policy, a row per person. A UTF-8 .csv file, up to 5 MB and {rows} rows. Columns: {columns}; relation — who the person is (empty or employee, or spouse, child, parent, other for a family member), principal_pinfl — the employee's PINFL for a family member, student = 1 for a child who is a student. Phone and position are optional for a family member.","src/features/staff/policies/PolicyIssuePage.tsx"
"staffLc.issue.needCsv","Нужен файл .csv — в Excel: «Сохранить как» → CSV UTF-8",".csv fayl kerak — Excelda: «Boshqacha saqlash» → CSV UTF-8","A .csv file is required. In Excel: “Save as” → CSV UTF-8","src/features/staff/policies/PolicyIssuePage.tsx"
"staffLc.issue.peopleStats","Сотрудников: {employees}, членов семьи: {family}","Xodimlar: {employees}, oila aʼzolari: {family}","Employees: {employees}, family members: {family}","src/features/staff/policies/PolicyIssuePage.tsx"
"staffLc.issue.previewCaption","Строки файла со списком застрахованных","Sugʻurtalanganlar roʻyxati faylining qatorlari","Rows of the member list file","src/features/staff/policies/PolicyIssuePage.tsx"
"staffLc.issue.previewLimited","Показаны первые {shown} строк из {total}; итоги выше посчитаны по всему файлу.","{total} tadan dastlabki {shown} ta qator koʻrsatilgan; yuqoridagi natijalar butun fayl boʻyicha hisoblangan.","Showing the first {shown} of {total} rows; the totals above cover the whole file.","src/features/staff/policies/PolicyIssuePage.tsx"
"staffLc.issue.rateEmployee","Тариф на сотрудника, UZS в год","Xodim uchun tarif, yiliga soʻm","Rate per employee, UZS per year","src/features/staff/policies/PolicyIssuePage.tsx"
"staffLc.issue.rateFamily","Тариф на члена семьи, UZS в год","Oila aʼzosi uchun tarif, yiliga soʻm","Rate per family member, UZS per year","src/features/staff/policies/PolicyIssuePage.tsx"
"staffLc.issue.ratePerYear","тариф {amount} в год","tarif yiliga {amount}","rate {amount} per year","src/features/staff/policies/PolicyIssuePage.tsx"
"staffLc.issue.rates","Тарифы","Tariflar","Rates","src/features/staff/policies/PolicyIssuePage.tsx"
"staffLc.issue.step.list","Список застрахованных","Sugʻurtalanganlar roʻyxati","Member list","src/features/staff/policies/PolicyIssuePage.tsx"
"staffLc.issue.step.review","Проверка","Tekshirish","Review","src/features/staff/policies/PolicyIssuePage.tsx"
"staffLc.issue.step.terms","Условия","Shartlar","Terms","src/features/staff/policies/PolicyIssuePage.tsx"
"staffLc.issue.stepsAria","Шаги оформления","Rasmiylashtirish bosqichlari","Issuance steps","src/features/staff/policies/PolicyIssuePage.tsx"
"staffLc.issue.summary","Итоги","Natijalar","Summary","src/features/staff/policies/PolicyIssuePage.tsx"
"staffLc.issue.termsTitle","Условия полиса","Polis shartlari","Policy terms","src/features/staff/policies/PolicyIssuePage.tsx"
"staffLc.issue.title","Оформление полиса","Polisni rasmiylashtirish","Policy issuance","src/features/staff/policies/PolicyIssuePage.tsx"
"staffLc.issue.tooBig","Файл больше 5 МБ — разделите список на несколько файлов","Fayl 5 MB dan katta — roʻyxatni bir nechta faylga boʻling","The file is larger than 5 MB: split the list into several files","src/features/staff/policies/PolicyIssuePage.tsx"
"staffLc.issue.valid","Корректно","Toʻgʻri","Valid","src/features/staff/policies/PolicyIssuePage.tsx"
"staffLc.pricing.annual","Годовая премия на человека","Bir kishi uchun yillik mukofot","Annual premium per person","src/features/staff/lifecycle/AgeBandTable.tsx"
"staffLc.pricing.band","Возрастная группа","Yosh guruhi","Age band","src/features/staff/lifecycle/AgeBandTable.tsx"
"staffLc.pricing.basis","Премия включаемых в течение срока","Muddat davomida kiritilganlar mukofoti","Premium of persons included during the term","src/features/staff/lifecycle/ContractPage.tsx; src/features/staff/lifecycle/QuotePage.tsx"
"staffLc.pricing.basisHint","По типу — премия за сотрудника или за члена семьи; по возрастной группе — ставка группы на дату включения (Приложение 4). Всё × оставшиеся дни / дни срока.","Turi boʻyicha — xodim yoki oila aʼzosi uchun mukofot; yosh guruhi boʻyicha — kiritilgan sanadagi guruh stavkasi (4-ilova). Hammasi × qolgan kunlar / muddat kunlari.","By type — the premium per employee or per family member; by age band — the band rate on the inclusion date (Appendix 4). Times remaining days / term days.","src/features/staff/lifecycle/ContractPage.tsx"
"staffLc.pricing.quoteHint","Условие договора для включений в течение срока. Таблица ставок по возрастным группам считается из тарифа котировки (ставка × коэффициент × скидки) и переходит в договор.","Muddat davomida kiritish uchun shartnoma sharti. Yosh guruhlari stavkalari jadvali kotirovka tarifidan hisoblanadi (stavka × koeffitsiyent × chegirmalar) va shartnomaga oʻtadi.","A contract term for inclusions during the term. The age-band rate table is derived from the quote tariff (rate × coefficient × discounts) and goes into the contract.","src/features/staff/lifecycle/QuotePage.tsx"
"staffLc.pricing.tableTitle","Ставки по возрастным группам (Приложение 4)","Yosh guruhlari stavkalari (4-ilova)","Age-band rates (Appendix 4)","src/features/staff/lifecycle/ContractPage.tsx; src/features/staff/lifecycle/QuotePage.tsx"
"staffLc.queue.allocate","Разнести","Taqsimlash","Match","src/features/staff/lifecycle/PaymentQueuePage.tsx"
"staffLc.queue.allocateAmount","Разнести {amount}","{amount} taqsimlash","Match {amount}","src/features/staff/lifecycle/PaymentQueuePage.tsx"
"staffLc.queue.allocateDesc","{date} · ИНН плательщика {inn} · к разноске {rest}","{date} · toʻlovchi STIR {inn} · taqsimlash uchun {rest}","{date} · payer TIN {inn} · to match {rest}","src/features/staff/lifecycle/PaymentQueuePage.tsx"
"staffLc.queue.allocateDescNamed","{date} · ИНН плательщика {inn} ({name}) · к разноске {rest}","{date} · toʻlovchi STIR {inn} ({name}) · taqsimlash uchun {rest}","{date} · payer TIN {inn} ({name}) · to match {rest}","src/features/staff/lifecycle/PaymentQueuePage.tsx"
"staffLc.queue.allocateTitle","Разнести платёж","Toʻlovni taqsimlash","Match payment","src/features/staff/lifecycle/PaymentQueuePage.tsx"
"staffLc.queue.allocated","Платёж разнесён","Toʻlov taqsimlandi","Payment matched","src/features/staff/lifecycle/PaymentQueuePage.tsx"
"staffLc.queue.allocatedCol","Разнесено","Taqsimlangan","Matched","src/features/staff/lifecycle/PaymentQueuePage.tsx"
"staffLc.queue.allocatedFilter","Разнесённые","Taqsimlanganlar","Matched","src/features/staff/lifecycle/PaymentQueuePage.tsx"
"staffLc.queue.amountAria","Сумма по счёту {number}","{number} hisob boʻyicha summa","Amount for invoice {number}","src/features/staff/lifecycle/PaymentQueuePage.tsx"
"staffLc.queue.candidates","Подходящие счета","Mos hisoblar","Matching invoices","src/features/staff/lifecycle/PaymentQueuePage.tsx"
"staffLc.queue.candidatesCount","Кандидатов: {n}","Nomzodlar: {n}","Candidates: {n}","src/features/staff/lifecycle/PaymentQueuePage.tsx"
"staffLc.queue.caption","Платежи для ручной разноски","Qoʻlda taqsimlash uchun toʻlovlar","Payments for manual matching","src/features/staff/lifecycle/PaymentQueuePage.tsx"
"staffLc.queue.commentPlaceholder","Например: оплата за клиента по письму от 01.10","Masalan: 01.10 dagi xatga koʻra mijoz uchun toʻlov","For example: payment on behalf of the client per letter of 01.10","src/features/staff/lifecycle/PaymentQueuePage.tsx"
"staffLc.queue.commentRequired","Комментарий (обязательно: плательщик — другой ИНН)","Izoh (majburiy: toʻlovchi — boshqa STIR)","Comment (required: the payer has a different TIN)","src/features/staff/lifecycle/PaymentQueuePage.tsx"
"staffLc.queue.docNumber","п/п № {number}","Toʻlov topshiriqnomasi № {number}","Payment order No. {number}","src/features/staff/lifecycle/PaymentQueuePage.tsx"
"staffLc.queue.emptyAllocated","Разнесённых вручную платежей нет","Qoʻlda taqsimlangan toʻlovlar yoʻq","No manually matched payments","src/features/staff/lifecycle/PaymentQueuePage.tsx"
"staffLc.queue.emptyPending","Все платежи разнесены","Barcha toʻlovlar taqsimlangan","All payments are matched","src/features/staff/lifecycle/PaymentQueuePage.tsx"
"staffLc.queue.foreignComment","Плательщик — другой ИНН: укажите комментарий (минимум 5 символов)","Toʻlovchi — boshqa STIR: izoh kiriting (kamida 5 ta belgi)","The payer has a different TIN: add a comment (at least 5 characters)","src/features/staff/lifecycle/PaymentQueuePage.tsx"
"staffLc.queue.inn","ИНН {inn}","STIR {inn}","TIN {inn}","src/features/staff/lifecycle/PaymentQueuePage.tsx"
"staffLc.queue.invoiceAria","Счёт {number}","Hisob {number}","Invoice {number}","src/features/staff/lifecycle/PaymentQueuePage.tsx"
"staffLc.queue.matchHint"," · совпадение: {hint}"," · moslik: {hint}"," · match: {hint}","src/features/staff/lifecycle/PaymentQueuePage.tsx"
"staffLc.queue.noCandidates","Подходящих счетов не найдено — выберите счёт ниже","Mos hisoblar topilmadi — quyida hisobni tanlang","No matching invoices found: select an invoice below","src/features/staff/lifecycle/PaymentQueuePage.tsx"
"staffLc.queue.noInvoices","Нет счетов","Hisoblar yoʻq","No invoices","src/features/staff/lifecycle/PaymentQueuePage.tsx"
"staffLc.queue.otherInn"," · другой ИНН"," · boshqa STIR"," · different TIN","src/features/staff/lifecycle/PaymentQueuePage.tsx"
"staffLc.queue.otherInvoice","Другой неоплаченный счёт","Boshqa toʻlanmagan hisob","Another unpaid invoice","src/features/staff/lifecycle/PaymentQueuePage.tsx"
"staffLc.queue.otherOption","{number} · {client} · остаток {rest}","{number} · {client} · qoldiq {rest}","{number} · {client} · remaining {rest}","src/features/staff/lifecycle/PaymentQueuePage.tsx"
"staffLc.queue.overAllocated","Сумма разноски больше остатка платежа","Taqsimlash summasi toʻlov qoldigʻidan katta","The matched amount exceeds the payment balance","src/features/staff/lifecycle/PaymentQueuePage.tsx"
"staffLc.queue.partlyAllocated","Разнесено, остаток {rest}","Taqsimlandi, qoldiq {rest}","Matched, {rest} remaining","src/features/staff/lifecycle/PaymentQueuePage.tsx"
"staffLc.queue.payer","Плательщик","Toʻlovchi","Payer","src/features/staff/lifecycle/PaymentQueuePage.tsx"
"staffLc.queue.pending","Ждут разноски","Taqsimlashni kutmoqda","Awaiting matching","src/features/staff/lifecycle/PaymentQueuePage.tsx"
"staffLc.queue.purpose","Назначение","Toʻlov maqsadi","Purpose","src/features/staff/lifecycle/PaymentQueuePage.tsx"
"staffLc.queue.purposeLabel","Назначение:","Toʻlov maqsadi:","Purpose:","src/features/staff/lifecycle/PaymentQueuePage.tsx"
"staffLc.queue.remaining","Остаток {amount}","Qoldiq {amount}","Remaining {amount}","src/features/staff/lifecycle/PaymentQueuePage.tsx"
"staffLc.queue.restStays","Остаток {amount} останется в очереди","{amount} qoldiq navbatda qoladi","The remaining {amount} stays in the queue","src/features/staff/lifecycle/PaymentQueuePage.tsx"
"staffLc.queue.subtitle","Платежи выписки 1С, которые не удалось сопоставить по номеру счёта в назначении или по ИНН и точной сумме","1C koʻchirmasidagi toʻlov maqsadidagi hisob raqami yoki STIR va aniq summa boʻyicha solishtirib boʻlmagan toʻlovlar","1C statement payments that could not be matched by the invoice number in the purpose or by TIN and exact amount","src/features/staff/lifecycle/PaymentQueuePage.tsx"
"staffLc.queue.toAllocate","К разноске","Taqsimlash uchun","To match","src/features/staff/lifecycle/PaymentQueuePage.tsx"
"staffLc.queue.whyUnmatched","Почему не сопоставлен","Nega solishtirilmagan","Why not matched","src/features/staff/lifecycle/PaymentQueuePage.tsx"
"staffLc.quote.adjustments","Надбавки и скидки","Ustamalar va chegirmalar","Loadings and discounts","src/features/staff/lifecycle/QuotePage.tsx"
"staffLc.quote.ageBands","Возрастные группы","Yosh guruhlari","Age bands","src/features/staff/lifecycle/QuotePage.tsx"
"staffLc.quote.agree","Согласовать","Kelishish","Approve","src/features/staff/claims/SettlementPanel.tsx; src/features/staff/lifecycle/ContractPage.tsx; src/features/staff/lifecycle/EndorsementPage.tsx; src/features/staff/lifecycle/QuotePage.tsx"
"staffLc.quote.approvals","Согласования","Kelishuvlar","Approvals","src/features/staff/lifecycle/QuotePage.tsx"
"staffLc.quote.approve","Утвердить","Tasdiqlash","Approve","src/features/staff/lifecycle/QuotePage.tsx"
"staffLc.quote.approveDesc","После согласования менеджер сможет отправить КП с этими условиями.","Kelishilgandan soʻng menejer ushbu shartlar bilan TT yuborishi mumkin.","After approval, the manager can send a commercial proposal with these terms.","src/features/staff/lifecycle/QuotePage.tsx"
"staffLc.quote.approveTitle","Согласовать котировку","Kotirovkani kelishish","Approve quote","src/features/staff/lifecycle/QuotePage.tsx"
"staffLc.quote.approvedWithin","Котировка утверждена в пределах ваших полномочий","Kotirovka vakolatlaringiz doirasida tasdiqlandi","Quote approved within your authority limits","src/features/staff/lifecycle/QuotePage.tsx"
"staffLc.quote.authorityBoth","Ваши полномочия: скидка до {discount}, премия до {premium}.","Vakolatlaringiz: chegirma {discount} gacha, mukofot {premium} gacha.","Your authority limits: discount up to {discount}, premium up to {premium}.","src/features/staff/lifecycle/QuotePage.tsx"
"staffLc.quote.authorityDiscount","Ваши полномочия: скидка до {discount}.","Vakolatlaringiz: chegirma {discount} gacha.","Your authority limits: discount up to {discount}.","src/features/staff/lifecycle/QuotePage.tsx"
"staffLc.quote.authorityProblem","{problem}. Котировку утвердит андеррайтер с бо́льшими полномочиями.","{problem}. Kotirovkani kattaroq vakolatlarga ega anderrayter tasdiqlaydi.","{problem}. An underwriter with higher authority limits will approve the quote.","src/features/staff/lifecycle/QuotePage.tsx"
"staffLc.quote.baseRate","Базовая ставка","Bazaviy stavka","Base rate","src/features/staff/lifecycle/QuotePage.tsx"
"staffLc.quote.censusFirst","Сначала загрузите данные для оценки.","Avval baholash uchun maʼlumotlarni yuklang.","Upload census data first.","src/features/staff/lifecycle/QuotePage.tsx"
"staffLc.quote.coefficient","Коэффициент","Koeffitsiyent","Coefficient","src/features/staff/lifecycle/QuotePage.tsx"
"staffLc.quote.commentOptional","Комментарий (необязательно)","Izoh (ixtiyoriy)","Comment (optional)","src/features/staff/claims/SettlementPanel.tsx; src/features/staff/lifecycle/ContractPage.tsx; src/features/staff/lifecycle/EndorsementPage.tsx; src/features/staff/lifecycle/QuotePage.tsx"
"staffLc.quote.deleteRow","Удалить строку","Qatorni oʻchirish","Delete row","src/features/staff/lifecycle/QuotePage.tsx"
"staffLc.quote.discountFromTariff","Скидка от тарифа","Tarifdan chegirma","Discount from rate","src/features/staff/lifecycle/QuotePage.tsx"
"staffLc.quote.noAdjustments","Нет. Скидка — отрицательный процент, надбавка — положительный; комментарий обязателен.","Yoʻq. Chegirma — manfiy foiz, ustama — musbat; izoh majburiy.","None. A discount is a negative percentage, a loading is positive; a comment is required.","src/features/staff/lifecycle/QuotePage.tsx"
"staffLc.quote.noDiscount","нет","yoʻq","none","src/features/staff/lifecycle/QuotePage.tsx"
"staffLc.quote.people","Человек","Kishi","People","src/features/staff/lifecycle/QuotePage.tsx"
"staffLc.quote.perEmployee","За сотрудника","Xodim uchun","Per employee","src/features/staff/lifecycle/QuotePage.tsx"
"staffLc.quote.perFamily","За члена семьи","Oila aʼzosi uchun","Per family member","src/features/staff/lifecycle/QuotePage.tsx"
"staffLc.quote.premiumPerYear","Премия в год","Yillik mukofot","Annual premium","src/features/staff/lifecycle/QuotePage.tsx"
"staffLc.quote.ratesNote","Ставки и коэффициенты — из «Параметров ДМС». Скидка за размер группы: {discount} (от {from} человек).","Stavkalar va koeffitsiyentlar «ITS parametrlari»dan olinadi. Guruh hajmi uchun chegirma: {discount} ({from} kishidan).","Rates and coefficients come from “VHI parameters”. Group size discount: {discount} (from {from} people).","src/features/staff/lifecycle/QuotePage.tsx"
"staffLc.quote.rejectDesc","Котировка вернётся автору на доработку.","Kotirovka qayta ishlash uchun muallifga qaytariladi.","The quote will be returned to the author for rework.","src/features/staff/lifecycle/QuotePage.tsx"
"staffLc.quote.rejectTitle","Отклонить котировку","Kotirovkani rad etish","Reject quote","src/features/staff/lifecycle/QuotePage.tsx"
"staffLc.quote.rejectedReason","Отклонена: {reason}","Rad etildi: {reason}","Rejected: {reason}","src/features/staff/lifecycle/QuotePage.tsx"
"staffLc.quote.result","Итог","Natija","Result","src/features/staff/lifecycle/QuotePage.tsx"
"staffLc.quote.saved","Котировка сохранена","Kotirovka saqlandi","Quote saved","src/features/staff/lifecycle/QuotePage.tsx"
"staffLc.quote.sentForApproval","Котировка отправлена на согласование","Kotirovka kelishish uchun yuborildi","Quote sent for approval","src/features/staff/lifecycle/QuotePage.tsx"
"staffLc.quote.submitForApproval","Отправить на согласование","Kelishish uchun yuborish","Submit for approval","src/features/staff/claims/SettlementPanel.tsx; src/features/staff/lifecycle/ContractPage.tsx; src/features/staff/lifecycle/EndorsementPage.tsx; src/features/staff/lifecycle/QuotePage.tsx"
"staffLc.quoteStatus.approved","Утверждена","Tasdiqlangan","Approved","src/features/staff/lifecycle/DealCardPage.tsx; src/features/staff/lifecycle/QuotePage.tsx"
"staffLc.quoteStatus.draft","Черновик","Qoralama","Draft","src/features/staff/lifecycle/DealCardPage.tsx; src/features/staff/lifecycle/QuotePage.tsx"
"staffLc.quoteStatus.pending_approval","На согласовании","Kelishuvda","Pending approval","src/features/staff/lifecycle/DealCardPage.tsx; src/features/staff/lifecycle/QuotePage.tsx"
"staffLc.quoteStatus.rejected","Отклонена","Rad etilgan","Rejected","src/features/staff/lifecycle/DealCardPage.tsx; src/features/staff/lifecycle/QuotePage.tsx"
"staffLc.reserves.claimsRegister","Реестр убытков","Zararlar reyestri","Claims register","src/features/staff/lifecycle/ReservesReportPage.tsx"
"staffLc.reserves.colClaims","Убытков","Zararlar","Claims","src/features/staff/lifecycle/ReservesReportPage.tsx"
"staffLc.reserves.colGroup","Группа","Guruh","Group","src/features/staff/lifecycle/QuotePage.tsx; src/features/staff/lifecycle/ReservesReportPage.tsx"
"staffLc.reserves.colReserve","Резерв","Zaxira","Reserve","src/features/staff/claims/SettlementPanel.tsx; src/features/staff/lifecycle/ReservesReportPage.tsx"
"staffLc.reserves.colShare","Доля","Ulush","Share","src/features/staff/lifecycle/ReservesReportPage.tsx"
"staffLc.reserves.group.byAssistance","По ассистансам","Assistanslar boʻyicha","By assistance company","src/features/staff/lifecycle/ReservesReportPage.tsx"
"staffLc.reserves.group.byCategory","По видам помощи","Yordam turlari boʻyicha","By care type","src/features/staff/lifecycle/ReservesReportPage.tsx"
"staffLc.reserves.group.byClient","По клиентам","Mijozlar boʻyicha","By client","src/features/staff/lifecycle/ReservesReportPage.tsx"
"staffLc.reserves.onDate","На дату","Sanaga","As of","src/features/staff/lifecycle/ReservesReportPage.tsx"
"staffLc.reserves.openClaims","Открытых убытков","Ochiq zararlar","Open claims","src/features/staff/lifecycle/ReservesReportPage.tsx"
"staffLc.reserves.short","Резервы","Zaxiralar","Reserves","src/features/staff/lifecycle/ReservesReportPage.tsx"
"staffLc.reserves.subtitle","Резерв заявленных, но не урегулированных убытков на дату. IBNR (произошедшие, но не заявленные) — вне рамок прототипа","Sanaga koʻra bildirilgan, lekin tartibga solinmagan zararlar zaxirasi. IBNR (yuz bergan, lekin bildirilmagan) — prototip doirasidan tashqarida","Reserve for reported but unsettled claims on the date. IBNR (incurred but not reported) is out of scope for the prototype","src/features/staff/lifecycle/ReservesReportPage.tsx"
"staffLc.reserves.title","Резервы убытков","Zarar zaxiralari","Claim reserves","src/features/staff/lifecycle/ReservesReportPage.tsx"
"staffLc.reserves.totalOnDate","Резерв на дату","Sanadagi zaxira","Reserve as of date","src/features/staff/lifecycle/ReservesReportPage.tsx"
"staffLc.settle.aboveAuthority","Сумма выше ваших полномочий ({max}): решение уйдёт на согласование сотруднику с бо́льшими полномочиями.","Summa vakolatlaringizdan ({max}) yuqori: qaror kattaroq vakolatlarga ega xodimga kelishish uchun yuboriladi.","The amount exceeds your authority limit ({max}): the decision will go for approval to someone with higher authority limits.","src/features/staff/claims/SettlementPanel.tsx"
"staffLc.settle.answer","Ответить","Javob berish","Respond","src/features/staff/claims/SettlementPanel.tsx"
"staffLc.settle.appeal","Апелляция","Eʼtiroz","Appeal","src/features/staff/claims/SettlementPanel.tsx"
"staffLc.settle.appealAnswer","Ответ на апелляцию","Eʼtirozga javob","Appeal response","src/features/staff/claims/SettlementPanel.tsx"
"staffLc.settle.appealClinic","Апелляция клиники · {at}","Klinika eʼtirozi · {at}","Appeal by the clinic · {at}","src/features/staff/claims/SettlementPanel.tsx"
"staffLc.settle.appealClosed","рассмотрена","koʻrib chiqilgan","resolved","src/features/staff/claims/SettlementPanel.tsx"
"staffLc.settle.appealInsured","Апелляция застрахованного · {at}","Sugʻurtalangan shaxs eʼtirozi · {at}","Appeal by the insured person · {at}","src/features/staff/claims/SettlementPanel.tsx"
"staffLc.settle.appealOpen","открыта","ochiq","open","src/features/staff/claims/SettlementPanel.tsx"
"staffLc.settle.approvedBy"," · согласовал {name}"," · kelishdi {name}"," · approved by {name}","src/features/staff/claims/SettlementPanel.tsx"
"staffLc.settle.approvedToast","Решение согласовано","Qaror kelishildi","Decision approved","src/features/staff/claims/SettlementPanel.tsx"
"staffLc.settle.authority","Ваши полномочия: до {max}.","Vakolatlaringiz: {max} gacha.","Your authority limit: up to {max}.","src/features/staff/claims/SettlementPanel.tsx"
"staffLc.settle.awaitingOpinion","Ждём заключения","Xulosa kutilmoqda","Awaiting opinion","src/features/staff/claims/SettlementPanel.tsx"
"staffLc.settle.basis","Основание: {clause}","Asos: {clause}","Basis: {clause}","src/features/staff/claims/SettlementPanel.tsx"
"staffLc.settle.changeReserve","Изменить резерв","Zaxirani oʻzgartirish","Change reserve","src/features/staff/claims/SettlementPanel.tsx"
"staffLc.settle.chooseClause","Выберите пункт","Bandni tanlang","Select a clause","src/features/staff/claims/SettlementPanel.tsx"
"staffLc.settle.claimed","Заявлено {amount}","Bildirilgan {amount}","Claimed {amount}","src/features/staff/claims/SettlementPanel.tsx"
"staffLc.settle.clause","Пункт договора","Shartnoma bandi","Contract clause","src/features/staff/claims/SettlementPanel.tsx"
"staffLc.settle.decide","Принять решение","Qaror qabul qilish","Make decision","src/features/staff/claims/SettlementPanel.tsx"
"staffLc.settle.decided","Решение принято","Qaror qabul qilindi","Decision made","src/features/staff/claims/SettlementPanel.tsx"
"staffLc.settle.disapprove","Не согласовывать","Kelishmaslik","Do not approve","src/features/staff/claims/SettlementPanel.tsx"
"staffLc.settle.disapproveDesc","Решение вернётся автору, убыток останется на рассмотрении.","Qaror muallifga qaytariladi, zarar koʻrib chiqishda qoladi.","The decision will go back to its author; the claim stays under review.","src/features/staff/claims/SettlementPanel.tsx"
"staffLc.settle.disapproveTitle","Не согласовывать решение","Qarorni kelishmaslik","Do not approve decision","src/features/staff/claims/SettlementPanel.tsx"
"staffLc.settle.dismissDesc","Флаг останется в истории с вашим комментарием.","Belgi izohingiz bilan tarixda qoladi.","The flag stays in the history with your comment.","src/features/staff/claims/SettlementPanel.tsx"
"staffLc.settle.dismissFlag","Снять флаг","Belgini olib tashlash","Dismiss flag","src/features/staff/claims/SettlementPanel.tsx"
"staffLc.settle.dismissed","Снят: {name}, {at} — {comment}","Olib tashlandi: {name}, {at} — {comment}","Dismissed: {name}, {at}: {comment}","src/features/staff/claims/SettlementPanel.tsx"
"staffLc.settle.doctorOpinion","Заключение врача","Shifokor xulosasi","Doctor’s opinion","src/features/staff/claims/SettlementPanel.tsx"
"staffLc.settle.errAmount","Сумма больше нуля и меньше заявленной","Summa noldan katta va bildirilganidan kichik boʻlishi kerak","The amount must be greater than zero and less than claimed","src/features/staff/claims/SettlementPanel.tsx"
"staffLc.settle.errClause","Для отказа и частичного одобрения укажите пункт договора","Rad etish va qisman tasdiqlash uchun shartnoma bandini koʻrsating","For a denial or partial approval, specify the contract clause","src/features/staff/claims/SettlementPanel.tsx"
"staffLc.settle.errReason","Опишите причину простым языком: её увидит застрахованный","Sababni oddiy tilda yozing: uni sugʻurtalangan shaxs koʻradi","Describe the reason in plain language: the insured person will see it","src/features/staff/claims/SettlementPanel.tsx"
"staffLc.settle.escalated","Решение выше ваших полномочий — отправлено на согласование","Qaror vakolatlaringizdan yuqori — kelishish uchun yuborildi","The decision exceeds your authority limits and has been sent for approval","src/features/staff/claims/SettlementPanel.tsx"
"staffLc.settle.flags","Признаки для проверки","Tekshirish uchun belgilar","Signs to review","src/features/staff/claims/SettlementPanel.tsx"
"staffLc.settle.flagsAria","Флаги проверки","Tekshiruv belgilari","Review flags","src/features/staff/claims/SettlementPanel.tsx"
"staffLc.settle.flagsNote","Флаги — повод проверить, а не автоматический отказ.","Belgilar — tekshirish uchun sabab, avtomatik rad etish emas.","Flags are a reason to check, not an automatic denial.","src/features/staff/claims/SettlementPanel.tsx"
"staffLc.settle.giveOpinion","Дать заключение","Xulosa berish","Give opinion","src/features/staff/claims/SettlementPanel.tsx"
"staffLc.settle.keepDecision","Оставить решение в силе","Qarorni oʻz kuchida qoldirish","Uphold decision","src/features/staff/claims/SettlementPanel.tsx"
"staffLc.settle.keepDesc","Застрахованный увидит ответ на апелляцию в приложении.","Sugʻurtalangan shaxs eʼtirozga javobni ilovada koʻradi.","The insured person will see the appeal response in the app.","src/features/staff/claims/SettlementPanel.tsx"
"staffLc.settle.letterDesc","Формируется по шаблону-заглушке после решения.","Qarordan soʻng vaqtinchalik shablon boʻyicha shakllantiriladi.","Generated from a placeholder template after the decision.","src/features/staff/claims/SettlementPanel.tsx"
"staffLc.settle.letterTitle","Письмо о решении","Qaror haqida xat","Decision letter","src/features/staff/claims/SettlementPanel.tsx"
"staffLc.settle.letterToInsured","Письмо застрахованному","Sugʻurtalangan shaxsga xat","Letter to the insured person","src/features/staff/claims/SettlementPanel.tsx"
"staffLc.settle.medicalOpinion","Медицинское заключение","Tibbiy xulosa","Medical opinion","src/features/staff/claims/SettlementPanel.tsx"
"staffLc.settle.opinionNote","Заключение — не решение: решение принимает специалист по убыткам.","Xulosa — qaror emas: qarorni zararlar boʻyicha mutaxassis qabul qiladi.","An opinion is not a decision: the claims officer makes the decision.","src/features/staff/claims/SettlementPanel.tsx"
"staffLc.settle.opinionSent","Заключение отправлено специалисту по убыткам","Xulosa zararlar boʻyicha mutaxassisga yuborildi","Opinion sent to the claims officer","src/features/staff/claims/SettlementPanel.tsx"
"staffLc.settle.payAmount","Сумма к выплате, UZS","Toʻlanadigan summa, soʻm","Amount to pay, UZS","src/features/staff/claims/SettlementPanel.tsx"
"staffLc.settle.pending","На согласовании: {kind}, {amount}","Kelishuvda: {kind}, {amount}","Pending approval: {kind}, {amount}","src/features/staff/claims/SettlementPanel.tsx"
"staffLc.settle.pendingAria","Решение на согласовании","Kelishuvdagi qaror","Decision pending approval","src/features/staff/claims/SettlementPanel.tsx"
"staffLc.settle.plainReason","Причина простым языком","Sabab oddiy tilda","Reason in plain language","src/features/staff/claims/SettlementPanel.tsx"
"staffLc.settle.plainReasonHint","Её увидит застрахованный в приложении и в письме","Uni sugʻurtalangan shaxs ilovada va xatda koʻradi","The insured person will see it in the app and in the letter","src/features/staff/claims/SettlementPanel.tsx"
"staffLc.settle.proposedBy","Предложил {name}, {at}. Нужны полномочия от {required}.","Taklif qildi {name}, {at}. {required} dan vakolat kerak.","Proposed by {name}, {at}. Authority limit of {required} or more is required.","src/features/staff/claims/SettlementPanel.tsx"
"staffLc.settle.questionLabel","Вопрос врачу (необязательно)","Shifokorga savol (ixtiyoriy)","Question for the doctor (optional)","src/features/staff/claims/SettlementPanel.tsx"
"staffLc.settle.recommendation.approve","Одобрить","Tasdiqlash","Approve","src/features/staff/claims/SettlementPanel.tsx"
"staffLc.settle.recommendation.partial","Одобрить частично","Qisman tasdiqlash","Approve partially","src/features/staff/claims/SettlementPanel.tsx"
"staffLc.settle.recommendation.reject","Отказать","Rad etish","Deny","src/features/staff/claims/SettlementPanel.tsx"
"staffLc.settle.recommendationLabel","Рекомендация","Tavsiya","Recommendation","src/features/staff/claims/SettlementPanel.tsx"
"staffLc.settle.recommendationPrefix","Рекомендация:","Tavsiya:","Recommendation:","src/features/staff/claims/SettlementPanel.tsx"
"staffLc.settle.reconsider","Пересмотреть решение","Qarorni qayta koʻrib chiqish","Reconsider decision","src/features/staff/claims/SettlementPanel.tsx"
"staffLc.settle.request","Запросить","Soʻrash","Request","src/features/staff/claims/SettlementPanel.tsx"
"staffLc.settle.requestOpinion","Запросить заключение врача","Shifokor xulosasini soʻrash","Request doctor’s opinion","src/features/staff/claims/SettlementPanel.tsx"
"staffLc.settle.requestOpinionDesc","Врач-эксперт даст медицинское заключение и рекомендацию. Решение останется за вами.","Ekspert shifokor tibbiy xulosa va tavsiya beradi. Qaror sizda qoladi.","The medical expert will give a medical opinion and a recommendation. The decision stays with you.","src/features/staff/claims/SettlementPanel.tsx"
"staffLc.settle.requested","Запрошено {at}, {name}","Soʻralgan {at}, {name}","Requested {at}, {name}","src/features/staff/claims/SettlementPanel.tsx"
"staffLc.settle.reserveChanged","Резерв изменён","Zaxira oʻzgartirildi","Reserve changed","src/features/staff/claims/SettlementPanel.tsx"
"staffLc.settle.reserveDesc","Изменение попадёт в историю резерва с вашим именем.","Oʻzgarish ismingiz bilan zaxira tarixiga tushadi.","The change goes to the reserve history under your name.","src/features/staff/claims/SettlementPanel.tsx"
"staffLc.settle.reserveUzs","Резерв, UZS","Zaxira, soʻm","Reserve, UZS","src/features/staff/claims/SettlementPanel.tsx"
"staffLc.settle.resolution","Решение: {text}","Qaror: {text}","Decision: {text}","src/features/staff/claims/SettlementPanel.tsx"
"staffLc.settle.title","Урегулирование","Tartibga solish","Settlement","src/features/staff/claims/SettlementPanel.tsx"
"staffOps.ai.applied","Настройки применены","Sozlamalar qoʻllandi","Settings applied","src/features/staff/admin/AiAdminPage.tsx"
"staffOps.ai.col.agree","Согласие","Rozilik","Agreement","src/features/staff/admin/AiAdminPage.tsx"
"staffOps.ai.col.calls","Ответов","Javoblar","Responses","src/features/staff/admin/AiAdminPage.tsx"
"staffOps.ai.col.latency","Задержка","Kechikish","Latency","src/features/staff/admin/AiAdminPage.tsx"
"staffOps.ai.col.rated","Оценено","Baholangan","Rated","src/features/staff/admin/AiAdminPage.tsx"
"staffOps.ai.col.specialist","«Нужен специалист»","«Mutaxassis kerak»","“Specialist needed”","src/features/staff/admin/AiAdminPage.tsx"
"staffOps.ai.disagreements","Топ расхождений","Eng koʻp tafovutlar","Top disagreements","src/features/staff/admin/AiAdminPage.tsx"
"staffOps.ai.enableAria","Включить: {name}","Yoqish: {name}","Enable: {name}","src/features/staff/admin/AiAdminPage.tsx"
"staffOps.ai.enabled","Включён","Yoqilgan","Enabled","src/features/staff/admin/AiAdminPage.tsx"
"staffOps.ai.footer","Версия шаблона промпта: {version}. Доступные провайдеры: {providers}.","Prompt shabloni versiyasi: {version}. Mavjud provayderlar: {providers}.","Prompt template version: {version}. Available providers: {providers}.","src/features/staff/admin/AiAdminPage.tsx"
"staffOps.ai.golden","Эталонные случаи","Namunaviy holatlar","Golden cases","src/features/staff/admin/AiAdminPage.tsx"
"staffOps.ai.goldenError","«{text}»: ожидали {expCodes} / {expVerdict}, получили {gotCodes} / {gotVerdict}","«{text}»: kutilgan {expCodes} / {expVerdict}, olingan {gotCodes} / {gotVerdict}","“{text}”: expected {expCodes} / {expVerdict}, got {gotCodes} / {gotVerdict}","src/features/staff/admin/AiAdminPage.tsx"
"staffOps.ai.goldenFrom","Случаи из","Holatlar","Cases from","src/features/staff/admin/AiAdminPage.tsx"
"staffOps.ai.goldenResult","Точность {accuracy} · верно {correct} из {total}","Aniqlik {accuracy} · {total} tadan {correct} tasi toʻgʻri","Accuracy {accuracy} · {correct} of {total} correct","src/features/staff/admin/AiAdminPage.tsx"
"staffOps.ai.goldenText",": текст, ожидаемые коды и вердикт для демо-программы «Стандарт». В CI точность мока не ниже 90%."," faylidan: matn, kutilgan kodlar va «Standart» demo-dasturi uchun hukm. CI da mok aniqligi 90% dan past emas.",": text, expected codes and verdict for the “Standard” demo plan. In CI the mock accuracy is at least 90%.","src/features/staff/admin/AiAdminPage.tsx"
"staffOps.ai.hasPending","Есть изменение на подтверждении","Tasdiqlashda oʻzgarish bor","A change is awaiting approval","src/features/staff/admin/AiAdminPage.tsx"
"staffOps.ai.kill","Отключить","Oʻchirish","Turn off","src/features/staff/admin/AiAdminPage.tsx"
"staffOps.ai.killSwitch","Отключить ИИ везде","SI ni hamma joyda oʻchirish","Turn off AI everywhere","src/features/staff/admin/AiAdminPage.tsx"
"staffOps.ai.killText","Все блоки ИИ сразу исчезнут во всех порталах, приложение покажет «Проверка временно недоступна». Включить снова можно только с подтверждением второго администратора.","Barcha SI bloklari barcha portallarda darhol yoʻqoladi, ilova «Tekshiruv vaqtincha mavjud emas» deb koʻrsatadi. Qayta yoqish faqat ikkinchi administrator tasdigʻi bilan mumkin.","All AI blocks disappear from every portal at once; the app will show “Check temporarily unavailable”. Turning it back on requires a second administrator’s approval.","src/features/staff/admin/AiAdminPage.tsx"
"staffOps.ai.killTitle","Отключить ИИ везде?","SI hamma joyda oʻchirilsinmi?","Turn off AI everywhere?","src/features/staff/admin/AiAdminPage.tsx"
"staffOps.ai.killed","ИИ отключён везде","SI hamma joyda oʻchirildi","AI is off everywhere","src/features/staff/admin/AiAdminPage.tsx"
"staffOps.ai.metrics","Метрики","Metrikalar","Metrics","src/features/staff/admin/AiAdminPage.tsx"
"staffOps.ai.metricsCaption","Метрики по сценариям","Ssenariylar boʻyicha metrikalar","Metrics by scenario","src/features/staff/admin/AiAdminPage.tsx"
"staffOps.ai.ms","{n} мс","{n} ms","{n} ms","src/features/staff/admin/AiAdminPage.tsx"
"staffOps.ai.noDisagreements","Расхождений пока нет","Hozircha tafovutlar yoʻq","No disagreements yet","src/features/staff/admin/AiAdminPage.tsx"
"staffOps.ai.otherAdmin","Подтверждает другой администратор","Boshqa administrator tasdiqlaydi","Another administrator approves","src/features/staff/admin/AiAdminPage.tsx"
"staffOps.ai.pendingSummary","Порог {from}% → {to}% · сценарии: {list}","Chegara {from}% → {to}% · ssenariylar: {list}","Threshold {from}% → {to}% · scenarios: {list}","src/features/staff/admin/AiAdminPage.tsx"
"staffOps.ai.pendingTitle","Ждёт подтверждения","Tasdiqlash kutilmoqda","Awaiting approval","src/features/staff/admin/AiAdminPage.tsx"
"staffOps.ai.propose","Предложить изменение","Oʻzgarishni taklif qilish","Propose change","src/features/staff/admin/AiAdminPage.tsx"
"staffOps.ai.provider","Провайдер","Provayder","Provider","src/features/staff/admin/AiAdminPage.tsx"
"staffOps.ai.providerAria","Провайдер: {name}","Provayder: {name}","Provider: {name}","src/features/staff/admin/AiAdminPage.tsx"
"staffOps.ai.reasonMin","Опишите причину: минимум 5 символов","Sababini yozing: kamida 5 ta belgi","Describe the reason: at least 5 characters","src/features/staff/admin/AiAdminPage.tsx"
"staffOps.ai.reenable","Включить ИИ снова","SI ni qayta yoqish","Turn AI back on","src/features/staff/admin/AiAdminPage.tsx"
"staffOps.ai.reenableHint","Чтобы включить ИИ, снимите флажок через «Предложить изменение» — нужен второй администратор.","SI ni yoqish uchun belgini «Oʻzgarishni taklif qilish» orqali olib tashlang — ikkinchi administrator kerak.","To turn AI back on, clear the flag via “Propose change” — a second administrator is needed.","src/features/staff/admin/AiAdminPage.tsx"
"staffOps.ai.reenabling"," · ИИ включается снова"," · SI qayta yoqiladi"," · AI turns back on","src/features/staff/admin/AiAdminPage.tsx"
"staffOps.ai.rejectText","Настройки останутся прежними.","Sozlamalar avvalgidek qoladi.","Settings stay unchanged.","src/features/staff/admin/AiAdminPage.tsx"
"staffOps.ai.rejectTitle","Отклонить изменение","Oʻzgarishni rad etish","Reject change","src/features/staff/admin/AiAdminPage.tsx"
"staffOps.ai.run","Прогнать","Ishga tushirish","Run","src/features/staff/admin/AiAdminPage.tsx"
"staffOps.ai.scenario","Сценарий","Ssenariy","Scenario","src/features/staff/admin/AiAdminPage.tsx"
"staffOps.ai.scenarioOff","{name} — выкл","{name} — oʻch","{name} — off","src/features/staff/admin/AiAdminPage.tsx"
"staffOps.ai.scenarioOn","{name} — вкл","{name} — yoq","{name} — on","src/features/staff/admin/AiAdminPage.tsx"
"staffOps.ai.scenarios","Сценарии","Ssenariylar","Scenarios","src/features/staff/admin/AiAdminPage.tsx"
"staffOps.ai.sent","Изменение отправлено на подтверждение второму администратору","Oʻzgarish ikkinchi administratorga tasdiqlash uchun yuborildi","The change was sent to a second administrator for approval","src/features/staff/admin/AiAdminPage.tsx"
"staffOps.ai.settings","Настройки","Sozlamalar","Settings","src/features/staff/admin/AiAdminPage.tsx"
"staffOps.ai.subtitle","Решают правила таблицы покрытия; ИИ сопоставляет текст с каталогом услуг и объясняет. Пункты программы условные, пока шаблоны документов — заглушки.","Qarorni qoplama jadvali qoidalari qabul qiladi; SI matnni xizmatlar katalogi bilan solishtiradi va tushuntiradi. Hujjat shablonlari vaqtinchalik boʻlgani uchun dastur bandlari shartli.","Coverage table rules decide; AI matches the text to the service catalog and explains. Plan clauses are provisional while the document templates are stubs.","src/features/staff/admin/AiAdminPage.tsx"
"staffOps.ai.threshold","Порог уверенности, %","Ishonch chegarasi, %","Confidence threshold, %","src/features/staff/admin/AiAdminPage.tsx"
"staffOps.ai.thresholdHint","Ниже — «Нужна проверка специалиста»","Pastroq boʻlsa — «Mutaxassis tekshiruvi kerak»","Below it — “Specialist review needed”","src/features/staff/admin/AiAdminPage.tsx"
"staffOps.ai.title","ИИ-проверка покрытия","SI yordamida qoplamani tekshirish","AI coverage check","src/features/staff/admin/AiAdminPage.tsx"
"staffOps.ai.withBackend"," — появится с бэкендом"," — backend bilan paydo boʻladi"," — available with the backend","src/features/staff/admin/AiAdminPage.tsx"
"staffOps.assistBlock.changeFrom","Сменить с даты","Sanadan boshlab almashtirish","Change from date","src/features/staff/assistance/AssistanceBlock.tsx"
"staffOps.assistBlock.changeText","С этой даты новые обращения пойдут новому ассистансу. Прежний 12 месяцев видит свои дела только на чтение","Shu sanadan boshlab yangi murojaatlar yangi assistansga yuboriladi. Oldingisi 12 oy davomida oʻz ishlarini faqat oʻqish rejimida koʻradi","From this date new cases go to the new assistance company. The previous one keeps read-only access to its cases for 12 months","src/features/staff/assistance/AssistanceBlock.tsx"
"staffOps.assistBlock.changeTitle","Сменить ассистанс","Assistansni almashtirish","Change assistance company","src/features/staff/assistance/AssistanceBlock.tsx"
"staffOps.assistBlock.changed","Ассистанс изменён","Assistans oʻzgartirildi","Assistance company changed","src/features/staff/assistance/AssistanceBlock.tsx"
"staffOps.assistBlock.history","История закреплений","Biriktirishlar tarixi","Assignment history","src/features/staff/assistance/AssistanceBlock.tsx"
"staffOps.assistBlock.none","Без ассистанса (обслуживает МИГ)","Assistanssiz (MIG xizmat koʻrsatadi)","No assistance company (served by MIG)","src/features/staff/assistance/AssistanceBlock.tsx"
"staffOps.assistBlock.noneNow","без ассистанса, обслуживает МИГ","assistanssiz, MIG xizmat koʻrsatadi","no assistance company, served by MIG","src/features/staff/assistance/AssistanceBlock.tsx"
"staffOps.assistBlock.now","Сейчас:","Hozir:","Current:","src/features/staff/assistance/AssistanceBlock.tsx"
"staffOps.assistBlock.present","сейчас","hozirgacha","present","src/features/staff/assistance/AssistanceBlock.tsx"
"staffOps.assistBlock.setBy","· назначил {name}","· tayinlagan: {name}","· set by {name}","src/features/staff/assistance/AssistanceBlock.tsx"
"staffOps.assistCard.allGood","Всё в порядке","Hammasi joyida","All good","src/features/staff/assistance/AssistanceCardPage.tsx"
"staffOps.assistCard.apiErrorsDay","Ошибок API за сутки","Bir sutkadagi API xatolari","API errors in 24 h","src/features/staff/assistance/AssistanceCardPage.tsx"
"staffOps.assistCard.attention","Требуют внимания куратора: жалобы и нарушения SLA","Kurator eʼtiborini talab qiladi: shikoyatlar va SLA buzilishlari","Need curator attention: complaints and SLA breaches","src/features/staff/assistance/AssistanceCardPage.tsx"
"staffOps.assistCard.auditCaption","Действия пользователей ассистанса","Assistans foydalanuvchilari harakatlari","Assistance user actions","src/features/staff/assistance/AssistanceCardPage.tsx"
"staffOps.assistCard.authority","Полномочия по ГП","Kafolat xatlari boʻyicha vakolatlar","GL authority limit","src/features/staff/assistance/AssistanceCardPage.tsx"
"staffOps.assistCard.authorityContract","до {amount} · по договору","{amount} gacha · shartnoma boʻyicha","up to {amount} · per contract","src/features/staff/assistance/AssistanceCardPage.tsx"
"staffOps.assistCard.authorityParam","до {amount} · по параметру ДМС","{amount} gacha · ITS parametri boʻyicha","up to {amount} · per VHI parameter","src/features/staff/assistance/AssistanceCardPage.tsx"
"staffOps.assistCard.casesCaption","Обращения ассистанса","Assistans murojaatlari","Assistance cases","src/features/staff/assistance/AssistanceCardPage.tsx"
"staffOps.assistCard.casesCuratorOnly","Обращения ассистанса видит куратор ДМС","Assistans murojaatlarini ITS kuratori koʻradi","Assistance cases are visible to the VHI curator","src/features/staff/assistance/AssistanceCardPage.tsx"
"staffOps.assistCard.clientsCaption","Клиенты ассистанса","Assistans mijozlari","Assistance clients","src/features/staff/assistance/AssistanceCardPage.tsx"
"staffOps.assistCard.closeComplaint","Закрыть жалобу","Shikoyatni yopish","Close complaint","src/features/staff/assistance/AssistanceCardPage.tsx"
"staffOps.assistCard.closeComplaintAria","Закрыть жалобу {number}","{number} shikoyatini yopish","Close complaint {number}","src/features/staff/assistance/AssistanceCardPage.tsx"
"staffOps.assistCard.col.action","Действие","Harakat","Action","src/features/staff/assistance/AssistanceCardPage.tsx"
"staffOps.assistCard.col.expert","Врач-эксперт","Ekspert shifokor","Medical expert","src/features/staff/assistance/AssistanceCardPage.tsx"
"staffOps.assistCard.col.since","Закреплён с","Biriktirilgan sana","Assigned since","src/features/staff/assistance/AssistanceCardPage.tsx"
"staffOps.assistCard.col.summary","Суть","Mazmuni","Summary","src/features/staff/assistance/AssistanceCardPage.tsx"
"staffOps.assistCard.col.target","Объект","Obyekt","Object","src/features/staff/assistance/AssistanceCardPage.tsx"
"staffOps.assistCard.col.who","Кто","Kim","Who","src/features/staff/assistance/AssistanceCardPage.tsx"
"staffOps.assistCard.complaintClosed","Жалоба закрыта","Shikoyat yopildi","Complaint closed","src/features/staff/assistance/AssistanceCardPage.tsx"
"staffOps.assistCard.contractTitle","Договор {number}","Shartnoma {number}","Contract {number}","src/features/staff/assistance/AssistanceCardPage.tsx"
"staffOps.assistCard.contractUpdated","Договор обновлён","Shartnoma yangilandi","Contract updated","src/features/staff/assistance/AssistanceCardPage.tsx"
"staffOps.assistCard.crumb","Карточка","Kartochka","Card","src/features/staff/assistance/AssistanceCardPage.tsx"
"staffOps.assistCard.days","{n} дней","{n} kun","{n} days","src/features/staff/assistance/AssistanceCardPage.tsx"
"staffOps.assistCard.disabled","Отключён","Oʻchirilgan","Disabled","src/features/staff/assistance/AssistanceCardPage.tsx"
"staffOps.assistCard.editTerms","Изменить условия","Shartlarni oʻzgartirish","Change terms","src/features/staff/assistance/AssistanceCardPage.tsx"
"staffOps.assistCard.failedDay","Не доставлено за сутки","Bir sutkada yetkazilmagan","Failed in 24 h","src/features/staff/assistance/AssistanceCardPage.tsx"
"staffOps.assistCard.fee","Вознаграждение","Haq","Fee","src/features/staff/assistance/AssistanceCardPage.tsx"
"staffOps.assistCard.feePepm","{amount} за застрахованного в месяц","har bir sugʻurtalangan uchun oyiga {amount}","{amount} per insured person per month","src/features/staff/assistance/AssistanceCardPage.tsx"
"staffOps.assistCard.feePerCase","{amount} за обращение","har bir murojaat uchun {amount}","{amount} per case","src/features/staff/assistance/AssistanceCardPage.tsx"
"staffOps.assistCard.feePercent","{pct}% от выплат","toʻlovlarning {pct}%","{pct}% of payouts","src/features/staff/assistance/AssistanceCardPage.tsx"
"staffOps.assistCard.fullAudit","Весь журнал по ассистансу","Assistans boʻyicha butun jurnal","Full assistance log","src/features/staff/assistance/AssistanceCardPage.tsx"
"staffOps.assistCard.line247","Линия 24/7","24/7 liniyasi","24/7 line","src/features/staff/assistance/AssistanceCardPage.tsx"
"staffOps.assistCard.migDecision","Решение МИГ","MIG qarori","MIG decision","src/features/staff/assistance/AssistanceCardPage.tsx"
"staffOps.assistCard.mode","Режим","Rejim","Mode","src/features/staff/assistance/AssistanceCardPage.tsx"
"staffOps.assistCard.noCases","Обращений нет","Murojaatlar yoʻq","No cases","src/features/staff/assistance/AssistanceCardPage.tsx"
"staffOps.assistCard.noEvents","Событий нет","Hodisalar yoʻq","No events","src/features/staff/assistance/AssistanceCardPage.tsx"
"staffOps.assistCard.paymentTerm","Срок оплаты счёта МИГ","MIG hisobni toʻlash muddati","MIG invoice payment term","src/features/staff/assistance/AssistanceCardPage.tsx"
"staffOps.assistCard.perInsuredMonth","{amount} на застрахованного в месяц","har bir sugʻurtalangan uchun oyiga {amount}","{amount} per insured person per month","src/features/staff/assistance/AssistanceCardPage.tsx"
"staffOps.assistCard.qaLink","«Контроль качества»","«Sifat nazorati»","“Quality control”","src/features/staff/assistance/AssistanceCardPage.tsx"
"staffOps.assistCard.qaNote","Выборка 5% решений. Расхождения не меняют оплаченные дела, но учитываются в KPI. Оценки ставят врачи-эксперты в разделе","Qarorlarning 5% tanlovi. Tafovutlar toʻlangan ishlarni oʻzgartirmaydi, lekin KPI da hisobga olinadi. Baholarni ekspert shifokorlar quyidagi boʻlimda qoʻyadi:","A 5% sample of decisions. Discrepancies do not change paid cases but count toward KPIs. Medical experts review them in","src/features/staff/assistance/AssistanceCardPage.tsx"
"staffOps.assistCard.rebillsCaption","Счета ассистанса","Assistans hisoblari","Assistance invoices","src/features/staff/assistance/AssistanceCardPage.tsx"
"staffOps.assistCard.revokeText","Выданные по ключу токены перестанут работать сразу.","Kalit boʻyicha berilgan tokenlar darhol ishlamay qoladi.","Tokens issued with this key stop working at once.","src/features/staff/assistance/AssistanceCardPage.tsx"
"staffOps.assistCard.revokeTitle","Отозвать ключ партнёра?","Hamkor kaliti bekor qilinsinmi?","Revoke the partner key?","src/features/staff/assistance/AssistanceCardPage.tsx"
"staffOps.assistCard.serviceCost","Стоимость обслуживания","Xizmat koʻrsatish narxi","Service cost","src/features/staff/assistance/AssistanceCardPage.tsx"
"staffOps.assistCard.summary","договор {number} · {insured} застрахованных · {clients} клиентов","shartnoma {number} · {insured} sugʻurtalangan · {clients} mijoz","contract {number} · {insured} insured · {clients} clients","src/features/staff/assistance/AssistanceCardPage.tsx"
"staffOps.assistCard.tab.audit","Аудит","Audit","Audit","src/features/staff/assistance/AssistanceCardPage.tsx"
"staffOps.assistCard.tab.cases","Обращения","Murojaatlar","Cases","src/features/staff/assistance/AssistanceCardPage.tsx"
"staffOps.assistCard.tab.clients","Клиенты","Mijozlar","Clients","src/features/staff/assistance/AssistanceCardPage.tsx"
"staffOps.assistCard.tab.overview","Обзор и KPI","Umumiy koʻrinish va KPI","Overview and KPIs","src/features/staff/assistance/AssistanceCardPage.tsx"
"staffOps.assistCard.tab.rebills","Счета","Hisoblar","Invoices","src/features/staff/assistance/AssistanceCardPage.tsx"
"staffOps.assistCard.term","Срок","Muddat","Term","src/features/staff/assistance/AssistanceCardPage.tsx"
"staffOps.assistCard.usersCaption","Пользователи ассистанса","Assistans foydalanuvchilari","Assistance users","src/features/staff/assistance/AssistanceCardPage.tsx"
"staffOps.assistances.add","Добавить ассистанс","Assistans qoʻshish","Add assistance company","src/features/staff/assistance/AssistancesPage.tsx"
"staffOps.assistances.adminEmail","Email администратора","Administrator emaili","Administrator email","src/features/staff/assistance/AssistancesPage.tsx"
"staffOps.assistances.adminName","ФИО администратора","Administratorning F.I.Sh.","Administrator full name","src/features/staff/assistance/AssistancesPage.tsx"
"staffOps.assistances.authority","Полномочия по ГП, UZS","Kafolat xatlari boʻyicha vakolatlar, soʻm","GL authority limit, UZS","src/features/staff/assistance/AssistanceCardPage.tsx; src/features/staff/assistance/AssistancesPage.tsx"
"staffOps.assistances.authorityHint","Пусто — по параметру ДМС ({amount})","Boʻsh — ITS parametri boʻyicha ({amount})","Empty — per the VHI parameter ({amount})","src/features/staff/assistance/AssistanceCardPage.tsx; src/features/staff/assistance/AssistancesPage.tsx"
"staffOps.assistances.col.clients","Клиентов","Mijozlar","Clients","src/features/staff/assistance/AssistancesPage.tsx"
"staffOps.assistances.col.glOnTime","ГП в срок","Oʻz vaqtida KX","GL on time","src/features/staff/assistance/AssistancesPage.tsx"
"staffOps.assistances.col.insured","Застрахованных","Sugʻurtalanganlar","Insured","src/features/staff/assistance/AssistanceCardPage.tsx; src/features/staff/assistance/AssistancesPage.tsx"
"staffOps.assistances.col.lossRatio","Убыточность","Zararlilik darajasi","Loss ratio","src/features/staff/assistance/AssistancesPage.tsx"
"staffOps.assistances.col.qa","Согласие КК","SN kelishuvi","QC agreement","src/features/staff/assistance/AssistancesPage.tsx"
"staffOps.assistances.col.rebills","Счета к проверке","Tekshiriladigan hisoblar","Invoices to review","src/features/staff/assistance/AssistancesPage.tsx"
"staffOps.assistances.col.sla","Нарушения SLA","SLA buzilishlari","SLA breaches","src/features/staff/assistance/AssistancesPage.tsx"
"staffOps.assistances.connection","Подключение","Ulanish","Connection","src/features/staff/assistance/AssistancesPage.tsx"
"staffOps.assistances.created","Ассистанс добавлен, первый администратор приглашён","Assistans qoʻshildi, birinchi administrator taklif qilindi","Assistance company added, first administrator invited","src/features/staff/assistance/AssistancesPage.tsx"
"staffOps.assistances.feeModel","Модель вознаграждения","Haq modeli","Fee model","src/features/staff/assistance/AssistanceCardPage.tsx; src/features/staff/assistance/AssistancesPage.tsx"
"staffOps.assistances.newText","Компания, договор и первый администратор ассистанса: остальных пользователей он пригласит сам","Kompaniya, shartnoma va assistansning birinchi administratori: qolgan foydalanuvchilarni u oʻzi taklif qiladi","Company, contract and the first administrator: they will invite the other users","src/features/staff/assistance/AssistancesPage.tsx"
"staffOps.assistances.newTitle","Новый ассистанс","Yangi assistans","New assistance company","src/features/staff/assistance/AssistancesPage.tsx"
"staffOps.assistances.pageTitle","Ассистанс-компании","Assistans kompaniyalari","Assistance companies","src/features/staff/assistance/AssistancesPage.tsx"
"staffOps.assistances.paymentDays","Срок оплаты счёта, дней","Hisobni toʻlash muddati, kun","Invoice payment term, days","src/features/staff/assistance/AssistanceCardPage.tsx; src/features/staff/assistance/AssistancesPage.tsx"
"staffOps.assistances.phone247","Телефон 24/7","Telefon 24/7","Phone 24/7","src/features/staff/assistance/AssistancesPage.tsx"
"staffOps.assistances.share","Доля (0,07 = 7%)","Ulush (0,07 = 7%)","Share (0.07 = 7%)","src/features/staff/assistance/AssistanceCardPage.tsx; src/features/staff/assistance/AssistancesPage.tsx"
"staffOps.assistances.subtitle","Каждый ассистанс обслуживает своих клиентов. МИГ контролирует: эскалации, выборочный контроль качества, проверку и оплату счетов","Har bir assistans oʻz mijozlariga xizmat koʻrsatadi. MIG nazorat qiladi: eskalatsiyalar, tanlab sifat nazorati, hisoblarni tekshirish va toʻlash","Each assistance company serves its own clients. MIG oversees escalations, sample quality control, invoice review and payment","src/features/staff/assistance/AssistancesPage.tsx"
"staffOps.assistances.title","Ассистансы","Assistanslar","Assistance companies","src/features/staff/assistance/AssistanceCardPage.tsx; src/features/staff/assistance/AssistancesPage.tsx"
"staffOps.authority.approvedBy"," · подтвердил {name}"," · tasdiqlagan: {name}"," · approved by {name}","src/features/staff/admin/Authority.tsx"
"staffOps.authority.awaiting","Ждёт подтверждения другим сотрудником","Boshqa xodim tasdigʻini kutmoqda","Awaiting approval by another employee","src/features/staff/admin/Authority.tsx"
"staffOps.authority.basis","Основание подписи","Imzolash asosi","Signing basis","src/features/staff/admin/Authority.tsx"
"staffOps.authority.basisPlaceholder","Доверенность № 14 от 05.01.2026","05.01.2026 dagi 14-son ishonchnoma","Power of attorney No. 14 of 05.01.2026","src/features/staff/admin/Authority.tsx"
"staffOps.authority.changed","Полномочия изменены","Vakolatlar oʻzgartirildi","Authority limits changed","src/features/staff/admin/Authority.tsx"
"staffOps.authority.changes","Изменения полномочий","Vakolatlar oʻzgarishlari","Authority limit changes","src/features/staff/admin/Authority.tsx"
"staffOps.authority.claims","Решение по убытку до, UZS","Zarar boʻyicha qaror, soʻm gacha","Claim decision up to, UZS","src/features/staff/admin/Authority.tsx"
"staffOps.authority.decisionsUpTo","решения до {value}","{value} gacha qarorlar","decisions up to {value}","src/features/staff/admin/Authority.tsx"
"staffOps.authority.dialogText","Выше полномочий действие уходит сотруднику той же роли с бо́льшими полномочиями. Изменение вступит в силу после подтверждения вторым сотрудником.","Vakolatdan yuqori harakat shu roldagi kattaroq vakolatli xodimga oʻtadi. Oʻzgarish ikkinchi xodim tasdiqlaganidan keyin kuchga kiradi.","Actions above the limits go to an employee of the same role with higher limits. The change takes effect after a second employee approves it.","src/features/staff/admin/Authority.tsx"
"staffOps.authority.dialogTitle","Полномочия: {name}","Vakolatlar: {name}","Authority limits: {name}","src/features/staff/admin/Authority.tsx"
"staffOps.authority.discount","Скидка от тарифа без согласования, %","Kelishuvsiz tarifdan chegirma, %","Discount from rate without approval, %","src/features/staff/admin/Authority.tsx"
"staffOps.authority.discountUpTo","скидка до {value}","{value} gacha chegirma","discount up to {value}","src/features/staff/admin/Authority.tsx"
"staffOps.authority.premium","Годовая премия котировки до, UZS","Kotirovkaning yillik mukofoti, soʻm gacha","Annual quote premium up to, UZS","src/features/staff/admin/Authority.tsx"
"staffOps.authority.premiumUpTo","премия до {value}","{value} gacha mukofot","premium up to {value}","src/features/staff/admin/Authority.tsx"
"staffOps.authority.proposedBy"," · предложил {name}, {date}"," · taklif qilgan: {name}, {date}"," · proposed by {name}, {date}","src/features/staff/admin/Authority.tsx"
"staffOps.authority.reason","Основание изменения","Oʻzgarish asosi","Reason for change","src/features/staff/admin/AiAdminPage.tsx; src/features/staff/admin/Authority.tsx"
"staffOps.authority.rejectText","Полномочия останутся прежними.","Vakolatlar avvalgidek qoladi.","Authority limits stay unchanged.","src/features/staff/admin/Authority.tsx"
"staffOps.authority.rejectTitle","Отклонить изменение полномочий","Vakolatlar oʻzgarishini rad etish","Reject authority limit change","src/features/staff/admin/Authority.tsx"
"staffOps.authority.rejectedWith"," · отклонено: {reason}"," · rad etildi: {reason}"," · rejected: {reason}","src/features/staff/admin/Authority.tsx"
"staffOps.authority.sent","Изменение отправлено на подтверждение второму сотруднику","Oʻzgarish ikkinchi xodimga tasdiqlash uchun yuborildi","The change was sent to a second employee for approval","src/features/staff/admin/Authority.tsx"
"staffOps.authority.signatory","подписант ({basis})","imzolovchi ({basis})","signatory ({basis})","src/features/staff/admin/Authority.tsx"
"staffOps.authority.signs","Подписант договоров за МИГ","MIG nomidan shartnomalarni imzolovchi","Signs contracts on behalf of MIG","src/features/staff/admin/Authority.tsx"
"staffOps.authority.submit","Отправить на подтверждение","Tasdiqlashga yuborish","Send for approval","src/features/staff/admin/Authority.tsx"
"staffOps.clinicCard.active","Активен","Faol","Active","src/features/staff/assistance/AssistanceCardPage.tsx; src/features/staff/clinics/ClinicCardPage.tsx"
"staffOps.clinicCard.amountToPay","Сумма к оплате","Toʻlanadigan summa","Amount to pay","src/features/staff/clinics/ClinicCardPage.tsx"
"staffOps.clinicCard.apiErrors24h","Ошибок API за 24 ч","24 soatdagi API xatolari","API errors in 24 h","src/features/staff/clinics/ClinicCardPage.tsx"
"staffOps.clinicCard.avgResponse","Среднее время ответа на запись","Qabulga yozilishga oʻrtacha javob vaqti","Average appointment response time","src/features/staff/clinics/ClinicCardPage.tsx"
"staffOps.clinicCard.blocked","Заблокирован","Bloklangan","Blocked","src/features/staff/clinics/ClinicCardPage.tsx"
"staffOps.clinicCard.clinicUsers","Пользователи клиники","Klinika foydalanuvchilari","Clinic users","src/features/staff/clinics/ClinicCardPage.tsx"
"staffOps.clinicCard.clinics","Клиники","Klinikalar","Clinics","src/features/staff/clinics/ClinicCardPage.tsx"
"staffOps.clinicCard.contractNumber","Номер договора","Shartnoma raqami","Contract number","src/features/staff/assistance/AssistancesPage.tsx; src/features/staff/clinics/ClinicCardPage.tsx"
"staffOps.clinicCard.failed24h","Не доставлено за 24 ч","24 soatda yetkazilmagan","Failed in 24 h","src/features/staff/clinics/ClinicCardPage.tsx"
"staffOps.clinicCard.guaranteesCaption","Гарантийные письма клиники","Klinika kafolat xatlari","Clinic guarantee letters","src/features/staff/clinics/ClinicCardPage.tsx"
"staffOps.clinicCard.integrationMode","Режим интеграции","Integratsiya rejimi","Integration mode","src/features/staff/clinics/ClinicCardPage.tsx"
"staffOps.clinicCard.invite","Пригласить","Taklif qilish","Invite","src/features/staff/clinics/ClinicCardPage.tsx"
"staffOps.clinicCard.inviteAdmin","Пригласить администратора","Administratorni taklif qilish","Invite administrator","src/features/staff/clinics/ClinicCardPage.tsx"
"staffOps.clinicCard.inviteSent","Приглашение отправлено","Taklif yuborildi","Invitation sent","src/features/staff/clinics/ClinicCardPage.tsx"
"staffOps.clinicCard.inviteText","Первый администратор затем сам приглашает регистраторов и управляет интеграцией","Birinchi administrator keyin registratorlarni oʻzi taklif qiladi va integratsiyani boshqaradi","The first administrator then invites receptionists and manages the integration","src/features/staff/clinics/ClinicCardPage.tsx"
"staffOps.clinicCard.inviteTitle","Пригласить администратора клиники","Klinika administratorini taklif qilish","Invite a clinic administrator","src/features/staff/clinics/ClinicCardPage.tsx"
"staffOps.clinicCard.keyRevoked","Ключ отозван","Kalit bekor qilindi","Key revoked","src/features/staff/assistance/AssistanceCardPage.tsx; src/features/staff/clinics/ClinicCardPage.tsx"
"staffOps.clinicCard.keys","Ключи API","API kalitlari","API keys","src/features/staff/assistance/AssistanceCardPage.tsx; src/features/staff/clinics/ClinicCardPage.tsx"
"staffOps.clinicCard.keysTitle","Ключи API (секреты не показываются)","API kalitlari (sirlar koʻrsatilmaydi)","API keys (secrets are not shown)","src/features/staff/clinics/ClinicCardPage.tsx"
"staffOps.clinicCard.lastLogin","Последний вход","Oxirgi kirish","Last sign-in","src/features/staff/assistance/AssistanceCardPage.tsx; src/features/staff/clinics/ClinicCardPage.tsx"
"staffOps.clinicCard.lastUsed","Последнее использование","Oxirgi foydalanish","Last used","src/features/staff/clinics/ClinicCardPage.tsx"
"staffOps.clinicCard.lines","Строк","Qatorlar","Lines","src/features/staff/assistance/RebillsPage.tsx; src/features/staff/clinics/ClinicCardPage.tsx"
"staffOps.clinicCard.metrics","Показатели","Koʻrsatkichlar","Metrics","src/features/staff/clinics/ClinicCardPage.tsx"
"staffOps.clinicCard.minutes","{n} мин","{n} daq","{n} min","src/features/staff/clinics/ClinicCardPage.tsx"
"staffOps.clinicCard.modeChanged","Режим интеграции изменён","Integratsiya rejimi oʻzgartirildi","Integration mode changed","src/features/staff/clinics/ClinicCardPage.tsx"
"staffOps.clinicCard.norm","норматив {n} мин","meʼyor {n} daq","target {n} min","src/features/staff/clinics/ClinicCardPage.tsx"
"staffOps.clinicCard.othersInvitedByAdmin","Остальных пользователей приглашает администратор клиники в своём кабинете.","Boshqa foydalanuvchilarni klinika administratori oʻz kabinetida taklif qiladi.","Other users are invited by the clinic administrator in the clinic portal.","src/features/staff/clinics/ClinicCardPage.tsx"
"staffOps.clinicCard.registriesCaption","Реестры клиники","Klinika reyestrlari","Clinic registers","src/features/staff/clinics/ClinicCardPage.tsx"
"staffOps.clinicCard.rejectedShare","Доля отклонённых строк","Rad etilgan qatorlar ulushi","Rejected line share","src/features/staff/clinics/ClinicCardPage.tsx"
"staffOps.clinicCard.retrying","Доставок в повторе","Qayta yuborilayotganlar","Deliveries retrying","src/features/staff/clinics/ClinicCardPage.tsx"
"staffOps.clinicCard.revokeKeyAria","Отозвать ключ {name}","{name} kalitini bekor qilish","Revoke key {name}","src/features/staff/clinics/ClinicCardPage.tsx"
"staffOps.clinicCard.revokeText","Ключ и все выданные по нему токены сразу перестанут работать. Клиника увидит отзыв в журнале событий.","Kalit va u boʻyicha berilgan barcha tokenlar darhol ishlamay qoladi. Klinika bekor qilinganini hodisalar jurnalida koʻradi.","The key and all tokens issued with it stop working at once. The clinic will see the revocation in its event log.","src/features/staff/clinics/ClinicCardPage.tsx"
"staffOps.clinicCard.revokeTitle","Отозвать ключ клиники?","Klinika kaliti bekor qilinsinmi?","Revoke the clinic key?","src/features/staff/clinics/ClinicCardPage.tsx"
"staffOps.clinicCard.revokedAt","Отозван {date}","Bekor qilingan: {date}","Revoked {date}","src/features/staff/assistance/AssistanceCardPage.tsx; src/features/staff/clinics/ClinicCardPage.tsx"
"staffOps.clinicCard.scopes","Области","Ruxsat sohalari","Scopes","src/features/staff/clinics/ClinicCardPage.tsx"
"staffOps.clinicCard.specialties","Специальности","Mutaxassisliklar","Specialties","src/features/staff/clinics/ClinicCardPage.tsx"
"staffOps.clinicCard.tab.integration","Интеграция","Integratsiya","Integration","src/features/staff/assistance/AssistanceCardPage.tsx; src/features/staff/clinics/ClinicCardPage.tsx"
"staffOps.clinicCard.tab.overview","Обзор","Umumiy koʻrinish","Overview","src/features/staff/clinics/ClinicCardPage.tsx"
"staffOps.clinicCard.tab.registries","Реестры","Reyestrlar","Registers","src/features/staff/clinics/ClinicCardPage.tsx"
"staffOps.clinicCard.tab.users","Пользователи","Foydalanuvchilar","Users","src/features/staff/assistance/AssistanceCardPage.tsx; src/features/staff/clinics/ClinicCardPage.tsx"
"staffOps.clinicCard.webhooks","Вебхуков","Vebxuklar","Webhooks","src/features/staff/assistance/AssistanceCardPage.tsx; src/features/staff/clinics/ClinicCardPage.tsx"
"staffOps.guarantees.aboveThreshold","Выше порога — понадобится второй врач-эксперт","Chegaradan yuqori — ikkinchi ekspert shifokor kerak boʻladi","Above the threshold — a second medical expert is needed","src/features/staff/clinics/GuaranteesQueuePage.tsx"
"staffOps.guarantees.alreadyApproved"," Вы уже одобрили это письмо."," Siz bu xatni allaqachon tasdiqlagansiz."," You have already approved this letter.","src/features/staff/clinics/GuaranteesQueuePage.tsx"
"staffOps.guarantees.amountUzs","Сумма, UZS","Summa, soʻm","Amount, UZS","src/features/staff/assistance/AssistanceCardPage.tsx; src/features/staff/assistance/AssistancesPage.tsx; src/features/staff/clinics/GuaranteesQueuePage.tsx"
"staffOps.guarantees.approvedAmount","Одобренная сумма","Tasdiqlangan summa","Approved amount","src/features/staff/clinics/GuaranteesQueuePage.tsx"
"staffOps.guarantees.assistanceOpinion","Заключение врача ассистанса: {text}","Assistans shifokori xulosasi: {text}","Assistance doctor opinion: {text}","src/features/staff/clinics/GuaranteesQueuePage.tsx"
"staffOps.guarantees.clinicComment","Комментарий клиники: {text}","Klinika izohi: {text}","Clinic comment: {text}","src/features/staff/clinics/GuaranteesQueuePage.tsx"
"staffOps.guarantees.clinicInfo","Ответ клиники на запрос документов: {text}","Klinikaning hujjatlar soʻroviga javobi: {text}","Clinic reply to the document request: {text}","src/features/staff/clinics/GuaranteesQueuePage.tsx"
"staffOps.guarantees.col.owner","Решает","Qaror qiladi","Decides","src/features/staff/clinics/GuaranteesQueuePage.tsx"
"staffOps.guarantees.decidedBy","Решение принимает:","Qaror qabul qiluvchi:","Decided by:","src/features/staff/clinics/GuaranteesQueuePage.tsx"
"staffOps.guarantees.decisionReason","Причина решения: {text}","Qaror sababi: {text}","Decision reason: {text}","src/features/staff/clinics/GuaranteesQueuePage.tsx"
"staffOps.guarantees.denialReason","Причина отказа","Rad etish sababi","Denial reason","src/features/staff/clinics/GuaranteesQueuePage.tsx"
"staffOps.guarantees.dialogTitle","Гарантийное письмо {number}","Kafolat xati {number}","Guarantee letter {number}","src/features/staff/clinics/GuaranteesQueuePage.tsx"
"staffOps.guarantees.empty","Писем нет","Xatlar yoʻq","No letters","src/features/staff/clinics/ClinicCardPage.tsx; src/features/staff/clinics/GuaranteesQueuePage.tsx"
"staffOps.guarantees.escalation","Эскалация · {name}","Eskalatsiya · {name}","Escalation · {name}","src/features/staff/clinics/GuaranteesQueuePage.tsx"
"staffOps.guarantees.escalationFrom"," · эскалация от {name}"," · {name} eskalatsiyasi"," · escalated by {name}","src/features/staff/clinics/GuaranteesQueuePage.tsx"
"staffOps.guarantees.estimatedCost","Оценка стоимости","Taxminiy narx","Estimated cost","src/features/staff/clinics/GuaranteesQueuePage.tsx"
"staffOps.guarantees.firstApprovalNote","Первое одобрение: {name}, {date}. Сумма выше {threshold} — нужно одобрение второго врача-эксперта.","Birinchi tasdiq: {name}, {date}. Summa {threshold} dan yuqori — ikkinchi ekspert shifokor tasdigʻi kerak.","First approval: {name}, {date}. The amount exceeds {threshold} — a second medical expert must approve.","src/features/staff/clinics/GuaranteesQueuePage.tsx"
"staffOps.guarantees.oneOfTwo","1 из 2 одобрений","2 ta tasdiqdan 1 tasi","1 of 2 approvals","src/features/staff/clinics/GuaranteesQueuePage.tsx"
"staffOps.guarantees.policyNote","МИГ решает эскалации ассистансов и письма клиентов без ассистанса. Выше {threshold} письмо одобряют два врача-эксперта","MIG assistanslar eskalatsiyalari va assistanssiz mijozlar xatlari boʻyicha qaror qiladi. {threshold} dan yuqori xatni ikki ekspert shifokor tasdiqlaydi","MIG decides assistance escalations and letters of clients without an assistance company. Above {threshold}, two medical experts approve the letter","src/features/staff/clinics/GuaranteesQueuePage.tsx"
"staffOps.guarantees.requestDocs","Запросить документы","Hujjatlarni soʻrash","Request documents","src/features/staff/clinics/GuaranteesQueuePage.tsx"
"staffOps.guarantees.showAssistance","Показать решения ассистансов","Assistanslar qarorlarini koʻrsatish","Show assistance decisions","src/features/staff/clinics/GuaranteesQueuePage.tsx"
"staffOps.guarantees.tab.approved","Одобрены","Tasdiqlangan","Approved","src/features/staff/clinics/GuaranteesQueuePage.tsx"
"staffOps.guarantees.tab.infoRequested","Ждут документы","Hujjatlar kutilmoqda","Awaiting documents","src/features/staff/clinics/GuaranteesQueuePage.tsx"
"staffOps.guarantees.tab.rejected","Отклонены и истекли","Rad etilgan va muddati tugagan","Rejected and expired","src/features/staff/clinics/GuaranteesQueuePage.tsx"
"staffOps.guarantees.tab.requested","Ждут решения","Qaror kutilmoqda","Awaiting decision","src/features/staff/clinics/GuaranteesQueuePage.tsx"
"staffOps.guarantees.title","Гарантийные письма","Kafolat xatlari","Guarantee letters","src/features/staff/clinics/ClinicCardPage.tsx; src/features/staff/clinics/GuaranteesQueuePage.tsx"
"staffOps.guarantees.toast.approved","Письмо одобрено","Xat tasdiqlandi","Letter approved","src/features/staff/clinics/GuaranteesQueuePage.tsx"
"staffOps.guarantees.toast.firstApproval","Первое одобрение сохранено — нужно одобрение второго врача-эксперта","Birinchi tasdiq saqlandi — ikkinchi ekspert shifokor tasdigʻi kerak","First approval saved — a second medical expert must approve","src/features/staff/clinics/GuaranteesQueuePage.tsx"
"staffOps.guarantees.toast.infoRequested","Клинике отправлен запрос документов","Klinikaga hujjatlar soʻrovi yuborildi","Document request sent to the clinic","src/features/staff/clinics/GuaranteesQueuePage.tsx"
"staffOps.guarantees.toast.rejected","Письмо отклонено","Xat rad etildi","Letter rejected","src/features/staff/clinics/GuaranteesQueuePage.tsx"
"staffOps.guarantees.until"," до {date}"," {date} gacha"," until {date}","src/features/staff/clinics/GuaranteesQueuePage.tsx"
"staffOps.guarantees.whichDocs","Какие документы нужны","Qaysi hujjatlar kerak","Documents needed","src/features/staff/clinics/GuaranteesQueuePage.tsx"
"staffOps.qa.agree","Согласен","Roziman","Agree","src/features/staff/assistance/QaPage.tsx"
"staffOps.qa.awaiting","Ждёт оценки","Baholash kutilmoqda","Awaiting review","src/features/staff/assistance/QaPage.tsx"
"staffOps.qa.col.since","В выборке с","Tanlovda","In sample since","src/features/staff/assistance/AssistanceCardPage.tsx; src/features/staff/assistance/QaPage.tsx"
"staffOps.qa.col.subject","Что проверяем","Nima tekshiriladi","Subject","src/features/staff/assistance/QaPage.tsx"
"staffOps.qa.col.verdict","Оценка МИГ","MIG bahosi","MIG review","src/features/staff/assistance/AssistanceCardPage.tsx; src/features/staff/assistance/QaPage.tsx"
"staffOps.qa.dialogTitle","Оценка решения ассистанса","Assistans qarorini baholash","Review of the assistance decision","src/features/staff/assistance/QaPage.tsx"
"staffOps.qa.disagree","Не согласен","Rozi emasman","Disagree","src/features/staff/assistance/QaPage.tsx"
"staffOps.qa.empty","Выборка пуста","Tanlov boʻsh","The sample is empty","src/features/staff/assistance/AssistanceCardPage.tsx; src/features/staff/assistance/QaPage.tsx"
"staffOps.qa.pageTitle","Контроль качества ассистансов","Assistanslar sifat nazorati","Assistance quality control","src/features/staff/assistance/QaPage.tsx"
"staffOps.qa.requiredOnDisagree","Обязательно при несогласии","Rozi boʻlmaganda majburiy","Required if you disagree","src/features/staff/assistance/QaPage.tsx"
"staffOps.qa.review","Оценить","Baholash","Review","src/features/staff/assistance/QaPage.tsx"
"staffOps.qa.sample","Контрольная выборка","Nazorat tanlovi","Control sample","src/features/staff/assistance/QaPage.tsx"
"staffOps.qa.saved","Оценка сохранена","Baho saqlandi","Review saved","src/features/staff/assistance/QaPage.tsx"
"staffOps.qa.subject.guarantee","Гарантийное письмо","Kafolat xati","Guarantee letter","src/features/staff/assistance/QaPage.tsx"
"staffOps.qa.subject.registryLine","Строка реестра","Reyestr qatori","Register line","src/features/staff/assistance/QaPage.tsx"
"staffOps.qa.subtitle","Каждый месяц система случайно отбирает 5% решений ассистансов. Оценка попадает в KPI, но не меняет решение по оплаченному делу","Har oy tizim assistanslar qarorlarining 5% ini tasodifiy tanlaydi. Baho KPI ga kiradi, lekin toʻlangan ish boʻyicha qarorni oʻzgartirmaydi","Each month the system randomly samples 5% of assistance decisions. The review counts toward KPIs but does not change the decision on a paid case","src/features/staff/assistance/QaPage.tsx"
"staffOps.qa.tab.pending","Ждут оценки","Baholash kutilmoqda","Awaiting review","src/features/staff/assistance/QaPage.tsx"
"staffOps.qa.tab.reviewed","Оценены","Baholangan","Reviewed","src/features/staff/assistance/QaPage.tsx"
"staffOps.qa.title","Контроль качества","Sifat nazorati","Quality control","src/features/staff/assistance/AssistanceCardPage.tsx; src/features/staff/assistance/QaPage.tsx"
"staffOps.qa.verdict","Оценка","Baho","Review","src/features/staff/assistance/QaPage.tsx"
"staffOps.rebill.confirmText","{accepted} по принятым строкам и вознаграждение {fee}. Убытки по строкам перейдут в статус «Оплачен».","Qabul qilingan qatorlar boʻyicha {accepted} va {fee} haq. Qatorlar boʻyicha zararlar «Toʻlangan» holatiga oʻtadi.","{accepted} for accepted lines plus a {fee} fee. The claims on these lines will move to “Paid”.","src/features/staff/assistance/RebillReviewPage.tsx"
"staffOps.rebill.confirmTitle","Оплатить счёт ассистанса?","Assistans hisobi toʻlansinmi?","Pay the assistance invoice?","src/features/staff/assistance/RebillReviewPage.tsx"
"staffOps.rebill.crumb","Счёт","Hisob","Invoice","src/features/staff/assistance/RebillReviewPage.tsx"
"staffOps.rebill.docTitle","Счёт ассистанса","Assistans hisobi","Assistance invoice","src/features/staff/assistance/RebillReviewPage.tsx"
"staffOps.rebill.heading","{name}: счёт","{name}: hisob","{name}: invoice","src/features/staff/assistance/RebillReviewPage.tsx"
"staffOps.rebill.paid","Счёт оплачен","Hisob toʻlandi","Invoice paid","src/features/staff/assistance/RebillReviewPage.tsx"
"staffOps.rebill.period","Период {period}","Davr {period}","Period {period}","src/features/staff/assistance/RebillReviewPage.tsx"
"staffOps.rebill.precheck","Предпроверка ИИ","SI dastlabki tekshiruvi","AI pre-check","src/features/staff/assistance/RebillReviewPage.tsx"
"staffOps.rebill.precheckDone","Предпроверка ИИ: проверено строк {checked}, спорных {flagged}","SI dastlabki tekshiruvi: tekshirilgan qatorlar {checked}, bahsli {flagged}","AI pre-check: {checked} lines checked, {flagged} questionable","src/features/staff/assistance/RebillReviewPage.tsx"
"staffOps.rebill.rejectLine","Отклонить строку счёта","Hisob qatorini rad etish","Reject invoice line","src/features/staff/assistance/RebillReviewPage.tsx"
"staffOps.rebill.sameAsAcceptor","Счёт принимали вы: оплачивает другой сотрудник","Hisobni siz qabul qilgansiz: uni boshqa xodim toʻlaydi","You accepted this invoice: another employee pays it","src/features/staff/assistance/RebillReviewPage.tsx"
"staffOps.rebills.col.assistance","Ассистанс","Assistans","Assistance company","src/features/staff/assistance/AssistanceBlock.tsx; src/features/staff/assistance/AssistanceCardPage.tsx; src/features/staff/assistance/AssistancesPage.tsx; src/features/staff/assistance/QaPage.tsx; src/features/staff/assistance/RebillsPage.tsx"
"staffOps.rebills.col.due","Проверить до","Tekshirish muddati","Review by","src/features/staff/assistance/RebillsPage.tsx"
"staffOps.rebills.col.flagged","С флагами","Belgilanganlar","Flagged","src/features/staff/assistance/AssistanceCardPage.tsx; src/features/staff/assistance/RebillsPage.tsx"
"staffOps.rebills.empty","Счетов нет","Hisoblar yoʻq","No invoices","src/features/staff/assistance/RebillsPage.tsx"
"staffOps.rebills.subtitle","Куратор проверяет строки с флагами автоматических проверок, бухгалтер оплачивает. Принявший счёт не может его оплатить","Kurator avtomatik tekshiruv belgilari qoʻyilgan qatorlarni tekshiradi, buxgalter toʻlaydi. Hisobni qabul qilgan xodim uni toʻlay olmaydi","The curator reviews lines flagged by automatic checks, the accountant pays. Whoever accepted the invoice cannot pay it","src/features/staff/assistance/RebillsPage.tsx"
"staffOps.rebills.title","Счета ассистансов","Assistanslar hisoblari","Assistance invoices","src/features/staff/assistance/RebillReviewPage.tsx; src/features/staff/assistance/RebillsPage.tsx"
"staffOps.registries.accepted","Принято","Qabul qilingan","Accepted","src/features/staff/clinics/ClinicCardPage.tsx; src/features/staff/clinics/RegistriesPage.tsx; src/features/staff/clinics/RegistryReviewPage.tsx"
"staffOps.registries.claimed","Заявлено","Talab qilingan","Claimed","src/features/staff/clinics/ClinicCardPage.tsx; src/features/staff/clinics/RegistriesPage.tsx; src/features/staff/clinics/RegistryReviewPage.tsx"
"staffOps.registries.col.lines","Строки","Qatorlar","Lines","src/features/staff/clinics/RegistriesPage.tsx"
"staffOps.registries.col.sent","Отправлен","Yuborilgan","Submitted","src/features/staff/clinics/RegistriesPage.tsx"
"staffOps.registries.disputed"," · оспорено {n}"," · eʼtiroz bildirilgan: {n}"," · disputed {n}","src/features/staff/clinics/RegistriesPage.tsx"
"staffOps.registries.pending"," · ждут {n}"," · kutmoqda: {n}"," · pending {n}","src/features/staff/clinics/RegistriesPage.tsx"
"staffOps.registries.source.portal","Кабинет","Kabinet","Portal","src/features/staff/clinics/RegistriesPage.tsx"
"staffOps.registries.tab.paid","Оплачены","Toʻlangan","Paid","src/features/staff/assistance/RebillsPage.tsx; src/features/staff/clinics/RegistriesPage.tsx"
"staffOps.registries.tab.review","На проверке","Tekshiruvda","Under review","src/features/staff/assistance/RebillsPage.tsx; src/features/staff/clinics/RegistriesPage.tsx"
"staffOps.registries.tab.toPay","К оплате","Toʻlovga","To pay","src/features/staff/assistance/RebillsPage.tsx; src/features/staff/clinics/RegistriesPage.tsx"
"staffOps.registries.title","Реестры клиник","Klinikalar reyestrlari","Clinic registers","src/features/staff/clinics/RegistriesPage.tsx; src/features/staff/clinics/RegistryReviewPage.tsx"
"staffOps.registry.accept","Принять","Qabul qilish","Accept","src/features/staff/assistance/RebillReviewPage.tsx; src/features/staff/clinics/RegistryReviewPage.tsx"
"staffOps.registry.acceptLineAria","Принять строку {name}","{name} qatorini qabul qilish","Accept line {name}","src/features/staff/assistance/RebillReviewPage.tsx; src/features/staff/clinics/RegistryReviewPage.tsx"
"staffOps.registry.clinicSays","Клиника: {text}","Klinika: {text}","Clinic: {text}","src/features/staff/clinics/RegistryReviewPage.tsx"
"staffOps.registry.col.gl","ГП","KX","GL","src/features/staff/clinics/RegistryReviewPage.tsx"
"staffOps.registry.col.icd","МКБ-10","XKT-10","ICD-10","src/features/staff/clinics/GuaranteesQueuePage.tsx; src/features/staff/clinics/RegistryReviewPage.tsx"
"staffOps.registry.confirmText","К оплате {amount} — принятые строки. Убытки по ним перейдут в статус «Оплачен».","Toʻlovga {amount} — qabul qilingan qatorlar. Ular boʻyicha zararlar «Toʻlangan» holatiga oʻtadi.","{amount} to pay for accepted lines. Their claims will move to “Paid”.","src/features/staff/clinics/RegistryReviewPage.tsx"
"staffOps.registry.confirmTitle","Оплатить реестр?","Reyestr toʻlansinmi?","Pay the register?","src/features/staff/clinics/RegistryReviewPage.tsx"
"staffOps.registry.crumb","Реестр","Reyestr","Register","src/features/staff/clinics/RegistryReviewPage.tsx"
"staffOps.registry.docTitle","Реестр клиники","Klinika reyestri","Clinic register","src/features/staff/clinics/RegistryReviewPage.tsx"
"staffOps.registry.glNotApproved","ГП не одобрено","Kafolat xati tasdiqlanmagan","GL not approved","src/features/staff/clinics/RegistryReviewPage.tsx"
"staffOps.registry.glOver","больше одобренных {amount}","tasdiqlangan {amount} dan koʻp","exceeds approved {amount}","src/features/staff/clinics/RegistryReviewPage.tsx"
"staffOps.registry.glWithin","в пределах {amount}","{amount} doirasida","within {amount}","src/features/staff/clinics/RegistryReviewPage.tsx"
"staffOps.registry.hasDisputed","Есть оспоренные строки","Eʼtiroz bildirilgan qatorlar bor","Some lines are disputed","src/features/staff/clinics/RegistryReviewPage.tsx"
"staffOps.registry.heading","Реестр {clinic} за {period}","{clinic} reyestri, {period}","{clinic} register for {period}","src/features/staff/clinics/RegistryReviewPage.tsx"
"staffOps.registry.keepDenial","Оставить отказ","Rad etishni qoldirish","Keep denial","src/features/staff/clinics/RegistryReviewPage.tsx"
"staffOps.registry.keepRejection","Оставить отклонение","Rad etishni qoldirish","Keep rejection","src/features/staff/clinics/RegistryReviewPage.tsx"
"staffOps.registry.lineAccepted","Строка принята","Qator qabul qilindi","Line accepted","src/features/staff/assistance/RebillReviewPage.tsx; src/features/staff/clinics/RegistryReviewPage.tsx"
"staffOps.registry.lineRejected","Строка отклонена","Qator rad etildi","Line rejected","src/features/staff/assistance/RebillReviewPage.tsx; src/features/staff/clinics/RegistryReviewPage.tsx"
"staffOps.registry.linesCaption","Строки реестра","Reyestr qatorlari","Register lines","src/features/staff/clinics/RegistryReviewPage.tsx"
"staffOps.registry.paidAt","Дата оплаты","Toʻlov sanasi","Payment date","src/features/staff/clinics/RegistryReviewPage.tsx"
"staffOps.registry.paidToast","Реестр оплачен","Reyestr toʻlandi","Register paid","src/features/staff/clinics/RegistryReviewPage.tsx"
"staffOps.registry.paidTotal","Оплачено","Toʻlangan","Paid","src/features/staff/clinics/RegistryReviewPage.tsx"
"staffOps.registry.pay","Оплатить","Toʻlash","Pay","src/features/staff/assistance/RebillReviewPage.tsx; src/features/staff/clinics/RegistryReviewPage.tsx"
"staffOps.registry.payAmount","Оплатить {amount}","{amount} toʻlash","Pay {amount}","src/features/staff/assistance/RebillReviewPage.tsx; src/features/staff/clinics/RegistryReviewPage.tsx"
"staffOps.registry.rejectLine","Отклонить строку","Qatorni rad etish","Reject line","src/features/staff/clinics/RegistryReviewPage.tsx"
"staffOps.registry.rejectLineAria","Отклонить строку {name}","{name} qatorini rad etish","Reject line {name}","src/features/staff/assistance/RebillReviewPage.tsx; src/features/staff/clinics/RegistryReviewPage.tsx"
"staffOps.registry.rejectedTotal","Отклонено","Rad etilgan","Rejected","src/features/staff/clinics/RegistryReviewPage.tsx"
"staffOps.registry.sentAt","отправлен {date}","yuborilgan: {date}","submitted {date}","src/features/staff/clinics/RegistryReviewPage.tsx"
"staffOps.registry.source.api","API МИС","TAT API","MIS API","src/features/staff/clinics/RegistryReviewPage.tsx"
"staffOps.registry.source.portal","кабинет клиники","klinika kabineti","clinic portal","src/features/staff/clinics/RegistryReviewPage.tsx"
"staffOps.registry.sourceLine","источник: {source}","manba: {source}","source: {source}","src/features/staff/clinics/RegistryReviewPage.tsx"
"staffOps.registry.stillReviewing","Реестр ещё проверяется","Reyestr hali tekshirilmoqda","Register is still under review","src/features/staff/clinics/RegistryReviewPage.tsx"
"v.accountFormat","Расчётный счёт — 20 цифр","Hisob raqami — 20 ta raqam","Settlement account: 20 digits","src/shared/schemas/forms.ts; src/shared/schemas/migration.ts"
"v.adjustmentLabel","Название надбавки или скидки","Ustama yoki chegirma nomi","Name of the loading or discount","src/shared/schemas/forms.ts"
"v.aiQueryRequired","Напишите услугу или лекарство","Xizmat yoki dori nomini yozing","Enter a service or a medicine","src/shared/schemas/forms.ts"
"v.amountAboveZero","Сумма больше нуля","Summa noldan katta boʻlsin","Amount above zero","src/shared/schemas/forms.ts"
"v.amountPositive","Сумма должна быть больше нуля","Summa noldan katta boʻlishi kerak","The amount must be greater than zero","src/shared/schemas/forms.ts"
"v.amountRequired","Укажите сумму","Summani kiriting","Enter the amount","src/shared/schemas/forms.ts"
"v.amountTooLarge","Слишком большая сумма","Summa juda katta","The amount is too large","src/shared/schemas/forms.ts"
"v.appealResolutionMin5","Решение по апелляции: минимум 5 символов","Eʼtiroz boʻyicha qaror: kamida 5 ta belgi","Appeal decision: at least 5 characters","src/shared/schemas/forms.ts"
"v.approveNeedsAmount","Для одобрения нужны amount и validUntil","Tasdiqlash uchun amount va validUntil kerak","Approval requires amount and validUntil","src/shared/integration/schemas.ts"
"v.atLeastOneEmployee","Нужен хотя бы один сотрудник","Kamida bitta xodim kerak","At least one employee is required","src/shared/schemas/forms.ts"
"v.authorityBasis","Основание полномочий","Vakolat asosi","Grounds for authority","src/shared/schemas/forms.ts"
"v.badId","Некорректный идентификатор","Notoʻgʻri identifikator","Invalid identifier","src/shared/schemas/forms.ts"
"v.bankRequired","Укажите банк","Bankni kiriting","Enter the bank","src/shared/schemas/forms.ts"
"v.basisMin5","Опишите основание: минимум 5 символов","Asosni yozing: kamida 5 ta belgi","Describe the grounds: at least 5 characters","src/shared/schemas/forms.ts"
"v.birthDateCheck","Проверьте дату рождения","Tugʻilgan sanani tekshiring","Check the date of birth","src/shared/schemas/forms.ts; src/shared/schemas/migration.ts"
"v.cardFormat","Номер карты: 16 цифр","Karta raqami: 16 ta raqam","Card number: 16 digits","src/mocks/handlers/me.ts; src/shared/schemas/forms.ts"
"v.caseDescMin5","Опишите обращение: минимум 5 символов","Murojaatni yozing: kamida 5 ta belgi","Describe the case: at least 5 characters","src/shared/schemas/forms.ts"
"v.caseResolutionRequired","Для решённого обращения нужно описание решения","Hal qilingan murojaat uchun yechim tavsifi kerak","A resolved case needs a description of the resolution","src/shared/integration/schemas.ts"
"v.caseTypeRequired","Выберите тип обращения","Murojaat turini tanlang","Select the case type","src/shared/schemas/forms.ts"
"v.changeBasisMin5","Опишите основание изменения: минимум 5 символов","Oʻzgartirish asosini yozing: kamida 5 ta belgi","Describe the grounds for the change: at least 5 characters","src/shared/schemas/forms.ts"
"v.clauseMin5","Формулировка: минимум 5 символов","Matn: kamida 5 ta belgi","Wording: at least 5 characters","src/shared/schemas/forms.ts"
"v.commentMin5","Комментарий: минимум 5 символов","Izoh: kamida 5 ta belgi","Comment: at least 5 characters","src/shared/schemas/forms.ts"
"v.commentRequiredMin5","Комментарий обязателен: минимум 5 символов","Izoh majburiy: kamida 5 ta belgi","A comment is required: at least 5 characters","src/shared/schemas/forms.ts"
"v.confidenceRange","От 30 до 95%","30 dan 95% gacha","From 30 to 95%","src/shared/schemas/forms.ts"
"v.contactRequired","Укажите контактное лицо","Aloqa uchun shaxsni kiriting","Enter the contact person","src/shared/schemas/forms.ts"
"v.countRequired","Укажите количество","Sonini kiriting","Enter the number","src/shared/schemas/forms.ts"
"v.dateFormat","Дата в формате ДД.ММ.ГГГГ","Sana KK.OO.YYYY formatida","Date in DD.MM.YYYY format","src/shared/schemas/forms.ts; src/shared/schemas/migration.ts"
"v.dateRequired","Укажите дату","Sanani kiriting","Enter a date","src/shared/schemas/forms.ts"
"v.directorBasis","Например, «Устав»","Masalan, «Ustav»","E.g. “Charter”","src/shared/schemas/forms.ts"
"v.directorRequired","Укажите руководителя","Rahbarni kiriting","Enter the director","src/shared/schemas/forms.ts"
"v.disagreeMin5","Объясните несогласие: минимум 5 символов","Nega rozi emasligingizni tushuntiring: kamida 5 ta belgi","Explain the disagreement: at least 5 characters","src/shared/schemas/forms.ts"
"v.disagreeWhat","Опишите, с чем вы не согласны: минимум {min} символов","Nimaga rozi emasligingizni yozing: kamida {min} ta belgi","Describe what you disagree with: at least {min} characters","src/shared/schemas/forms.ts"
"v.discountRange","Скидка от 0 до 100%","Chegirma 0 dan 100% gacha","Discount from 0 to 100%","src/shared/schemas/forms.ts"
"v.doctorOpinionMin10","Заключение врача: минимум 10 символов","Shifokor xulosasi: kamida 10 ta belgi","Doctor's opinion: at least 10 characters","src/shared/schemas/forms.ts"
"v.edoRequired","Выберите оператора ЭДО","EHA operatorini tanlang","Select an e-document operator","src/shared/schemas/forms.ts"
"v.emailInvalid","Некорректный email","Email notoʻgʻri","Invalid email","src/shared/schemas/forms.ts; src/shared/schemas/migration.ts"
"v.emailRequired","Укажите email","Email kiriting","Enter an email","src/shared/schemas/forms.ts; src/shared/schemas/migration.ts"
"v.endAfterStart","Окончание должно быть позже начала","Tugash sanasi boshlanishdan keyin boʻlishi kerak","The end must be after the start","src/shared/schemas/forms.ts; src/shared/schemas/migration.ts"
"v.endBeforeStart","Окончание раньше начала","Tugash sanasi boshlanishdan oldin","The end is before the start","src/shared/domain/policies.ts; src/shared/schemas/forms.ts"
"v.eventsRequired","Выберите хотя бы одно событие","Kamida bitta hodisani tanlang","Select at least one event","src/shared/integration/schemas.ts"
"v.familyConsentRequired","Подтвердите согласие члена семьи на обработку персональных данных","Oila aʼzosining shaxsiy maʼlumotlarni qayta ishlashga roziligini tasdiqlang","Confirm the family member's consent to the processing of personal data","src/shared/schemas/forms.ts"
"v.familyCount","Число от 0 до 10","0 dan 10 gacha son","A number from 0 to 10",""
"v.feeModelRequired","Выберите модель","Modelni tanlang","Select a model","src/shared/schemas/forms.ts"
"v.feeShare","Доля от 0 до 1, например 0,07","0 dan 1 gacha ulush, masalan 0,07","A share from 0 to 1, e.g. 0.07","src/shared/schemas/forms.ts"
"v.feeValueRequired","Укажите размер","Miqdorni kiriting","Enter the value","src/shared/schemas/forms.ts"
"v.feeWholeUzs","Целая сумма в UZS","Soʻmda butun summa","A whole amount in UZS","src/shared/schemas/forms.ts"
"v.file.mismatch","Содержимое файла не совпадает с его типом","Fayl mazmuni uning turiga mos kelmaydi","The file content does not match its type","src/shared/lib/attachments.ts"
"v.file.tooLarge","Файл больше {mb} МБ","Fayl {mb} MB dan katta","The file is larger than {mb} MB","src/shared/lib/attachments.ts"
"v.file.types","Можно загрузить только PDF, JPEG или PNG","Faqat PDF, JPEG yoki PNG yuklash mumkin","Only PDF, JPEG or PNG files can be uploaded","src/shared/lib/attachments.ts"
"v.fileOver5mb","Файл больше 5 МБ","Fayl 5 MB dan katta","The file is larger than 5 MB","src/shared/schemas/forms.ts"
"v.fioRequired","Укажите ФИО","F.I.Sh.ni kiriting","Enter the full name","src/shared/schemas/forms.ts"
"v.fullNameLatin","ФИО латиницей, как в ID-карте: Фамилия Имя Отчество","F.I.Sh. lotin harflarida, ID-kartadagidek: Familiya Ism Otasining ismi","Full name in Latin script as in the ID card: Surname Given Patronymic","src/shared/schemas/forms.ts"
"v.fullNameRequired","Укажите фамилию, имя и отчество","Familiya, ism va otasining ismini kiriting","Enter the last name, first name and patronymic","src/shared/schemas/forms.ts"
"v.fullNameTwoWords","Укажите фамилию и имя","Familiya va ismni kiriting","Enter the last and first name","src/shared/schemas/forms.ts"
"v.guaranteeNumberFormat","Номер ГП: {example}","Kafolat xati raqami: {example}","Guarantee letter number: {example}","src/shared/integration/schemas.ts"
"v.headcountRequired","Укажите численность","Xodimlar sonini kiriting","Enter the headcount","src/shared/schemas/forms.ts"
"v.icd10Format","Код МКБ-10, например J06.9","XKT-10 kodi, masalan J06.9","ICD-10 code, e.g. J06.9","src/shared/integration/schemas.ts; src/shared/schemas/forms.ts"
"v.innFormat","ИНН — 9 цифр","STIR — 9 ta raqam","TIN: 9 digits","src/shared/schemas/forms.ts; src/shared/schemas/migration.ts"
"v.innRequired","Укажите ИНН","STIRni kiriting","Enter the TIN","src/shared/schemas/forms.ts"
"v.insuredRequired","Выберите застрахованного","Sugʻurtalangan shaxsni tanlang","Choose the insured person","src/shared/schemas/forms.ts"
"v.ipEntry","IP-адрес или подсеть","IP-manzil yoki quyi tarmoq","IP address or subnet","src/shared/integration/schemas.ts"
"v.isoDate","Дата в формате ГГГГ-ММ-ДД","Sana YYYY-OO-KK formatida","Date in YYYY-MM-DD format","src/shared/integration/schemas.ts"
"v.isoDateTime","Дата и время ISO 8601","ISO 8601 formatidagi sana va vaqt","Date and time in ISO 8601","src/shared/integration/schemas.ts"
"v.justificationMin10","Обоснование: минимум 10 символов","Asoslash: kamida 10 ta belgi","Justification: at least 10 characters","src/shared/schemas/forms.ts"
"v.keyPassword","Введите пароль ключа","Kalit parolini kiriting","Enter the key password","src/shared/schemas/forms.ts"
"v.keySerial","Серийный номер ключа","Kalitning seriya raqami","Key serial number","src/shared/schemas/forms.ts"
"v.kpMaxAmount","Не больше 10¹² UZS","Koʻpi bilan 10¹² soʻm","No more than 10¹² UZS","src/shared/schemas/forms.ts"
"v.kpPremiumRequired","Укажите премию","Sugʻurta mukofotini kiriting","Enter the premium","src/shared/schemas/forms.ts"
"v.kpSumInsuredRequired","Укажите страховую сумму","Sugʻurta summasini kiriting","Enter the sum insured","src/shared/schemas/forms.ts"
"v.legalCommentMin5","Комментарий для менеджера: минимум 5 символов","Menejer uchun izoh: kamida 5 ta belgi","Comment for the manager: at least 5 characters","src/shared/schemas/forms.ts"
"v.listRequired","Загрузите список застрахованных","Sugʻurtalanganlar roʻyxatini yuklang","Upload the member list","src/shared/schemas/forms.ts"
"v.max","Не больше {max}","Koʻpi bilan {max}","At most {max}","src/shared/schemas/forms.ts"
"v.max200Requests","Не больше 200 заявок за раз","Bir martada koʻpi bilan 200 ta ariza","No more than 200 requests at a time","src/shared/schemas/forms.ts"
"v.max90Days","Не больше 90 дней","Koʻpi bilan 90 kun","No more than 90 days","src/shared/schemas/forms.ts"
"v.maxAddresses","Не больше 20 адресов","Koʻpi bilan 20 ta manzil","No more than 20 addresses","src/shared/integration/schemas.ts"
"v.maxLines","Не больше {max} строк","Koʻpi bilan {max} ta qator","No more than {max} lines","src/shared/schemas/forms.ts"
"v.messageRequired","Напишите сообщение","Xabar yozing","Write a message","src/shared/schemas/forms.ts"
"v.mfoFormat","МФО — 5 цифр","MFO — 5 ta raqam","Bank code (MFO): 5 digits","src/shared/schemas/forms.ts; src/shared/schemas/migration.ts"
"v.min","Не меньше {min}","Kamida {min}","At least {min}","src/shared/schemas/forms.ts; src/shared/schemas/migration.ts"
"v.minOneDay","Не меньше 1 дня","Kamida 1 kun","At least 1 day","src/shared/schemas/forms.ts"
"v.noChanges","Нет изменений","Oʻzgarishlar yoʻq","No changes","src/shared/schemas/forms.ts"
"v.notLonger","Не длиннее {max} символов","{max} ta belgidan uzun boʻlmasin","No longer than {max} characters","src/shared/schemas/forms.ts"
"v.notNegative","Не меньше нуля","Noldan kam emas","Not less than zero","src/shared/schemas/forms.ts"
"v.nothingToChange","Нечего менять","Oʻzgartiradigan narsa yoʻq","Nothing to change","src/shared/schemas/forms.ts"
"v.numberRequired","Введите число","Son kiriting","Enter a number","src/shared/config/dmsParameters.ts; src/shared/schemas/forms.ts"
"v.objectionMin5","Опишите возражение: минимум 5 символов","Eʼtirozni yozing: kamida 5 ta belgi","Describe the objection: at least 5 characters","src/shared/schemas/forms.ts"
"v.opinionMin10","Заключение: минимум 10 символов","Xulosa: kamida 10 ta belgi","Opinion: at least 10 characters","src/shared/schemas/forms.ts"
"v.orderNumberRequired","Укажите номер платёжного поручения","Toʻlov topshiriqnomasi raqamini kiriting","Enter the payment order number","src/shared/schemas/forms.ts"
"v.otpFormat","Код — 6 цифр","Kod — 6 ta raqam","Code: 6 digits","src/shared/schemas/forms.ts"
"v.passwordRequired","Укажите пароль","Parolni kiriting","Enter the password","src/shared/schemas/forms.ts"
"v.pctMax","Не больше +200%","Koʻpi bilan +200%","No more than +200%","src/shared/schemas/forms.ts"
"v.pctMin","Не больше −90%","Koʻpi bilan −90%","No more than −90%","src/shared/schemas/forms.ts"
"v.pctRequired","Укажите процент","Foizni kiriting","Enter the percentage","src/shared/schemas/forms.ts"
"v.periodFormat","Период ГГГГ-ММ","Davr YYYY-OO","Period YYYY-MM","src/shared/integration/schemas.ts; src/shared/schemas/forms.ts"
"v.phoneFormat","Номер в формате +998 XX XXX XX XX","Raqam +998 XX XXX XX XX formatida","Number in +998 XX XXX XX XX format","src/shared/schemas/forms.ts"
"v.phoneRequired","Укажите номер","Raqamni kiriting","Enter a number","src/shared/schemas/forms.ts"
"v.pinflFormat","ПИНФЛ — 14 цифр","JShShIR — 14 ta raqam","PINFL: 14 digits","src/shared/integration/schemas.ts; src/shared/schemas/forms.ts"
"v.pinflRequired","Укажите ПИНФЛ","JShShIRni kiriting","Enter the PINFL","src/shared/schemas/forms.ts"
"v.policyNumberFormat","Номер полиса: {example}","Polis raqami: {example}","Policy number: {example}","src/shared/integration/schemas.ts"
"v.position","Должность","Lavozim","Position","src/shared/schemas/forms.ts"
"v.principalForEmployee","У сотрудника principal_pinfl не заполняется","Xodim uchun principal_pinfl toʻldirilmaydi","Leave principal_pinfl empty for an employee","src/shared/schemas/forms.ts; src/shared/schemas/migration.ts"
"v.principalRequired","Укажите ПИНФЛ сотрудника (principal_pinfl)","Xodimning JShShIRini koʻrsating (principal_pinfl)","Specify the employee's PINFL (principal_pinfl)","src/shared/schemas/forms.ts; src/shared/schemas/migration.ts"
"v.programRequired","Выберите программу","Dasturni tanlang","Select an insurance plan","src/shared/schemas/forms.ts"
"v.providerRequired","Укажите, где оплачивали","Qayerda toʻlaganingizni koʻrsating","Specify where you paid","src/shared/schemas/forms.ts"
"v.reasonMin10","Опишите причину: минимум 10 символов","Sababni yozing: kamida 10 ta belgi","Describe the reason: at least 10 characters","src/shared/schemas/forms.ts"
"v.reasonMin5","Укажите причину: минимум 5 символов","Sababni koʻrsating: kamida 5 ta belgi","Give a reason: at least 5 characters","src/shared/schemas/forms.ts; src/shared/schemas/migration.ts"
"v.reasonOrOpinion","Укажите причину или заключение","Sabab yoki xulosani koʻrsating","Give a reason or an opinion","src/shared/integration/schemas.ts"
"v.reasonRequired","Укажите причину","Sababni koʻrsating","Give a reason","src/shared/schemas/forms.ts"
"v.rejectReasonGiven","Укажите причину отклонения","Rad etish sababini koʻrsating","Give a reason for the rejection","src/shared/integration/schemas.ts"
"v.rejectReasonRequired","Для отказа укажите причину","Rad etish uchun sababni koʻrsating","Give a reason for the denial","src/shared/schemas/forms.ts"
"v.relation","Укажите, кем приходится: employee, spouse, child, parent или other","Kim boʻlishini koʻrsating: employee, spouse, child, parent yoki other","Specify the relation: employee, spouse, child, parent or other","src/shared/schemas/forms.ts; src/shared/schemas/migration.ts"
"v.required","Заполните поле","Maydonni toʻldiring","Fill in this field","src/shared/schemas/forms.ts; src/shared/schemas/migration.ts"
"v.reserveReasonMin5","Причина изменения резерва: минимум 5 символов","Zaxirani oʻzgartirish sababi: kamida 5 ta belgi","Reason for the reserve change: at least 5 characters","src/shared/schemas/forms.ts"
"v.resolutionMin5","Опишите решение: минимум 5 символов","Yechimni yozing: kamida 5 ta belgi","Describe the resolution: at least 5 characters","src/shared/schemas/forms.ts"
"v.resolutionRequired","Опишите решение","Yechimni yozing","Describe the resolution","src/shared/schemas/forms.ts"
"v.roleRequired","Выберите роль","Rolni tanlang","Select a role","src/shared/schemas/forms.ts"
"v.scopesRequired","Выберите хотя бы одну область доступа","Kamida bitta ruxsat sohasini tanlang","Select at least one access scope","src/shared/integration/schemas.ts"
"v.selectInvoice","Выберите счёт","Hisobni tanlang","Select an invoice","src/shared/domain/payments.ts; src/shared/schemas/forms.ts"
"v.selectLines","Выберите строки","Qatorlarni tanlang","Select lines","src/shared/schemas/forms.ts"
"v.selectRequests","Выберите заявки","Arizalarni tanlang","Select requests","src/shared/schemas/forms.ts"
"v.serviceCodeFormat","Код услуги из прайса, например TH-101","Narxlar roʻyxatidagi xizmat kodi, masalan TH-101","Service code from the price list, e.g. TH-101","src/shared/integration/schemas.ts"
"v.serviceRequired","Выберите услугу","Xizmatni tanlang","Select a service","src/shared/schemas/forms.ts"
"v.signatoryBasis","Основание: например, «Доверенность № 14 от 05.01.2026»","Asos: masalan, «05.01.2026 dagi 14-son ishonchnoma»","Grounds: e.g. “Power of attorney No. 14 of 05.01.2026”","src/shared/schemas/forms.ts"
"v.signerName","ФИО подписанта","Imzolovchining F.I.Sh.","Signatory's full name","src/shared/schemas/forms.ts"
"v.specialtiesRequired","Выберите специальности","Mutaxassisliklarni tanlang","Select specialties","src/shared/schemas/forms.ts"
"v.tariffRequired","Укажите тариф","Tarifni kiriting","Enter the rate","src/shared/schemas/forms.ts"
"v.tariffTooLarge","Слишком большой тариф","Tarif juda katta","The rate is too high","src/shared/schemas/forms.ts"
"v.termRequired","Укажите срок","Muddatni kiriting","Enter the term","src/shared/schemas/forms.ts"
"v.terminationReasonMin5","Причина расторжения: минимум 5 символов","Bekor qilish sababi: kamida 5 ta belgi","Termination reason: at least 5 characters","src/shared/schemas/forms.ts"
"v.tooLong","Не больше {max} символов","{max} ta belgidan oshmasin","No more than {max} characters","src/shared/config/dmsParameters.ts; src/shared/integration/schemas.ts; src/shared/schemas/forms.ts; src/shared/schemas/migration.ts"
"v.tooShort","Минимум {min} символов","Kamida {min} ta belgi","At least {min} characters","src/shared/integration/schemas.ts; src/shared/schemas/forms.ts; src/shared/schemas/migration.ts"
"v.unknownParam","Неизвестный параметр","Nomaʼlum parametr","Unknown parameter","src/shared/schemas/forms.ts"
"v.url.domainOrIp","Укажите доменное имя или публичный IP-адрес","Domen nomi yoki ommaviy IP-manzilni kiriting","Enter a domain name or a public IP address","src/shared/integration/schemas.ts"
"v.url.full","Укажите полный адрес, например https://clinic.uz/hook","Toʻliq manzilni kiriting, masalan https://clinic.uz/hook","Enter the full address, e.g. https://clinic.uz/hook","src/shared/integration/schemas.ts"
"v.url.hostRequired","Укажите адрес сервера","Server manzilini kiriting","Enter the server address","src/shared/integration/schemas.ts"
"v.url.https","Адрес должен начинаться с https://","Manzil https:// bilan boshlanishi kerak","The address must start with https://","src/shared/integration/schemas.ts"
"v.url.noCredentials","Адрес не должен содержать логин или пароль","Manzilda login yoki parol boʻlmasligi kerak","The address must not contain a login or password","src/shared/integration/schemas.ts"
"v.url.noInternal","Адреса внутренних сетей запрещены","Ichki tarmoq manzillari taqiqlangan","Internal network addresses are not allowed","src/shared/integration/schemas.ts"
"v.url.noLocalNetwork","Адреса локальной сети запрещены","Mahalliy tarmoq manzillari taqiqlangan","Local network addresses are not allowed","src/shared/integration/schemas.ts"
"v.url.noLocalhost","Адреса localhost запрещены","localhost manzillari taqiqlangan","localhost addresses are not allowed","src/shared/integration/schemas.ts"
"v.validUntilPast","Срок действия не может быть в прошлом","Amal qilish muddati oʻtmishda boʻlishi mumkin emas","The validity period cannot be in the past","src/shared/schemas/forms.ts"
"v.verdictRequired","Выберите оценку","Bahoni tanlang","Select a verdict","src/shared/schemas/forms.ts"
"v.wholeAmount","Целая сумма","Butun summa","Whole amount","src/shared/schemas/forms.ts"
"v.wholeAmounts","Только целые суммы","Faqat butun summalar","Whole amounts only","src/shared/schemas/forms.ts"
"v.wholeNumber","Только целое число","Faqat butun son","Whole number only","src/shared/schemas/forms.ts"
"help.guide.about","О системе","Tizim haqida","About the system","docs/help"
"help.guide.getting-started","Начало работы","Ishni boshlash","Getting started","docs/help"
"help.guide.glossary","Словарь терминов и сокращений","Atamalar va qisqartmalar lugʻati","Glossary of terms and abbreviations","docs/help"
"help.guide.roles","Роли и права","Rollar va huquqlar","Roles and permissions","docs/help"
"help.guide.new-client","Новый клиент: от лида до договора","Yangi mijoz: liddan shartnomagacha","New client: from lead to contract","docs/help"
"help.guide.signing","Подписание, оплата и выпуск полиса","Imzolash, toʻlov va polisni chiqarish","Signing, payment and policy issue","docs/help"
"help.guide.servicing","Сопровождение договора","Shartnomaga xizmat koʻrsatish","Contract servicing","docs/help"
"help.guide.medical","Медицинское обслуживание","Tibbiy xizmat koʻrsatish","Medical services","docs/help"
"help.guide.clinics","Клиники и реестры","Klinikalar va reyestrlar","Clinics and registers","docs/help"
"help.guide.assistance","Ассистанс: обслуживание, счета МИГ, контроль качества","Assistans: xizmat koʻrsatish, MIG hisoblari, sifat nazorati","Assistance: servicing, invoices to MIG, quality control","docs/help"
"help.guide.claims","Урегулирование убытков","Zararlarni tartibga solish","Claims settlement","docs/help"
"help.guide.finance","Финансы: счета, оплаты, выписка 1С","Moliya: hisoblar, toʻlovlar, 1C koʻchirmasi","Finance: invoices, payments, 1C statement","docs/help"
"help.guide.staff-roles","Руководства по ролям МИГ","MIG rollari uchun qoʻllanmalar","Guides for MIG roles","docs/help"
"help.guide.portal-guides","Руководства для HR, застрахованных, клиник и ассистансов","HR, sugʻurtalanganlar, klinikalar va assistanslar uchun qoʻllanmalar","Guides for HR, insured persons, clinics and assistance companies","docs/help"
"help.guide.administration","Администрирование","Maʼmuriyat","Administration","docs/help"
"help.guide.portfolio-migration","Перенос действующего портфеля","Amaldagi portfelni koʻchirish","Transfer of the active portfolio","docs/help"
"help.guide.troubleshooting","Что делать, если…","Agar… boʻlsa, nima qilish kerak","What to do if…","docs/help"
"help.guide.security","Безопасность и конфиденциальность","Xavfsizlik va maxfiylik","Security and privacy","docs/help"
"help.guide.statuses","Справочник статусов","Holatlar maʼlumotnomasi","Status reference","docs/help"
"help.guide.demo","Демо-версия прототипа","Prototipning demo versiyasi","Demo version of the prototype","docs/help"
